Код товара,Название,Класс ABC,Класс XYZ,Группа,Рекомендация,Кандидат на вывод,Выручка,Выручка год назад,Выручка 1-9 декабря 2011,Количество,Заказы,Покупатели,Активные месяцы,CV,Средняя цена,Ранг по выручке,"Доля ассортимента накопительно, %","Доля выручки накопительно, %",Новый,Сезонный,Продажи прекратились,Зависит от одного клиента,В линейке,Класс ABC год назад,Первая продажа,Последняя продажа
22423,REGENCY CAKESTAND 3 TIER,A,X,AX,Оставить,нет,162609.57,151475.68,5930.37,12923,1851,861,12,0.3,12.58,1,0.03,1.74,нет,нет,нет,нет,нет,A,2010-03-01,2011-11-01
47566,PARTY BUNTING,A,Y,AY,Оставить: сезонный спрос,нет,97692.0,48835.85,918.48,17954,1646,704,12,0.63,5.44,2,0.05,2.78,нет,да,нет,нет,да,A,2009-12-01,2011-11-01
85123A,WHITE HANGING HEART T-LIGHT HOLDER,A,X,AX,Оставить,нет,95590.05,151148.4,2314.73,33883,2175,848,12,0.358,2.82,3,0.08,3.8,нет,нет,нет,нет,нет,A,2009-12-01,2011-11-01
85099B,JUMBO BAG RED RETROSPOT,A,X,AX,Оставить,нет,90416.85,87420.02,2204.02,46384,2024,623,12,0.318,1.95,4,0.11,4.77,нет,нет,нет,нет,да,A,2009-12-01,2011-11-01
23084,RABBIT NIGHT LIGHT,A,Z,AZ,Оставить,нет,57179.17,0.0,9628.46,26405,864,412,7,1.909,2.17,5,0.13,5.38,нет,нет,нет,нет,нет,не продавался,2011-05-01,2011-11-01
22086,PAPER CHAIN KIT 50'S CHRISTMAS,A,Z,AZ,Оставить: сезонный спрос,нет,56967.18,52627.6,6867.76,16834,1036,589,12,1.59,3.38,6,0.16,5.99,нет,да,нет,нет,нет,A,2009-12-01,2011-11-01
84879,ASSORTED COLOUR BIRD ORNAMENT,A,X,AX,Оставить,нет,56715.87,69747.86,2162.74,35003,1405,665,12,0.495,1.62,7,0.18,6.6,нет,нет,нет,нет,нет,A,2009-12-01,2011-11-01
79321,CHILLI LIGHTS,A,Y,AY,Оставить,нет,51102.07,26297.97,2639.74,9759,626,201,12,0.685,5.24,8,0.21,7.14,нет,нет,нет,нет,нет,A,2009-12-01,2011-11-01
22197,SMALL POPCORN HOLDER,A,Y,AY,Оставить: сезонный спрос,нет,45745.42,28165.33,5423.8,50456,1324,397,12,0.699,0.91,9,0.24,7.63,нет,да,нет,нет,нет,A,2009-12-01,2011-11-01
23298,SPOTTY BUNTING,A,Y,AY,Оставить,нет,42348.67,0.0,764.86,8321,1109,565,7,0.947,5.09,10,0.26,8.09,нет,нет,нет,нет,нет,не продавался,2011-05-01,2011-11-01
22386,JUMBO BAG PINK POLKADOT,A,X,AX,Оставить: сезонный спрос,нет,40713.07,33707.91,926.32,20545,1187,368,12,0.498,1.98,11,0.29,8.52,нет,да,нет,нет,нет,A,2010-01-01,2011-11-01
23203,JUMBO BAG VINTAGE DOILY,A,Y,AY,Оставить,нет,40041.48,0.0,1172.58,19468,1181,502,7,0.933,2.06,12,0.32,8.95,нет,нет,нет,нет,нет,не продавался,2011-05-01,2011-11-01
22720,SET OF 3 CAKE TINS PANTRY DESIGN,A,Y,AY,Оставить,нет,36819.09,0.0,1088.15,7271,1330,631,12,0.585,5.06,13,0.34,9.34,нет,нет,нет,нет,нет,не продавался,2010-12-01,2011-11-01
22960,JAM MAKING SET WITH JARS,A,X,AX,Оставить,нет,35453.85,1252.98,1255.28,8347,1081,560,12,0.274,4.25,14,0.37,9.72,нет,нет,нет,нет,нет,B,2010-11-01,2011-11-01
23284,DOORMAT KEEP CALM AND COME IN,A,Z,AZ,Оставить,нет,35014.67,0.0,1558.22,5082,679,365,8,1.064,6.89,15,0.4,10.1,нет,нет,нет,нет,нет,не продавался,2011-04-01,2011-11-01
21137,BLACK RECORD COVER FRAME,A,Y,AY,Оставить,нет,35005.95,24555.91,5582.43,10065,337,134,12,0.778,3.48,16,0.42,10.47,нет,нет,нет,нет,нет,A,2009-12-01,2011-11-01
20725,LUNCH BAG RED RETROSPOT,A,X,AX,Оставить: сезонный спрос,нет,34303.26,34695.43,776.35,18500,1508,522,12,0.285,1.85,17,0.45,10.84,нет,да,нет,нет,нет,A,2009-12-01,2011-11-01
82484,WOOD BLACK BOARD ANT WHITE FINISH,A,Y,AY,Оставить,нет,33513.04,20707.86,2326.68,5604,647,275,12,0.608,5.98,18,0.48,11.19,нет,нет,нет,нет,нет,A,2010-04-01,2011-11-01
85099F,JUMBO BAG STRAWBERRY,A,Y,AY,Оставить,нет,31768.33,36249.13,577.57,16758,801,311,12,0.509,1.9,19,0.5,11.53,нет,нет,нет,нет,да,A,2009-12-01,2011-11-01
22469,HEART OF WICKER SMALL,A,Y,AY,Оставить,нет,31621.17,16646.71,297.78,17676,1167,566,12,0.53,1.79,20,0.53,11.87,нет,нет,нет,нет,нет,A,2010-04-01,2011-11-01
22178,VICTORIAN GLASS HANGING T-LIGHT,A,X,AX,Оставить,нет,31057.16,18588.96,1767.66,23121,987,391,12,0.327,1.34,21,0.55,12.2,нет,нет,нет,нет,нет,A,2009-12-01,2011-11-01
22470,HEART OF WICKER LARGE,A,Y,AY,Оставить,нет,29745.21,22574.32,341.1,9777,898,483,12,0.683,3.04,22,0.58,12.52,нет,нет,нет,нет,нет,A,2010-04-01,2011-11-01
21931,JUMBO STORAGE BAG SUKI,A,X,AX,Оставить,нет,29369.42,30373.34,842.36,12965,1140,325,12,0.245,2.27,23,0.61,12.84,нет,нет,нет,нет,нет,A,2009-12-01,2011-11-01
23245,SET OF 3 REGENCY CAKE TINS,A,Z,AZ,Наблюдать: новый товар,нет,29318.41,0.0,1679.29,6047,819,455,6,1.062,4.85,24,0.63,13.15,да,нет,нет,нет,нет,не продавался,2011-06-01,2011-11-01
22910,PAPER CHAIN KIT VINTAGE CHRISTMAS,A,Z,AZ,Оставить: сезонный спрос,нет,29300.13,25501.61,2760.61,9435,729,442,12,1.423,3.11,25,0.66,13.46,нет,да,нет,нет,нет,A,2010-09-01,2011-11-01
22112,CHOCOLATE HOT WATER BOTTLE,A,Z,AZ,Оставить: сезонный спрос,нет,29254.34,25120.71,3470.24,5418,790,375,12,1.105,5.4,26,0.69,13.78,нет,да,нет,нет,нет,A,2009-12-01,2011-11-01
22114,HOT WATER BOTTLE TEA AND SYMPATHY,A,Z,AZ,Оставить: сезонный спрос,нет,29100.04,25734.55,3734.8,5096,575,312,8,1.447,5.71,27,0.71,14.09,нет,да,нет,нет,нет,A,2009-12-01,2011-11-01
23199,JUMBO BAG APPLES,A,Y,AY,Оставить,нет,28743.43,0.0,572.5,14036,939,338,8,0.822,2.05,28,0.74,14.39,нет,нет,нет,нет,нет,не продавался,2011-04-01,2011-11-01
22699,ROSES REGENCY TEACUP AND SAUCER,A,X,AX,Оставить,нет,27445.84,9024.08,1030.03,9332,1022,418,12,0.364,2.94,29,0.77,14.69,нет,нет,нет,нет,нет,A,2010-08-01,2011-11-01
20685,DOORMAT RED RETROSPOT,A,Y,AY,Оставить,нет,26942.31,38004.98,656.06,3937,670,321,12,0.575,6.84,30,0.79,14.97,нет,нет,нет,нет,нет,A,2009-12-01,2011-11-01
85099C,JUMBO  BAG BAROQUE BLACK WHITE,A,X,AX,Оставить,нет,26916.11,31036.54,635.95,13362,895,300,12,0.318,2.01,31,0.82,15.26,нет,нет,нет,нет,да,A,2009-12-01,2011-11-01
22411,JUMBO SHOPPER VINTAGE RED PAISLEY,A,X,AX,Оставить,нет,26894.19,28245.86,1083.16,11729,1127,365,12,0.432,2.29,32,0.85,15.55,нет,нет,нет,нет,нет,A,2010-01-01,2011-11-01
22355,CHARLOTTE BAG SUKI DESIGN,A,X,AX,Оставить,нет,26813.63,16112.36,2351.52,16873,848,244,12,0.234,1.59,33,0.87,15.84,нет,нет,нет,нет,нет,A,2009-12-01,2011-11-01
22727,ALARM CLOCK BAKELIKE RED,A,Y,AY,Оставить: сезонный спрос,нет,26774.22,5793.9,3806.9,6725,987,380,12,0.527,3.98,34,0.9,16.12,нет,да,нет,нет,нет,A,2010-09-01,2011-11-01
23201,JUMBO BAG ALPHABET,A,Y,AY,Оставить,нет,25787.59,0.0,1262.78,12293,859,388,8,0.795,2.1,35,0.92,16.4,нет,нет,нет,нет,нет,не продавался,2011-04-01,2011-11-01
22457,NATURAL SLATE HEART CHALKBOARD,A,X,AX,Оставить,нет,25281.9,19152.07,2671.36,8178,1202,573,12,0.163,3.09,36,0.95,16.67,нет,нет,нет,нет,нет,A,2010-03-01,2011-11-01
22726,ALARM CLOCK BAKELIKE GREEN,A,Y,AY,Оставить: сезонный спрос,нет,25267.55,5397.79,1816.48,6022,920,313,12,0.587,4.2,37,0.98,16.94,нет,да,нет,нет,нет,A,2010-09-01,2011-11-01
21915,RED  HARMONICA IN BOX,A,Y,AY,Оставить: сезонный спрос,нет,25044.38,15404.46,1189.7,20733,655,347,12,0.599,1.21,38,1.0,17.21,нет,да,нет,нет,нет,A,2009-12-01,2011-11-01
22629,SPACEBOY LUNCH BOX,A,X,AX,Оставить,нет,24934.6,12213.08,784.42,13822,865,316,12,0.357,1.8,39,1.03,17.47,нет,нет,нет,нет,нет,A,2010-07-01,2011-11-01
48138,DOORMAT UNION FLAG,A,Y,AY,Оставить,нет,24745.61,41301.79,616.49,3653,588,303,12,0.623,6.77,40,1.06,17.74,нет,нет,нет,нет,нет,A,2009-12-01,2011-11-01
23355,HOT WATER BOTTLE KEEP CALM,A,Z,AZ,Наблюдать: новый товар,нет,24585.12,0.0,3974.68,5100,689,454,4,1.765,4.82,41,1.08,18.0,да,нет,нет,нет,нет,не продавался,2011-08-01,2011-11-01
84946,ANTIQUE SILVER TEA GLASS ETCHED,A,X,AX,Оставить: сезонный спрос,нет,24521.11,23191.88,955.74,18192,854,401,12,0.412,1.35,42,1.11,18.26,нет,да,нет,нет,нет,A,2009-12-01,2011-11-01
22666,RECIPE BOX PANTRY YELLOW DESIGN,A,Y,AY,Оставить: сезонный спрос,нет,24293.81,7287.17,1662.89,7687,1065,466,12,0.503,3.16,43,1.14,18.52,нет,да,нет,нет,нет,A,2010-07-01,2011-11-01
23173,REGENCY TEAPOT ROSES,A,Z,AZ,Оставить,нет,24197.02,0.0,476.56,2702,400,244,7,1.189,8.96,44,1.16,18.78,нет,нет,нет,нет,нет,не продавался,2011-05-01,2011-11-01
21621,VINTAGE UNION JACK BUNTING,A,Y,AY,Оставить,нет,23990.7,35556.21,280.13,2725,458,258,12,0.72,8.8,45,1.19,19.04,нет,нет,нет,нет,нет,A,2009-12-01,2011-11-01
22722,SET OF 6 SPICE TINS PANTRY DESIGN,A,Y,AY,Оставить,нет,23869.95,0.0,499.16,5849,796,381,11,0.599,4.08,46,1.22,19.29,нет,нет,нет,нет,нет,не продавался,2010-12-01,2011-11-01
48187,DOORMAT NEW ENGLAND,A,Y,AY,Оставить,нет,23761.14,22235.71,323.1,3762,583,306,12,0.699,6.32,47,1.24,19.55,нет,нет,нет,нет,нет,A,2009-12-01,2011-11-01
84347,ROTATING SILVER ANGELS T-LIGHT HLDR,A,Z,AZ,Оставить: сезонный спрос,нет,23714.6,29041.12,2695.68,8564,400,178,12,1.48,2.77,48,1.27,19.8,нет,да,нет,нет,нет,A,2009-12-01,2011-11-01
22961,JAM MAKING SET PRINTED,A,X,AX,Оставить,нет,23619.82,1247.75,1731.56,15156,1118,529,12,0.339,1.56,49,1.29,20.05,нет,нет,нет,нет,нет,B,2010-07-01,2011-11-01
21181,PLEASE ONE PERSON METAL SIGN,A,Y,AY,Оставить,нет,23546.96,24718.86,1514.12,11479,788,348,11,0.76,2.05,50,1.32,20.3,нет,нет,нет,нет,нет,A,2009-12-01,2011-11-01
22326,ROUND SNACK BOXES SET OF4 WOODLAND,A,X,AX,Оставить,нет,23502.22,19860.42,806.6,8244,699,268,12,0.323,2.85,51,1.35,20.56,нет,нет,нет,нет,нет,A,2010-01-01,2011-11-01
15056N,EDWARDIAN PARASOL NATURAL,A,X,AX,Оставить,нет,22980.18,36366.23,513.84,3952,526,181,12,0.496,5.81,52,1.37,20.8,нет,нет,нет,нет,да,A,2009-12-01,2011-11-01
23243,SET OF TEA COFFEE SUGAR TINS PANTRY,A,Z,AZ,Наблюдать: новый товар,нет,22972.14,0.0,363.23,4696,448,269,6,1.465,4.89,53,1.4,21.05,да,нет,нет,нет,нет,не продавался,2011-06-01,2011-11-01
21731,RED TOADSTOOL LED NIGHT LIGHT,A,Y,AY,Оставить,нет,22636.93,23247.51,982.85,13316,799,251,12,0.501,1.7,54,1.43,21.29,нет,нет,нет,нет,нет,A,2009-12-01,2011-11-01
21175,GIN + TONIC DIET METAL SIGN,A,Y,AY,Оставить,нет,22543.87,16796.31,724.9,9905,777,335,12,0.738,2.28,55,1.45,21.53,нет,нет,нет,нет,нет,A,2009-12-01,2011-11-01
22138,BAKING SET 9 PIECE RETROSPOT,A,Y,AY,Оставить,нет,22408.66,19271.54,1352.11,4570,873,561,12,0.785,4.9,56,1.48,21.77,нет,нет,нет,нет,нет,A,2009-12-01,2011-11-01
21623,VINTAGE UNION JACK MEMOBOARD,A,Z,AZ,Оставить,нет,22362.04,22032.19,588.35,3199,209,132,12,1.376,6.99,57,1.51,22.01,нет,нет,нет,да,нет,A,2010-02-01,2011-11-01
21929,JUMBO BAG PINK VINTAGE PAISLEY,A,X,AX,Оставить,нет,22351.49,26043.48,369.65,10557,834,306,12,0.415,2.12,58,1.53,22.25,нет,нет,нет,нет,нет,A,2009-12-01,2011-11-01
21733,RED HANGING HEART T-LIGHT HOLDER,A,Y,AY,Оставить: сезонный спрос,нет,22311.05,26281.1,759.39,7555,703,372,12,0.749,2.95,59,1.56,22.49,нет,да,нет,нет,нет,A,2009-12-01,2011-11-01
22090,PAPER BUNTING RETROSPOT,A,Y,AY,Оставить,нет,22221.73,26451.09,340.38,7371,776,318,12,0.589,3.01,60,1.59,22.72,нет,нет,нет,нет,нет,A,2009-12-01,2011-11-01
22111,SCOTTIE DOG HOT WATER BOTTLE,A,Z,AZ,Оставить: сезонный спрос,нет,22198.63,24919.95,1833.91,4221,709,414,12,1.124,5.26,61,1.61,22.96,нет,да,нет,нет,нет,A,2009-12-01,2011-11-01
82482,WOODEN PICTURE FRAME WHITE FINISH,A,X,AX,Оставить,нет,22052.72,18071.79,491.94,8617,1062,403,12,0.31,2.56,62,1.64,23.2,нет,нет,нет,нет,нет,A,2009-12-01,2011-11-01
22189,CREAM HEART CARD HOLDER,A,Y,AY,Оставить,нет,21963.64,25734.77,1436.63,7870,501,269,12,0.838,2.79,63,1.66,23.43,нет,нет,нет,да,нет,A,2009-12-01,2011-11-01
22383,LUNCH BAG SUKI  DESIGN,A,X,AX,Оставить: сезонный спрос,нет,21893.84,20693.76,394.7,12225,1247,432,12,0.341,1.79,64,1.69,23.67,нет,да,нет,нет,нет,A,2010-01-01,2011-11-01
48194,DOORMAT HEARTS,A,Y,AY,Оставить,нет,21810.76,26540.02,287.76,3384,576,282,12,0.727,6.45,65,1.72,23.9,нет,нет,нет,нет,нет,A,2009-12-01,2011-11-01
84997D,PINK 3 PIECE MINI DOTS CUTLERY SET,A,Y,AY,Оставить,нет,21702.41,20451.53,593.58,5260,522,236,12,0.506,4.13,66,1.74,24.13,нет,нет,нет,нет,да,A,2009-12-01,2011-11-01
22139,RETROSPOT TEA SET CERAMIC 11 PC,A,Y,AY,Оставить,нет,21665.41,28333.05,1143.45,4307,908,470,12,0.527,5.03,67,1.77,24.36,нет,нет,нет,нет,нет,A,2009-12-01,2011-11-01
20727,LUNCH BAG  BLACK SKULL.,A,X,AX,Оставить,нет,21557.47,21740.91,680.59,11816,1221,451,12,0.356,1.82,68,1.8,24.59,нет,нет,нет,нет,нет,A,2009-12-01,2011-11-01
20713,JUMBO BAG OWLS,A,Y,AY,Оставить,нет,21529.9,17304.79,1055.36,10675,621,199,10,0.642,2.02,69,1.82,24.82,нет,нет,нет,нет,нет,A,2009-12-01,2011-11-01
22697,GREEN REGENCY TEACUP AND SAUCER,A,X,AX,Оставить,нет,21470.72,7556.35,1015.63,6860,972,381,12,0.201,3.13,70,1.85,25.05,нет,нет,нет,нет,нет,A,2010-08-01,2011-11-01
20728,LUNCH BAG CARS BLUE,A,X,AX,Оставить,нет,21360.27,19288.22,264.96,11621,1115,471,12,0.361,1.84,71,1.88,25.28,нет,нет,нет,нет,нет,A,2009-12-01,2011-11-01
20712,JUMBO BAG WOODLAND ANIMALS,A,X,AX,Оставить,нет,21238.51,15406.95,443.38,9385,833,238,12,0.41,2.26,72,1.9,25.51,нет,нет,нет,нет,нет,A,2009-12-01,2011-11-01
21523,DOORMAT FANCY FONT HOME SWEET HOME,A,Y,AY,Оставить,нет,21109.85,24482.48,444.14,3188,480,196,12,0.707,6.62,73,1.93,25.73,нет,нет,нет,нет,нет,A,2009-12-01,2011-11-01
23344,JUMBO BAG 50'S CHRISTMAS,A,Z,AZ,Наблюдать: новый товар,нет,21065.12,0.0,2045.15,8950,639,373,6,1.632,2.35,74,1.96,25.96,да,нет,нет,нет,нет,не продавался,2011-06-01,2011-11-01
22630,DOLLY GIRL LUNCH BOX,A,X,AX,Оставить,нет,20896.98,11767.14,392.11,11401,820,284,12,0.396,1.83,75,1.98,26.18,нет,нет,нет,нет,нет,A,2010-07-01,2011-11-01
85066,CREAM SWEETHEART MINI CHEST,A,Y,AY,Оставить,нет,20745.51,15537.33,1540.74,1629,492,281,12,0.519,12.74,76,2.01,26.4,нет,нет,нет,нет,нет,A,2009-12-01,2011-11-01
23209,LUNCH BAG VINTAGE DOILY,A,Y,AY,Оставить,нет,20633.55,0.0,734.12,12703,1055,463,7,0.878,1.62,77,2.03,26.62,нет,нет,нет,нет,нет,не продавался,2011-05-01,2011-11-01
21212,PACK OF 72 RETROSPOT CAKE CASES,A,X,AX,Оставить,нет,20488.78,30207.1,506.87,35481,1278,623,12,0.219,0.58,78,2.06,26.84,нет,нет,нет,нет,нет,A,2009-12-01,2011-11-01
22659,LUNCH BOX I LOVE LONDON,A,X,AX,Оставить,нет,20428.91,8610.26,228.99,11334,681,211,12,0.484,1.8,79,2.09,27.06,нет,нет,нет,нет,нет,A,2010-07-01,2011-11-01
23202,JUMBO BAG VINTAGE LEAF,A,Y,AY,Оставить,нет,20359.68,0.0,1012.45,10211,837,366,7,0.888,1.99,80,2.11,27.28,нет,нет,нет,нет,нет,не продавался,2011-05-01,2011-11-01
20724,RED RETROSPOT CHARLOTTE BAG,A,X,AX,Оставить: сезонный спрос,нет,20267.83,13354.77,1423.36,16802,997,331,12,0.313,1.21,81,2.14,27.5,нет,да,нет,нет,нет,A,2009-12-01,2011-11-01
23206,LUNCH BAG APPLE DESIGN,A,Y,AY,Оставить,нет,20251.3,0.0,523.73,11906,997,396,8,0.749,1.7,82,2.17,27.71,нет,нет,нет,нет,нет,не продавался,2011-04-01,2011-11-01
82494L,WOODEN FRAME ANTIQUE WHITE,A,X,AX,Оставить,нет,20206.6,24509.7,841.69,6473,925,384,12,0.489,3.12,83,2.19,27.93,нет,нет,нет,нет,нет,A,2009-12-01,2011-11-01
21928,JUMBO BAG SCANDINAVIAN PAISLEY,A,X,AX,Оставить,нет,20201.85,24687.16,414.06,9956,784,262,12,0.328,2.03,84,2.22,28.14,нет,нет,нет,нет,нет,A,2009-12-01,2011-11-01
84029E,RED WOOLLY HOTTIE WHITE HEART.,A,Z,AZ,Оставить: сезонный спрос,нет,20169.88,20934.76,1787.6,4317,391,217,12,1.61,4.67,85,2.25,28.36,нет,да,нет,нет,да,A,2009-12-01,2011-11-01
22728,ALARM CLOCK BAKELIKE PINK,A,Y,AY,Оставить,нет,19787.39,3532.66,836.01,5130,743,283,12,0.68,3.86,86,2.27,28.57,нет,нет,нет,нет,нет,A,2010-09-01,2011-11-01
22501,PICNIC BASKET WICKER LARGE,A,Z,AZ,Оставить,нет,19182.86,10927.65,0.0,1590,440,184,12,1.191,12.06,87,2.3,28.78,нет,нет,нет,нет,нет,A,2010-05-01,2011-11-01
48185,DOORMAT FAIRY CAKE,A,Y,AY,Оставить,нет,19127.36,21747.05,107.25,2916,355,138,12,0.986,6.56,88,2.32,28.98,нет,нет,нет,нет,нет,A,2009-12-01,2011-11-01
21166,COOK WITH WINE METAL SIGN,A,Y,AY,Оставить,нет,18889.55,16462.19,1833.05,9374,678,276,12,0.647,2.02,89,2.35,29.18,нет,нет,нет,нет,нет,A,2009-12-01,2011-11-01
22328,ROUND SNACK BOXES SET OF 4 FRUITS,A,Y,AY,Оставить,нет,18726.22,16933.74,318.6,6714,563,223,12,0.733,2.79,90,2.38,29.38,нет,нет,нет,нет,нет,A,2010-01-01,2011-11-01
21479,WHITE SKULL HOT WATER BOTTLE,A,Z,AZ,Оставить: сезонный спрос,нет,18519.54,10493.85,2062.66,3593,456,239,12,1.407,5.15,91,2.4,29.58,нет,да,нет,нет,нет,A,2009-12-01,2011-11-01
22969,HOMEMADE JAM SCENTED CANDLES,A,X,AX,Оставить,нет,18298.13,2730.84,403.42,12242,626,424,12,0.449,1.49,92,2.43,29.78,нет,нет,нет,нет,нет,A,2010-11-01,2011-11-01
84997B,RED 3 PIECE MINI DOTS CUTLERY SET,A,Y,AY,Оставить,нет,18284.88,19452.67,464.93,4371,422,198,12,0.519,4.18,93,2.46,29.97,нет,нет,нет,нет,да,A,2009-12-01,2011-11-01
21843,RED RETROSPOT CAKE STAND,A,X,AX,Оставить,нет,18221.05,42545.65,1136.4,1649,485,247,12,0.395,11.05,94,2.48,30.17,нет,нет,нет,нет,нет,A,2009-12-01,2011-11-01
15036,ASSORTED COLOURS SILK FAN,A,Y,AY,Оставить,нет,18101.93,13929.19,74.07,23061,504,191,12,0.731,0.78,95,2.51,30.36,нет,нет,нет,нет,нет,A,2009-12-01,2011-11-01
22467,GUMBALL COAT RACK,A,X,AX,Оставить,нет,17921.71,9149.51,690.06,7556,643,257,12,0.391,2.37,96,2.54,30.55,нет,нет,нет,нет,нет,A,2010-03-01,2011-11-01
20726,LUNCH BAG WOODLAND,A,X,AX,Оставить,нет,17795.25,18961.71,387.88,9652,979,362,12,0.348,1.84,97,2.56,30.74,нет,нет,нет,нет,нет,A,2009-12-01,2011-11-01
20914,SET/5 RED RETROSPOT LID GLASS BOWLS,A,X,AX,Оставить,нет,17745.51,33505.86,477.54,6165,846,349,12,0.323,2.88,98,2.59,30.93,нет,нет,нет,нет,нет,A,2009-12-01,2011-11-01
22382,LUNCH BAG SPACEBOY DESIGN,A,X,AX,Оставить,нет,17704.56,15958.16,257.45,10243,1124,479,12,0.372,1.73,99,2.62,31.12,нет,нет,нет,нет,нет,A,2010-01-01,2011-11-01
71477,COLOUR GLASS. STAR T-LIGHT HOLDER,A,Y,AY,Оставить: сезонный спрос,нет,17652.06,20542.84,1312.4,5778,289,150,11,0.852,3.06,100,2.64,31.31,нет,да,нет,нет,нет,A,2009-12-01,2011-11-01
22693,GROW A FLYTRAP OR SUNFLOWER IN TIN,A,Y,AY,Оставить,нет,17531.43,2541.63,306.02,15915,294,167,12,0.786,1.1,101,2.67,31.5,нет,нет,нет,нет,нет,A,2010-08-01,2011-11-01
22384,LUNCH BAG PINK POLKADOT,A,X,AX,Оставить: сезонный спрос,нет,17086.1,16658.55,263.29,10332,1060,443,12,0.448,1.65,102,2.69,31.68,нет,да,нет,нет,нет,A,2010-01-01,2011-11-01
82486,WOOD S/3 CABINET ANT WHITE FINISH,A,X,AX,Оставить,нет,17054.31,19525.56,782.46,1985,574,228,12,0.259,8.59,103,2.72,31.86,нет,нет,нет,нет,нет,A,2009-12-01,2011-11-01
21485,RETROSPOT HEART HOT WATER BOTTLE,A,Z,AZ,Оставить: сезонный спрос,нет,16776.84,19345.39,857.44,3351,575,360,12,1.092,5.01,104,2.75,32.04,нет,да,нет,нет,нет,A,2009-12-01,2011-11-01
22492,MINI PAINT SET VINTAGE,A,X,AX,Оставить,нет,16627.1,10777.72,193.72,26161,367,207,12,0.363,0.64,105,2.77,32.22,нет,нет,нет,нет,нет,A,2010-05-01,2011-11-01
22077,6 RIBBONS RUSTIC CHARM,A,X,AX,Оставить: сезонный спрос,нет,16491.82,14215.94,633.75,8848,920,404,12,0.364,1.86,106,2.8,32.4,нет,да,нет,нет,нет,A,2009-12-01,2011-11-01
21754,HOME BUILDING BLOCK WORD,A,X,AX,Оставить,нет,16473.67,29510.22,401.9,2693,755,357,12,0.273,6.12,107,2.83,32.57,нет,нет,нет,нет,нет,A,2009-12-01,2011-11-01
84997C,BLUE 3 PIECE MINI DOTS CUTLERY SET,A,Y,AY,Оставить,нет,16340.19,18557.43,531.28,3949,385,197,12,0.621,4.14,108,2.85,32.75,нет,нет,нет,нет,да,A,2009-12-01,2011-11-01
22698,PINK REGENCY TEACUP AND SAUCER,A,Y,AY,Оставить,нет,16256.85,6763.51,864.26,5411,724,311,11,0.503,3.0,109,2.88,32.92,нет,нет,нет,нет,нет,A,2010-08-01,2011-11-01
23240,SET OF 4 KNICK KNACK TINS DOILY,A,Z,AZ,Наблюдать: новый товар,нет,16251.66,0.0,694.56,3996,506,312,6,1.022,4.07,110,2.91,33.09,да,нет,нет,нет,нет,не продавался,2011-06-01,2011-11-01
22385,JUMBO BAG SPACEBOY DESIGN,A,X,AX,Оставить,нет,16198.23,14678.51,686.78,8204,662,243,12,0.479,1.97,111,2.93,33.27,нет,нет,нет,нет,нет,A,2010-01-01,2011-11-01
82583,HOT BATHS METAL SIGN,A,Y,AY,Оставить,нет,16080.92,10930.73,812.84,6923,587,201,12,0.649,2.32,112,2.96,33.44,нет,нет,нет,нет,нет,A,2009-12-01,2011-11-01
84978,HANGING HEART JAR T-LIGHT HOLDER,A,X,AX,Оставить: сезонный спрос,нет,16055.28,11868.36,262.84,12171,700,299,12,0.442,1.32,113,2.99,33.61,нет,да,нет,нет,нет,A,2009-12-01,2011-11-01
20719,WOODLAND CHARLOTTE BAG,A,X,AX,Оставить,нет,15806.95,10803.47,862.35,12678,800,235,12,0.27,1.25,114,3.01,33.78,нет,нет,нет,нет,нет,A,2009-12-01,2011-11-01
22865,HAND WARMER OWL DESIGN,A,Z,AZ,Оставить: сезонный спрос,нет,15782.22,13579.51,1751.91,7509,568,353,11,1.426,2.1,115,3.04,33.95,нет,да,нет,нет,нет,A,2010-09-01,2011-11-01
15056BL,EDWARDIAN PARASOL BLACK,A,Y,AY,Оставить,нет,15769.84,31766.4,474.53,2727,370,141,12,0.547,5.78,116,3.06,34.12,нет,нет,нет,нет,да,A,2009-12-01,2011-11-01
22993,SET OF 4 PANTRY JELLY MOULDS,A,Y,AY,Оставить,нет,15764.85,0.0,623.63,12087,1027,426,10,0.524,1.3,117,3.09,34.28,нет,нет,нет,нет,нет,не продавался,2011-02-01,2011-11-01
22624,IVORY KITCHEN SCALES,A,X,AX,Оставить,нет,15598.12,10827.52,681.99,1802,673,367,12,0.43,8.66,118,3.12,34.45,нет,нет,нет,нет,нет,A,2010-05-01,2011-11-01
21232,STRAWBERRY CERAMIC TRINKET BOX,A,X,AX,Оставить: сезонный спрос,нет,15297.1,32795.38,779.2,11146,792,308,12,0.351,1.37,119,3.14,34.62,нет,да,нет,нет,нет,A,2009-12-01,2011-11-01
22379,RECYCLING BAG RETROSPOT,A,X,AX,Оставить,нет,15219.4,19026.95,383.99,6745,724,185,12,0.38,2.26,120,3.17,34.78,нет,нет,нет,нет,нет,A,2010-01-01,2011-11-01
84078A,SET/4 WHITE RETRO STORAGE CUBES,A,X,AX,Оставить,нет,15146.61,24051.56,178.14,382,146,73,12,0.471,39.65,121,3.2,34.94,нет,нет,нет,нет,нет,A,2009-12-01,2011-11-01
22084,PAPER CHAIN KIT EMPIRE,A,Z,AZ,Оставить,нет,15052.17,9855.99,32.45,5165,433,277,10,1.692,2.91,122,3.22,35.1,нет,нет,нет,нет,нет,A,2009-12-01,2011-09-01
22835,HOT WATER BOTTLE I AM SO POORLY,A,Z,AZ,Оставить: сезонный спрос,нет,14737.68,9129.43,1669.08,2808,599,304,12,1.227,5.25,123,3.25,35.26,нет,да,нет,нет,нет,A,2010-09-01,2011-11-01
84029G,KNITTED UNION FLAG HOT WATER BOTTLE,A,Z,AZ,Оставить: сезонный спрос,нет,14622.52,13220.38,1491.52,3031,429,200,12,1.418,4.82,124,3.28,35.41,нет,да,нет,нет,да,A,2009-12-01,2011-11-01
23301,GARDENERS KNEELING PAD KEEP CALM,A,Z,AZ,Оставить,нет,14524.03,0.0,1650.92,8003,837,388,7,1.149,1.81,125,3.3,35.57,нет,нет,нет,нет,нет,не продавался,2011-05-01,2011-11-01
22900,SET 2 TEA TOWELS I LOVE LONDON,A,Y,AY,Оставить,нет,14299.63,4877.91,494.35,4723,504,188,12,0.583,3.03,126,3.33,35.72,нет,нет,нет,нет,нет,A,2010-09-01,2011-11-01
85152,HAND OVER THE CHOCOLATE   SIGN,A,X,AX,Оставить,нет,14006.76,15452.07,1740.05,7281,647,262,12,0.454,1.92,127,3.36,35.87,нет,нет,нет,нет,нет,A,2009-12-01,2011-11-01
23313,VINTAGE CHRISTMAS BUNTING,A,Z,AZ,Наблюдать: новый товар,нет,13980.86,0.0,1753.45,2642,354,242,5,1.665,5.29,128,3.38,36.02,да,нет,нет,нет,нет,не продавался,2011-07-01,2011-11-01
48184,DOORMAT ENGLISH ROSE,A,Y,AY,Оставить,нет,13868.11,16804.11,368.44,1979,390,220,12,0.735,7.01,129,3.41,36.17,нет,нет,нет,нет,нет,A,2009-12-01,2011-11-01
22507,MEMO BOARD RETROSPOT  DESIGN,A,Y,AY,Оставить,нет,13840.23,11345.76,323.42,2904,435,223,12,0.542,4.77,130,3.43,36.32,нет,нет,нет,нет,нет,A,2010-03-01,2011-11-01
23200,JUMBO BAG PEARS,A,Y,AY,Оставить,нет,13679.16,0.0,274.2,6817,574,260,7,0.934,2.01,131,3.46,36.46,нет,нет,нет,нет,нет,не продавался,2011-05-01,2011-11-01
82483,WOOD 2 DRAWER CABINET WHITE FINISH,A,X,AX,Оставить,нет,13625.28,13594.05,751.94,2148,495,230,11,0.464,6.34,132,3.49,36.61,нет,нет,нет,нет,нет,A,2009-12-01,2011-11-01
22847,BREAD BIN DINER STYLE IVORY,A,Y,AY,Оставить,нет,13617.3,3878.65,296.49,859,344,201,11,0.662,15.85,133,3.51,36.76,нет,нет,нет,нет,нет,A,2010-10-01,2011-11-01
22625,RED KITCHEN SCALES,A,X,AX,Оставить,нет,13501.32,8769.85,480.58,1556,517,284,12,0.422,8.68,134,3.54,36.9,нет,нет,нет,нет,нет,A,2010-05-01,2011-11-01
22083,PAPER CHAIN KIT RETROSPOT,A,X,AX,Оставить: сезонный спрос,нет,13391.57,25004.88,571.57,4411,575,286,12,0.317,3.04,135,3.57,37.04,нет,да,нет,нет,нет,A,2009-12-01,2011-11-01
21930,JUMBO STORAGE BAG SKULLS,A,X,AX,Оставить,нет,13385.83,13359.93,618.29,6139,675,213,12,0.486,2.18,136,3.59,37.19,нет,нет,нет,нет,нет,A,2009-12-01,2011-11-01
84077,WORLD WAR 2 GLIDERS ASSTD DESIGNS,A,Y,AY,Оставить,нет,13351.32,10550.96,379.17,53296,507,293,12,0.541,0.25,137,3.62,37.33,нет,нет,нет,нет,нет,A,2009-12-01,2011-11-01
22622,BOX OF VINTAGE ALPHABET BLOCKS,A,Y,AY,Оставить,нет,13335.22,15071.0,460.69,1290,253,169,12,0.79,10.34,138,3.65,37.47,нет,нет,нет,нет,нет,A,2010-05-01,2011-11-01
21524,DOORMAT SPOTTY HOME SWEET HOME,A,Y,AY,Оставить,нет,13192.73,22369.88,331.03,1707,462,243,12,0.508,7.73,139,3.67,37.61,нет,нет,нет,нет,нет,A,2009-12-01,2011-11-01
23207,LUNCH BAG ALPHABET DESIGN,A,Y,AY,Оставить,нет,13055.7,0.0,215.4,7684,710,370,8,0.864,1.7,140,3.7,37.75,нет,нет,нет,нет,нет,не продавался,2011-04-01,2011-11-01
22171,3 HOOK PHOTO SHELF ANTIQUE WHITE,A,Y,AY,Оставить,нет,13052.88,9769.55,339.63,1728,356,166,12,0.84,7.55,141,3.73,37.89,нет,нет,нет,нет,нет,A,2009-12-01,2011-11-01
22866,HAND WARMER SCOTTY DOG DESIGN,A,Z,AZ,Оставить: сезонный спрос,нет,12939.82,13672.35,1223.9,5936,489,317,9,1.513,2.18,142,3.75,38.03,нет,да,нет,нет,нет,A,2010-09-01,2011-11-01
23077,DOUGHNUT LIP GLOSS,A,Y,AY,Оставить,нет,12926.09,0.0,694.68,9787,318,209,9,0.873,1.32,143,3.78,38.17,нет,нет,нет,нет,нет,не продавался,2011-03-01,2011-11-01
22551,PLASTERS IN TIN SPACEBOY,A,X,AX,Оставить,нет,12876.08,11933.36,408.03,7611,635,331,12,0.494,1.69,144,3.8,38.31,нет,нет,нет,нет,нет,A,2010-03-01,2011-11-01
22558,CLOTHES PEGS RETROSPOT PACK 24,A,X,AX,Оставить,нет,12820.2,6124.8,466.34,8361,747,355,12,0.328,1.53,145,3.83,38.44,нет,нет,нет,нет,нет,A,2010-04-01,2011-11-01
22554,PLASTERS IN TIN WOODLAND ANIMALS,A,X,AX,Оставить,нет,12778.42,9386.25,331.45,7478,667,344,12,0.464,1.71,146,3.86,38.58,нет,нет,нет,нет,нет,A,2010-03-01,2011-11-01
47566B,TEA TIME PARTY BUNTING,A,Y,AY,Оставить,нет,12719.12,13845.43,4.95,2524,464,190,12,0.694,5.04,147,3.88,38.72,нет,нет,нет,нет,да,A,2009-12-01,2011-11-01
22499,WOODEN UNION JACK BUNTING,A,Z,AZ,Оставить: сезонный спрос,нет,12639.02,9016.42,153.23,2068,400,217,12,1.229,6.11,148,3.91,38.85,нет,да,нет,нет,нет,A,2010-02-01,2011-11-01
22752,SET 7 BABUSHKA NESTING BOXES,A,Y,AY,Оставить,нет,12602.32,12854.68,873.65,1474,360,178,12,0.837,8.55,149,3.94,38.98,нет,нет,нет,нет,нет,A,2010-08-01,2011-11-01
22427,ENAMEL FLOWER JUG CREAM,A,Y,AY,Оставить,нет,12468.81,6608.17,0.0,2075,499,309,12,0.551,6.01,150,3.96,39.12,нет,нет,нет,нет,нет,A,2010-05-01,2011-11-01
23108,SET OF 10 LED DOLLY LIGHTS,A,Z,AZ,Оставить,нет,12421.24,0.0,616.99,2063,342,258,7,1.112,6.02,151,3.99,39.25,нет,нет,нет,нет,нет,не продавался,2011-05-01,2011-11-01
22867,HAND WARMER BIRD DESIGN,A,Z,AZ,Оставить: сезонный спрос,нет,12415.21,12053.64,1545.88,5638,491,320,9,1.421,2.2,152,4.02,39.38,нет,да,нет,нет,нет,A,2010-09-01,2011-11-01
23356,LOVE HOT WATER BOTTLE,A,Z,AZ,Наблюдать: новый товар,нет,12396.45,0.0,908.12,2205,434,304,4,1.833,5.62,153,4.04,39.52,да,нет,нет,нет,нет,не продавался,2011-08-01,2011-11-01
22776,SWEETHEART CAKESTAND 3 TIER,A,X,AX,Оставить,нет,12326.93,4118.33,319.0,1175,504,315,12,0.326,10.49,154,4.07,39.65,нет,нет,нет,нет,нет,A,2010-10-01,2011-11-01
20750,RED RETROSPOT MINI CASES,A,X,AX,Оставить,нет,12223.42,14199.85,379.76,1695,368,230,12,0.299,7.21,155,4.1,39.78,нет,нет,нет,нет,нет,A,2009-12-01,2011-11-01
22113,GREY HEART HOT WATER BOTTLE,A,Y,AY,Оставить: сезонный спрос,нет,12148.62,9217.7,599.46,3089,525,331,12,0.959,3.93,156,4.12,39.91,нет,да,нет,нет,нет,A,2009-12-01,2011-11-01
21755,LOVE BUILDING BLOCK WORD,A,X,AX,Оставить,нет,12114.32,22221.66,237.34,1963,609,330,12,0.37,6.17,157,4.15,40.04,нет,нет,нет,нет,нет,A,2009-12-01,2011-11-01
22502,PICNIC BASKET WICKER SMALL,A,Y,AY,Оставить,нет,12088.22,9446.03,0.0,1808,458,174,10,0.985,6.69,158,4.17,40.17,нет,нет,нет,нет,нет,A,2010-05-01,2011-09-01
48188,DOORMAT WELCOME PUPPIES,A,Z,AZ,Оставить,нет,12074.92,16479.29,8.25,2060,284,161,12,1.096,5.86,159,4.2,40.3,нет,нет,нет,нет,нет,A,2009-12-01,2011-11-01
22607,WOODEN ROUNDERS GARDEN SET,A,Y,AY,Оставить: сезонный спрос,нет,12033.85,10357.97,409.82,1275,343,220,12,0.865,9.44,160,4.23,40.42,нет,да,нет,нет,нет,A,2010-04-01,2011-11-01
21977,PACK OF 60 PINK PAISLEY CAKE CASES,A,X,AX,Оставить,нет,12029.99,15774.01,143.53,24490,836,402,12,0.403,0.49,161,4.25,40.55,нет,нет,нет,нет,нет,A,2009-12-01,2011-11-01
22941,CHRISTMAS LIGHTS 10 REINDEER,A,Z,AZ,Оставить,нет,12016.99,7872.16,1659.93,1476,279,194,9,1.677,8.14,162,4.28,40.68,нет,нет,нет,нет,нет,A,2010-10-01,2011-11-01
47590B,PINK HAPPY BIRTHDAY BUNTING,A,Y,AY,Оставить,нет,11961.71,17172.16,92.54,2296,395,235,12,0.558,5.21,163,4.31,40.81,нет,нет,нет,нет,да,A,2009-12-01,2011-11-01
23174,REGENCY SUGAR BOWL GREEN,A,Z,AZ,Оставить,нет,11942.58,0.0,215.7,2964,305,185,7,1.289,4.03,164,4.33,40.94,нет,нет,нет,нет,нет,не продавался,2011-05-01,2011-11-01
20971,PINK BLUE FELT CRAFT TRINKET BOX,A,Z,AZ,Оставить,нет,11936.18,13405.87,443.16,9269,492,270,12,1.197,1.29,165,4.36,41.07,нет,нет,нет,нет,нет,A,2009-12-01,2011-11-01
82600,NO SINGING METAL SIGN,A,Y,AY,Оставить,нет,11916.85,12852.61,865.93,5595,516,216,12,0.566,2.13,166,4.39,41.19,нет,нет,нет,нет,нет,A,2009-12-01,2011-11-01
21790,VINTAGE SNAP CARDS,A,Y,AY,Оставить: сезонный спрос,нет,11849.82,10898.42,587.94,13770,869,434,12,0.61,0.86,167,4.41,41.32,нет,да,нет,нет,нет,A,2009-12-01,2011-11-01
22568,FELTCRAFT CUSHION OWL,A,Y,AY,Оставить,нет,11816.98,7627.83,90.0,3200,464,242,12,0.66,3.69,168,4.44,41.45,нет,нет,нет,нет,нет,A,2010-03-01,2011-11-01
23343,JUMBO BAG VINTAGE CHRISTMAS,A,Z,AZ,Наблюдать: новый товар,нет,11780.52,0.0,1703.15,5041,428,268,6,1.594,2.34,169,4.46,41.57,да,нет,нет,нет,нет,не продавался,2011-06-01,2011-11-01
20723,STRAWBERRY CHARLOTTE BAG,A,X,AX,Оставить,нет,11766.33,7804.45,773.32,9426,701,227,12,0.3,1.25,170,4.49,41.7,нет,нет,нет,нет,нет,A,2009-12-01,2011-11-01
23328,SET 6 SCHOOL MILK BOTTLES IN CRATE,A,Z,AZ,Наблюдать: новый товар,нет,11728.27,0.0,1522.47,2526,371,191,4,1.487,4.64,171,4.52,41.82,да,нет,нет,нет,нет,не продавался,2011-08-01,2011-11-01
22424,ENAMEL BREAD BIN CREAM,A,X,AX,Оставить,нет,11613.7,8338.96,352.68,820,419,176,12,0.258,14.16,172,4.54,41.95,нет,нет,нет,нет,нет,A,2010-05-01,2011-11-01
22087,PAPER BUNTING WHITE LACE,A,Z,AZ,Оставить,нет,11604.13,13445.72,135.7,3991,318,152,7,1.143,2.91,173,4.57,42.07,нет,нет,нет,нет,нет,A,2009-12-01,2011-11-01
22188,BLACK HEART CARD HOLDER,A,Z,AZ,Оставить,нет,11601.91,15613.01,877.36,4517,176,118,12,1.473,2.57,174,4.6,42.19,нет,нет,нет,да,нет,A,2009-12-01,2011-11-01
21430,SET/3 RED GINGHAM ROSE STORAGE BOX,A,Y,AY,Оставить,нет,11589.06,6101.52,216.78,2965,459,182,12,0.512,3.91,175,4.62,42.32,нет,нет,нет,нет,нет,A,2009-12-01,2011-11-01
22191,IVORY DINER WALL CLOCK,A,Y,AY,Оставить,нет,11555.39,4244.9,254.26,1405,398,235,12,0.971,8.22,176,4.65,42.44,нет,нет,нет,нет,нет,A,2009-12-01,2011-11-01
21936,RED RETROSPOT PICNIC BAG,A,Y,AY,Оставить,нет,11527.42,10866.02,134.82,3946,521,219,12,0.943,2.92,177,4.68,42.57,нет,нет,нет,нет,нет,A,2009-12-01,2011-11-01
20749,ASSORTED COLOUR MINI CASES,A,Y,AY,Оставить,нет,11511.24,9491.39,991.63,1607,367,234,12,0.52,7.16,178,4.7,42.69,нет,нет,нет,нет,нет,A,2009-12-01,2011-11-01
22158,3 HEARTS HANGING DECORATION RUSTIC,A,Z,AZ,Оставить: сезонный спрос,нет,11416.54,17262.25,380.84,3281,287,190,12,1.398,3.48,179,4.73,42.81,нет,да,нет,нет,нет,A,2009-12-01,2011-11-01
22692,DOORMAT WELCOME TO OUR HOME,A,Y,AY,Оставить,нет,11316.39,3785.69,206.77,1499,430,228,12,0.672,7.55,180,4.76,42.93,нет,нет,нет,нет,нет,A,2010-06-01,2011-11-01
21108,FAIRY CAKE FLANNEL ASSORTED COLOUR,A,Z,AZ,Оставить,нет,11282.24,7350.99,182.62,6901,243,153,12,1.736,1.63,181,4.78,43.05,нет,нет,нет,да,нет,A,2009-12-01,2011-11-01
22149,FELTCRAFT 6 FLOWER FRIENDS,A,Y,AY,Оставить,нет,11209.28,13815.69,0.0,5452,543,335,12,0.606,2.06,182,4.81,43.17,нет,нет,нет,нет,нет,A,2009-12-01,2011-11-01
22193,RED DINER WALL CLOCK,A,Y,AY,Оставить,нет,11159.26,4192.91,546.51,1321,440,202,12,0.642,8.45,183,4.83,43.29,нет,нет,нет,нет,нет,A,2009-12-01,2011-11-01
21216,"SET 3 RETROSPOT TEA,COFFEE,SUGAR",A,X,AX,Оставить,нет,11114.4,8781.24,248.61,2081,416,148,12,0.294,5.34,184,4.86,43.41,нет,нет,нет,нет,нет,A,2009-12-01,2011-11-01
21080,SET/20 RED RETROSPOT PAPER NAPKINS,A,X,AX,Оставить,нет,11099.5,13725.53,192.66,12944,966,420,12,0.287,0.86,185,4.89,43.53,нет,нет,нет,нет,нет,A,2009-12-01,2011-11-01
22041,"RECORD FRAME 7"" SINGLE SIZE",A,X,AX,Оставить: сезонный спрос,нет,11054.97,7293.76,156.79,4286,346,73,12,0.376,2.58,186,4.91,43.65,нет,да,нет,нет,нет,A,2009-12-01,2011-11-01
20711,JUMBO BAG TOYS,A,Y,AY,Оставить,нет,10990.99,14677.21,4.13,4996,520,152,12,0.582,2.2,187,4.94,43.76,нет,нет,нет,нет,нет,A,2009-12-01,2011-11-01
21217,RED SPOTTY ROUND CAKE TINS,A,Y,AY,Оставить,нет,10949.6,17910.55,503.19,1040,326,163,12,0.613,10.53,188,4.97,43.88,нет,нет,нет,нет,нет,A,2009-12-01,2011-11-01
22662,LUNCH BAG DOLLY GIRL DESIGN,A,X,AX,Оставить,нет,10929.68,5151.08,126.25,6634,666,307,12,0.414,1.65,189,4.99,44.0,нет,нет,нет,нет,нет,A,2010-07-01,2011-11-01
21340,CLASSIC METAL BIRDCAGE PLANT HOLDER,A,X,AX,Оставить,нет,10901.91,7534.96,203.46,941,279,171,12,0.345,11.59,190,5.02,44.11,нет,нет,нет,нет,нет,A,2009-12-01,2011-11-01
22730,ALARM CLOCK BAKELIKE IVORY,A,Y,AY,Оставить: сезонный спрос,нет,10900.84,3368.87,500.06,2759,538,233,12,0.609,3.95,191,5.05,44.23,нет,да,нет,нет,нет,A,2010-09-01,2011-11-01
22605,WOODEN CROQUET GARDEN SET,A,X,AX,Оставить: сезонный спрос,нет,10871.22,12122.91,375.09,757,282,172,12,0.481,14.36,192,5.07,44.35,нет,да,нет,нет,нет,A,2010-04-01,2011-11-01
85014B,RED RETROSPOT UMBRELLA,A,Y,AY,Оставить,нет,10832.78,19943.24,408.68,1863,362,209,12,0.629,5.81,193,5.1,44.46,нет,нет,нет,нет,да,A,2009-12-01,2011-11-01
22356,CHARLOTTE BAG PINK POLKADOT,A,X,AX,Оставить,нет,10772.04,9227.96,531.2,9300,713,216,12,0.33,1.16,194,5.13,44.58,нет,нет,нет,нет,нет,A,2009-12-01,2011-11-01
23300,GARDENERS KNEELING PAD CUP OF TEA,A,Y,AY,Оставить,нет,10749.02,0.0,818.57,6224,696,341,7,0.964,1.73,195,5.15,44.69,нет,нет,нет,нет,нет,не продавался,2011-05-01,2011-11-01
23170,REGENCY TEA PLATE ROSES,A,Z,AZ,Оставить,нет,10680.87,0.0,257.38,6619,425,222,7,1.065,1.61,196,5.18,44.81,нет,нет,нет,нет,нет,не продавался,2011-05-01,2011-11-01
71459,HANGING JAM JAR T-LIGHT HOLDER,A,X,AX,Оставить: сезонный спрос,нет,10661.64,15790.38,104.6,13392,428,221,12,0.407,0.8,197,5.2,44.92,нет,да,нет,нет,нет,A,2009-12-01,2011-11-01
21481,FAWN BLUE HOT WATER BOTTLE,A,Y,AY,Оставить: сезонный спрос,нет,10512.4,12360.98,761.92,3058,445,235,12,0.978,3.44,198,5.23,45.03,нет,да,нет,нет,нет,A,2009-12-01,2011-11-01
84755,COLOUR GLASS T-LIGHT HOLDER HANGING,A,Y,AY,Оставить: сезонный спрос,нет,10333.04,14370.08,132.56,16204,605,314,12,0.54,0.64,199,5.26,45.14,нет,да,нет,нет,нет,A,2009-12-01,2011-11-01
47590A,BLUE HAPPY BIRTHDAY BUNTING,A,Y,AY,Оставить,нет,10323.02,13395.38,43.38,1961,385,226,12,0.555,5.26,200,5.28,45.25,нет,нет,нет,нет,да,A,2009-12-01,2011-11-01
22570,FELTCRAFT CUSHION RABBIT,A,Y,AY,Оставить,нет,10264.14,9060.4,0.0,2809,382,201,12,0.667,3.65,201,5.31,45.36,нет,нет,нет,нет,нет,A,2010-03-01,2011-11-01
22988,SOLDIERS EGG CUP,A,X,AX,Оставить,нет,10246.69,380.14,521.62,8568,392,193,11,0.494,1.2,202,5.34,45.47,нет,нет,нет,нет,нет,C,2010-11-01,2011-11-01
85048,15CM CHRISTMAS GLASS BALL 20 LIGHTS,A,Z,AZ,Оставить: сезонный спрос,нет,10238.35,10111.72,584.81,1293,237,159,9,1.751,7.92,203,5.36,45.58,нет,да,нет,нет,нет,A,2009-12-01,2011-11-01
48173C,DOORMAT BLACK FLOCK,A,Z,AZ,Оставить,нет,10188.32,13987.88,65.29,1807,191,103,12,1.145,5.64,204,5.39,45.69,нет,нет,нет,да,нет,A,2009-12-01,2011-11-01
84997A,GREEN 3 PIECE MINI DOTS CUTLERY SET,A,X,AX,Оставить,нет,10164.79,10066.11,647.83,2516,316,141,12,0.499,4.04,205,5.42,45.8,нет,нет,нет,нет,да,A,2009-12-01,2011-11-01
22617,BAKING SET SPACEBOY DESIGN,A,Y,AY,Оставить,нет,10015.4,9061.84,566.3,2070,432,286,12,0.922,4.84,206,5.44,45.91,нет,нет,нет,нет,нет,A,2010-03-01,2011-11-01
22734,SET OF 6 RIBBONS VINTAGE CHRISTMAS,A,Z,AZ,Оставить: сезонный спрос,нет,10005.61,16138.41,500.39,3094,390,265,9,1.529,3.23,207,5.47,46.01,нет,да,нет,нет,нет,A,2010-09-01,2011-11-01
23581,JUMBO BAG PAISLEY PARK,A,Z,AZ,Наблюдать: новый товар,нет,9967.46,0.0,1393.77,4211,285,212,2,2.496,2.37,208,5.5,46.12,да,нет,нет,нет,нет,не продавался,2011-10-01,2011-11-01
21791,VINTAGE HEADS AND TAILS CARD GAME,A,Y,AY,Оставить,нет,9949.16,11264.2,510.24,7435,565,321,12,0.645,1.34,209,5.52,46.23,нет,нет,нет,нет,нет,A,2009-12-01,2011-11-01
22846,BREAD BIN DINER STYLE RED,A,X,AX,Оставить,нет,9930.75,2537.35,448.77,622,251,148,12,0.454,15.97,210,5.55,46.33,нет,нет,нет,нет,нет,A,2010-10-01,2011-11-01
22970,LONDON BUS COFFEE MUG,A,Y,AY,Оставить,нет,9914.07,0.0,226.53,4248,302,174,12,0.581,2.33,211,5.57,46.44,нет,нет,нет,нет,нет,не продавался,2010-12-01,2011-11-01
23208,LUNCH BAG VINTAGE LEAF DESIGN,A,Y,AY,Оставить,нет,9861.28,0.0,564.13,5967,637,299,8,0.746,1.65,212,5.6,46.55,нет,нет,нет,нет,нет,не продавался,2011-04-01,2011-11-01
21218,RED SPOTTY BISCUIT TIN,A,X,AX,Оставить,нет,9758.41,10590.82,280.08,2367,379,127,12,0.449,4.12,213,5.63,46.65,нет,нет,нет,нет,нет,A,2009-12-01,2011-11-01
22690,DOORMAT HOME SWEET HOME BLUE,A,Z,AZ,Оставить,нет,9684.35,5892.65,219.3,1586,273,190,12,1.077,6.11,214,5.65,46.75,нет,нет,нет,нет,нет,A,2010-06-01,2011-11-01
23171,REGENCY TEA PLATE GREEN,A,Z,AZ,Оставить,нет,9682.13,0.0,300.26,6045,363,191,7,1.186,1.6,215,5.68,46.86,нет,нет,нет,нет,нет,не продавался,2011-05-01,2011-11-01
21891,TRADITIONAL WOODEN SKIPPING ROPE,A,Y,AY,Оставить,нет,9675.86,4986.65,781.59,7525,393,249,12,0.537,1.29,216,5.71,46.96,нет,нет,нет,нет,нет,A,2009-12-01,2011-11-01
21914,BLUE HARMONICA IN BOX,A,Y,AY,Оставить: сезонный спрос,нет,9671.65,7310.55,653.16,7386,547,283,12,0.616,1.31,217,5.73,47.06,нет,да,нет,нет,нет,A,2009-12-01,2011-11-01
20679,EDWARDIAN PARASOL RED,A,X,AX,Оставить,нет,9653.99,19946.0,331.73,1657,314,137,12,0.459,5.83,218,5.76,47.17,нет,нет,нет,нет,нет,A,2009-12-01,2011-11-01
22992,REVOLVER WOODEN RULER,A,Y,AY,Оставить,нет,9641.87,0.0,212.37,4827,320,202,10,0.833,2.0,219,5.79,47.27,нет,нет,нет,нет,нет,не продавался,2011-02-01,2011-11-01
22556,PLASTERS IN TIN CIRCUS PARADE,A,X,AX,Оставить,нет,9590.0,12193.02,382.76,5831,539,296,12,0.322,1.64,220,5.81,47.37,нет,нет,нет,нет,нет,A,2010-03-01,2011-11-01
21559,STRAWBERRY LUNCH BOX WITH CUTLERY,A,X,AX,Оставить,нет,9587.17,10607.6,145.66,3890,557,232,12,0.397,2.46,221,5.84,47.47,нет,нет,нет,нет,нет,A,2009-12-01,2011-11-01
23076,ICE CREAM SUNDAE LIP GLOSS,A,Y,AY,Оставить,нет,9586.08,0.0,319.68,7804,264,196,9,0.724,1.23,222,5.87,47.58,нет,нет,нет,нет,нет,не продавался,2011-03-01,2011-11-01
22766,PHOTO FRAME CORNICE,A,Y,AY,Оставить,нет,9563.56,3097.36,162.03,3204,486,274,12,0.626,2.98,223,5.89,47.68,нет,нет,нет,нет,нет,A,2010-10-01,2011-11-01
22169,FAMILY ALBUM WHITE PICTURE FRAME,A,Y,AY,Оставить,нет,9555.41,8809.94,411.25,1104,345,161,12,0.532,8.66,224,5.92,47.78,нет,нет,нет,нет,нет,A,2009-12-01,2011-11-01
22654,DELUXE SEWING KIT,A,Y,AY,Оставить,нет,9536.62,6989.02,255.23,1363,307,152,12,0.802,7.0,225,5.94,47.88,нет,нет,нет,нет,нет,A,2010-07-01,2011-11-01
22555,PLASTERS IN TIN STRONGMAN,A,X,AX,Оставить,нет,9520.19,8818.69,301.84,5826,491,288,12,0.383,1.63,226,5.97,47.99,нет,нет,нет,нет,нет,A,2010-03-01,2011-11-01
84947,ANTIQUE SILVER TEA GLASS ENGRAVED,A,Y,AY,Оставить,нет,9515.74,8514.4,714.03,8058,322,168,12,0.588,1.18,227,6.0,48.09,нет,нет,нет,нет,нет,A,2009-12-01,2011-11-01
22569,FELTCRAFT CUSHION BUTTERFLY,A,Y,AY,Оставить,нет,9459.95,9485.1,0.0,2567,347,192,11,0.521,3.69,228,6.02,48.19,нет,нет,нет,нет,нет,A,2010-03-01,2011-10-01
22621,TRADITIONAL KNITTING NANCY,A,Y,AY,Оставить,нет,9391.57,3695.87,602.08,5776,568,354,12,0.681,1.63,229,6.05,48.29,нет,нет,нет,нет,нет,A,2010-05-01,2011-11-01
22978,PANTRY ROLLING PIN,A,Z,AZ,Оставить,нет,9303.9,0.0,67.22,2399,226,148,10,1.133,3.88,230,6.08,48.39,нет,нет,нет,нет,нет,не продавался,2011-02-01,2011-11-01
23175,REGENCY MILK JUG PINK,A,Z,AZ,Оставить,нет,9295.09,0.0,160.06,3077,313,201,7,1.272,3.02,231,6.1,48.49,нет,нет,нет,нет,нет,не продавался,2011-05-01,2011-11-01
21314,SMALL GLASS HEART TRINKET POT,A,X,AX,Оставить,нет,9276.82,14256.21,444.86,4006,516,209,12,0.292,2.32,232,6.13,48.59,нет,нет,нет,нет,нет,A,2009-12-01,2011-11-01
22844,VINTAGE CREAM DOG FOOD CONTAINER,A,X,AX,Оставить,нет,9231.74,1840.16,261.28,957,396,174,12,0.333,9.65,233,6.16,48.69,нет,нет,нет,нет,нет,B,2010-10-01,2011-11-01
22456,NATURAL SLATE CHALKBOARD LARGE,A,X,AX,Оставить,нет,9162.34,11929.73,223.83,1670,454,213,12,0.246,5.49,234,6.18,48.78,нет,нет,нет,нет,нет,A,2010-03-01,2011-11-01
22791,T-LIGHT GLASS FLUTED ANTIQUE,A,Y,AY,Оставить: сезонный спрос,нет,9129.7,1854.81,500.22,7324,321,172,11,0.511,1.25,235,6.21,48.88,нет,да,нет,нет,нет,B,2010-10-01,2011-11-01
22561,WOODEN SCHOOL COLOURING SET,A,Y,AY,Оставить,нет,9088.95,9559.5,488.82,5473,411,281,12,0.641,1.66,236,6.24,48.98,нет,нет,нет,нет,нет,A,2010-03-01,2011-11-01
22619,SET OF 6 SOLDIER SKITTLES,A,X,AX,Оставить: сезонный спрос,нет,9081.05,5702.55,798.99,2279,415,242,12,0.479,3.98,237,6.26,49.07,нет,да,нет,нет,нет,A,2010-05-01,2011-11-01
85150,LADIES & GENTLEMEN METAL SIGN,A,Y,AY,Оставить,нет,9068.91,10823.69,314.52,3925,451,192,10,0.695,2.31,238,6.29,49.17,нет,нет,нет,нет,нет,A,2009-12-01,2011-11-01
22633,HAND WARMER UNION JACK,A,Z,AZ,Оставить: сезонный спрос,нет,9045.54,7502.55,944.58,4391,428,284,9,1.4,2.06,239,6.31,49.27,нет,да,нет,нет,нет,A,2010-10-01,2011-11-01
21155,RED RETROSPOT PEG BAG,A,X,AX,Оставить,нет,9019.88,6992.19,192.57,3070,465,202,12,0.395,2.94,240,6.34,49.36,нет,нет,нет,нет,нет,A,2009-12-01,2011-11-01
84991,60 TEATIME FAIRY CAKE CASES,A,X,AX,Оставить,нет,9018.67,17792.04,85.3,17933,801,406,12,0.34,0.5,241,6.37,49.46,нет,нет,нет,нет,нет,A,2009-12-01,2011-11-01
22759,SET OF 3 NOTEBOOKS IN PARCEL,A,Y,AY,Оставить: сезонный спрос,нет,9007.64,6816.02,0.0,5423,421,252,12,0.763,1.66,242,6.39,49.56,нет,да,нет,нет,нет,A,2010-08-01,2011-11-01
22729,ALARM CLOCK BAKELIKE ORANGE,A,Y,AY,Оставить,нет,8987.04,2757.55,33.16,2306,438,178,12,0.597,3.9,243,6.42,49.65,нет,нет,нет,нет,нет,A,2010-09-01,2011-11-01
84375,SET OF 20 KIDS COOKIE CUTTERS,A,Y,AY,Оставить,нет,8973.65,6274.48,380.1,4145,486,283,12,0.527,2.16,244,6.45,49.75,нет,нет,нет,нет,нет,A,2009-12-01,2011-11-01
22144,CHRISTMAS CRAFT LITTLE FRIENDS,A,Z,AZ,Оставить: сезонный спрос,нет,8951.91,2657.19,685.17,3787,502,302,11,1.445,2.36,245,6.47,49.85,нет,да,нет,нет,нет,A,2009-12-01,2011-11-01
48116,DOORMAT MULTICOLOUR STRIPE,A,Z,AZ,Оставить,нет,8851.6,11631.95,213.18,1471,194,85,12,1.026,6.02,246,6.5,49.94,нет,нет,нет,нет,нет,A,2009-12-01,2011-11-01
22966,GINGERBREAD MAN COOKIE CUTTER,A,X,AX,Оставить,нет,8828.19,929.11,367.71,7166,632,375,12,0.478,1.23,247,6.53,50.03,нет,нет,нет,нет,нет,B,2010-11-01,2011-11-01
20972,PINK CREAM FELT CRAFT TRINKET BOX,A,X,AX,Оставить: сезонный спрос,нет,8822.33,14087.11,275.73,7105,584,300,12,0.434,1.24,248,6.55,50.13,нет,да,нет,нет,нет,A,2009-12-01,2011-11-01
22771,CLEAR DRAWER KNOB ACRYLIC EDWARDIAN,A,X,AX,Оставить,нет,8787.59,1216.64,127.85,6450,430,163,12,0.188,1.36,249,6.58,50.22,нет,нет,нет,нет,нет,B,2010-10-01,2011-11-01
22952,60 CAKE CASES VINTAGE CHRISTMAS,A,Z,AZ,Оставить: сезонный спрос,нет,8787.36,9513.18,496.71,14778,565,332,12,1.319,0.59,250,6.61,50.32,нет,да,нет,нет,нет,A,2010-09-01,2011-11-01
22989,SET 2 PANTRY DESIGN TEA TOWELS,A,Y,AY,Оставить,нет,8721.32,0.0,199.95,2742,352,235,10,0.764,3.18,251,6.63,50.41,нет,нет,нет,нет,нет,не продавался,2011-02-01,2011-11-01
22749,FELTCRAFT PRINCESS CHARLOTTE DOLL,A,Y,AY,Оставить: сезонный спрос,нет,8720.01,6138.19,496.15,2233,422,267,12,0.583,3.91,252,6.66,50.5,нет,да,нет,нет,нет,A,2010-09-01,2011-11-01
22947,WOODEN ADVENT CALENDAR RED,A,Z,AZ,Оставить: сезонный спрос,нет,8656.49,3803.46,0.0,741,134,81,6,2.29,11.68,253,6.68,50.6,нет,да,нет,нет,нет,A,2010-09-01,2011-11-01
21174,POTTERING IN THE SHED METAL SIGN,A,Y,AY,Оставить,нет,8648.34,10188.05,757.42,3854,505,215,12,0.505,2.24,254,6.71,50.69,нет,нет,нет,нет,нет,A,2009-12-01,2011-11-01
22652,TRAVEL SEWING KIT,A,X,AX,Оставить,нет,8595.57,8145.68,0.0,5081,466,262,12,0.487,1.69,255,6.74,50.78,нет,нет,нет,нет,нет,A,2010-07-01,2011-11-01
35970,ZINC FOLKART SLEIGH BELLS,A,Z,AZ,Оставить: сезонный спрос,нет,8591.34,5559.85,831.82,4606,412,259,12,1.577,1.87,256,6.76,50.87,нет,да,нет,нет,нет,A,2010-03-01,2011-11-01
23322,LARGE WHITE HEART OF WICKER,A,Z,AZ,Наблюдать: новый товар,нет,8546.66,0.0,229.55,2956,537,345,6,1.139,2.89,257,6.79,50.96,да,нет,нет,нет,нет,не продавался,2011-06-01,2011-11-01
23319,BOX OF 6 MINI 50'S CRACKERS,A,Z,AZ,Наблюдать: новый товар,нет,8499.76,0.0,520.09,3431,361,282,5,1.602,2.48,258,6.82,51.05,да,нет,нет,нет,нет,не продавался,2011-07-01,2011-11-01
23078,ICE CREAM PEN LIP GLOSS,A,Y,AY,Оставить,нет,8441.2,0.0,52.14,6750,250,157,9,0.648,1.25,259,6.84,51.14,нет,нет,нет,нет,нет,не продавался,2011-03-01,2011-11-01
22632,HAND WARMER RED RETROSPOT,A,Z,AZ,Оставить: сезонный спрос,нет,8407.46,11551.2,564.27,4202,354,248,7,1.365,2.0,260,6.87,51.23,нет,да,нет,нет,нет,A,2010-09-01,2011-11-01
21889,WOODEN BOX OF DOMINOES,A,Y,AY,Оставить: сезонный спрос,нет,8380.89,8143.37,421.4,6047,551,320,12,0.772,1.39,261,6.9,51.32,нет,да,нет,нет,нет,A,2009-12-01,2011-11-01
22560,TRADITIONAL MODELLING CLAY,A,X,AX,Оставить,нет,8347.72,8099.25,1071.96,7046,373,225,12,0.492,1.18,262,6.92,51.41,нет,нет,нет,нет,нет,A,2010-03-01,2011-11-01
21213,PACK OF 72 SKULL CAKE CASES,A,X,AX,Оставить,нет,8304.49,12962.97,83.7,14979,647,290,12,0.42,0.55,263,6.95,51.5,нет,нет,нет,нет,нет,A,2009-12-01,2011-11-01
82582,AREA PATROLLED METAL SIGN,A,X,AX,Оставить,нет,8288.52,6048.61,434.97,4085,411,168,12,0.406,2.03,264,6.97,51.59,нет,нет,нет,нет,нет,A,2009-12-01,2011-11-01
22273,FELTCRAFT DOLL MOLLY,A,Z,AZ,Оставить,нет,8280.15,8114.0,211.74,2997,309,203,12,1.094,2.76,265,7.0,51.68,нет,нет,нет,нет,нет,A,2009-12-01,2011-11-01
71053,WHITE METAL LANTERN,A,X,AX,Оставить,нет,8234.58,10404.95,90.99,1902,319,146,12,0.407,4.33,266,7.03,51.77,нет,нет,нет,нет,нет,A,2009-12-01,2011-11-01
23318,BOX OF 6 MINI VINTAGE CRACKERS,A,Z,AZ,Наблюдать: новый товар,нет,8230.95,0.0,614.75,3437,334,248,5,1.579,2.39,267,7.05,51.85,да,нет,нет,нет,нет,не продавался,2011-07-01,2011-11-01
84378,SET OF 3 HEART COOKIE CUTTERS,A,Y,AY,Оставить,нет,8158.14,6837.54,300.26,6102,655,364,12,0.71,1.34,268,7.08,51.94,нет,нет,нет,нет,нет,A,2009-12-01,2011-11-01
84945,MULTI COLOUR SILVER T-LIGHT HOLDER,A,Y,AY,Оставить,нет,8125.59,8981.88,567.84,9801,321,198,12,0.537,0.83,269,7.11,52.03,нет,нет,нет,нет,нет,A,2009-12-01,2011-11-01
23321,SMALL WHITE HEART OF WICKER,A,Z,AZ,Наблюдать: новый товар,нет,8115.16,0.0,295.33,4522,589,363,6,1.177,1.79,270,7.13,52.12,да,нет,нет,нет,нет,не продавался,2011-06-01,2011-11-01
23256,CHILDRENS CUTLERY SPACEBOY,A,Y,AY,Оставить,нет,8094.2,0.0,502.32,1976,342,224,8,0.851,4.1,271,7.16,52.2,нет,нет,нет,нет,нет,не продавался,2011-04-01,2011-11-01
21210,SET OF 72 RETROSPOT PAPER  DOILIES,A,X,AX,Оставить,нет,8092.0,13341.4,102.74,5616,436,239,12,0.5,1.44,272,7.19,52.29,нет,нет,нет,нет,нет,A,2009-12-01,2011-11-01
22838,3 TIER CAKE TIN RED AND CREAM,A,Y,AY,Оставить,нет,8032.23,3336.15,191.43,561,152,105,11,0.828,14.32,273,7.21,52.37,нет,нет,нет,нет,нет,A,2010-10-01,2011-11-01
72741,GRAND CHOCOLATECANDLE,A,Y,AY,Оставить,нет,8018.07,19017.36,151.83,5838,281,190,12,0.564,1.37,274,7.24,52.46,нет,нет,нет,нет,нет,A,2009-12-01,2011-11-01
22795,SWEETHEART RECIPE BOOK STAND,A,Y,AY,Оставить,нет,7930.01,2570.81,531.29,1127,342,168,10,0.63,7.04,275,7.27,52.54,нет,нет,нет,нет,нет,A,2010-10-01,2011-11-01
23082,SET 6 PAPER TABLE LANTERN HEARTS,A,Y,AY,Оставить,нет,7921.24,0.0,637.52,2163,275,197,7,0.992,3.66,276,7.29,52.63,нет,нет,нет,нет,нет,не продавался,2011-05-01,2011-11-01
23439,HAND WARMER RED LOVE HEART,A,Z,AZ,Наблюдать: новый товар,нет,7852.27,0.0,1003.24,3516,337,247,4,1.807,2.23,277,7.32,52.71,да,нет,нет,нет,нет,не продавался,2011-08-01,2011-11-01
21484,CHICK GREY HOT WATER BOTTLE,A,Z,AZ,Оставить: сезонный спрос,нет,7791.58,9627.42,597.64,1724,371,198,12,1.209,4.52,278,7.34,52.8,нет,да,нет,нет,нет,A,2009-12-01,2011-11-01
22968,ROSE COTTAGE KEEPSAKE BOX,A,Y,AY,Оставить,нет,7762.31,3293.04,39.92,787,184,115,12,0.934,9.86,279,7.37,52.88,нет,нет,нет,нет,нет,A,2010-10-01,2011-11-01
22192,BLUE DINER WALL CLOCK,A,X,AX,Оставить,нет,7758.23,3873.01,296.76,904,348,175,12,0.355,8.58,280,7.4,52.96,нет,нет,нет,нет,нет,A,2009-12-01,2011-11-01
23534,WALL ART STOP FOR TEA,A,Z,AZ,Наблюдать: новый товар,нет,7757.81,0.0,833.24,1283,236,150,2,2.277,6.05,281,7.42,53.05,да,нет,нет,нет,нет,не продавался,2011-10-01,2011-11-01
22616,PACK OF 12 LONDON TISSUES,A,X,AX,Оставить,нет,7755.93,4470.26,215.37,25484,491,185,12,0.393,0.3,282,7.45,53.13,нет,нет,нет,нет,нет,A,2010-05-01,2011-11-01
21121,SET/10 RED POLKADOT PARTY CANDLES,A,Y,AY,Оставить,нет,7742.6,10382.6,136.25,6401,366,226,12,0.531,1.21,283,7.48,53.21,нет,нет,нет,нет,нет,A,2009-12-01,2011-11-01
84970S,HANGING HEART ZINC T-LIGHT HOLDER,A,X,AX,Оставить,нет,7739.67,14370.3,384.18,8739,580,267,12,0.392,0.89,284,7.5,53.29,нет,нет,нет,нет,да,A,2009-12-01,2011-11-01
22352,LUNCH BOX WITH CUTLERY RETROSPOT,A,X,AX,Оставить,нет,7711.16,9916.19,129.41,3042,469,183,12,0.392,2.53,285,7.53,53.38,нет,нет,нет,нет,нет,A,2009-12-01,2011-11-01
84380,SET OF 3 BUTTERFLY COOKIE CUTTERS,A,X,AX,Оставить,нет,7633.95,5753.89,286.77,5419,655,318,12,0.27,1.41,286,7.56,53.46,нет,нет,нет,нет,нет,A,2009-12-01,2011-11-01
21136,PAINTED METAL PEARS ASSORTED,A,X,AX,Оставить: сезонный спрос,нет,7631.29,9350.91,148.33,4598,361,253,12,0.355,1.66,287,7.58,53.54,нет,да,нет,нет,нет,A,2009-12-01,2011-11-01
21035,SET/2 RED RETROSPOT TEA TOWELS,A,X,AX,Оставить,нет,7623.45,10102.03,363.4,2277,382,147,12,0.45,3.35,288,7.61,53.62,нет,нет,нет,нет,нет,A,2009-12-01,2011-11-01
22804,CANDLEHOLDER PINK HANGING HEART,A,Y,AY,Оставить,нет,7580.45,5133.25,96.8,2937,463,252,12,0.575,2.58,289,7.64,53.7,нет,нет,нет,нет,нет,A,2010-09-01,2011-11-01
22768,FAMILY PHOTO FRAME CORNICE,A,Y,AY,Оставить,нет,7575.1,2776.28,474.54,800,238,174,12,0.697,9.47,290,7.66,53.78,нет,нет,нет,нет,нет,A,2010-10-01,2011-11-01
48111,DOORMAT 3 SMILEY CATS,A,Z,AZ,Оставить,нет,7565.45,18234.52,127.13,1155,227,109,12,1.385,6.55,291,7.69,53.86,нет,нет,нет,нет,нет,A,2009-12-01,2011-11-01
22725,ALARM CLOCK BAKELIKE CHOCOLATE,A,Y,AY,Оставить: сезонный спрос,нет,7562.79,2118.82,542.06,1857,401,166,12,0.532,4.07,292,7.71,53.94,нет,да,нет,нет,нет,B,2010-09-01,2011-11-01
23493,VINTAGE DOILY TRAVEL SEWING KIT,A,Z,AZ,Наблюдать: новый товар,нет,7558.48,0.0,939.5,3520,358,263,3,2.114,2.15,293,7.74,54.03,да,нет,нет,нет,нет,не продавался,2011-09-01,2011-11-01
22487,WHITE WOOD GARDEN PLANT LADDER,A,X,AX,Оставить: сезонный спрос,нет,7534.42,8107.02,157.61,745,404,265,12,0.4,10.11,294,7.77,54.11,нет,да,нет,нет,нет,A,2010-03-01,2011-11-01
22147,FELTCRAFT BUTTERFLY HEARTS,A,Y,AY,Оставить,нет,7504.44,9255.04,47.85,5340,477,286,12,0.795,1.41,295,7.79,54.19,нет,нет,нет,нет,нет,A,2009-12-01,2011-11-01
23007,SPACEBOY BABY GIFT SET,A,Y,AY,Оставить,нет,7496.72,0.0,194.18,481,169,105,9,0.956,15.59,296,7.82,54.27,нет,нет,нет,нет,нет,не продавался,2011-03-01,2011-11-01
21955,DOORMAT UNION JACK GUNS AND ROSES,A,Z,AZ,Оставить,нет,7468.6,15971.22,112.22,1214,202,108,12,1.31,6.15,297,7.85,54.35,нет,нет,нет,нет,нет,A,2009-12-01,2011-11-01
22940,FELTCRAFT CHRISTMAS FAIRY,A,Z,AZ,Оставить: сезонный спрос,нет,7455.72,7324.56,366.53,1818,292,224,12,1.128,4.1,298,7.87,54.43,нет,да,нет,нет,нет,A,2010-09-01,2011-11-01
21770,OPEN CLOSED METAL SIGN,A,Z,AZ,Оставить,нет,7444.05,6700.67,450.18,1539,372,256,9,1.144,4.84,299,7.9,54.51,нет,нет,нет,нет,нет,A,2009-12-01,2011-11-01
22557,PLASTERS IN TIN VINTAGE PAISLEY,A,X,AX,Оставить,нет,7437.38,9559.86,305.06,4534,536,309,12,0.41,1.64,300,7.93,54.59,нет,нет,нет,нет,нет,A,2010-03-01,2011-11-01
22667,RECIPE BOX RETROSPOT,A,Y,AY,Оставить,нет,7429.35,5446.85,457.2,2657,435,225,11,0.58,2.8,301,7.95,54.66,нет,нет,нет,нет,нет,A,2010-07-01,2011-11-01
84406B,CREAM CUPID HEARTS COAT HANGER,A,Y,AY,Оставить,нет,7400.02,14919.28,136.95,1954,278,130,12,0.628,3.79,302,7.98,54.74,нет,нет,нет,нет,нет,A,2009-12-01,2011-11-01
21668,RED STRIPE CERAMIC DRAWER KNOB,A,X,AX,Оставить: сезонный спрос,нет,7363.36,6416.01,84.15,5430,423,166,12,0.364,1.36,303,8.01,54.82,нет,да,нет,нет,нет,A,2009-12-01,2011-11-01
22585,PACK OF 6 BIRDY GIFT TAGS,A,Y,AY,Оставить,нет,7352.24,14171.77,149.4,6079,377,233,12,0.696,1.21,304,8.03,54.9,нет,нет,нет,нет,нет,A,2010-03-01,2011-11-01
84836,ZINC METAL HEART DECORATION,A,X,AX,Оставить,нет,7309.56,16807.51,93.51,5856,522,308,12,0.37,1.25,305,8.06,54.98,нет,нет,нет,нет,нет,A,2009-12-01,2011-11-01
21231,SWEETHEART CERAMIC TRINKET BOX,A,X,AX,Оставить,нет,7282.08,16457.83,200.2,5802,489,209,12,0.348,1.26,306,8.08,55.06,нет,нет,нет,нет,нет,A,2009-12-01,2011-11-01
22381,TOY TIDY PINK POLKADOT,A,Y,AY,Оставить,нет,7253.31,12183.7,159.43,3362,457,133,12,0.503,2.16,307,8.11,55.13,нет,нет,нет,нет,нет,A,2010-01-01,2011-11-01
21908,CHOCOLATE THIS WAY METAL SIGN,A,X,AX,Оставить,нет,7204.25,11361.16,497.57,3517,446,213,12,0.479,2.05,308,8.14,55.21,нет,нет,нет,нет,нет,A,2009-12-01,2011-11-01
22173,METAL 4 HOOK HANGER FRENCH CHATEAU,A,X,AX,Оставить,нет,7202.74,7363.9,274.51,2270,468,201,11,0.427,3.17,309,8.16,55.29,нет,нет,нет,нет,нет,A,2009-12-01,2011-11-01
22750,FELTCRAFT PRINCESS LOLA DOLL,A,Y,AY,Оставить: сезонный спрос,нет,7195.74,4190.77,266.09,1926,389,235,12,0.549,3.74,310,8.19,55.37,нет,да,нет,нет,нет,A,2010-09-01,2011-11-01
23204,CHARLOTTE BAG APPLES DESIGN,A,Y,AY,Оставить,нет,7181.48,0.0,484.21,7505,558,196,8,0.807,0.96,311,8.22,55.44,нет,нет,нет,нет,нет,не продавался,2011-04-01,2011-11-01
22627,MINT KITCHEN SCALES,A,Y,AY,Оставить: сезонный спрос,нет,7156.37,6469.41,296.76,810,332,183,10,0.607,8.84,312,8.24,55.52,нет,да,нет,нет,нет,A,2010-05-01,2011-11-01
22367,CHILDRENS APRON SPACEBOY DESIGN,A,X,AX,Оставить: сезонный спрос,нет,7137.37,8221.34,322.46,3591,511,286,12,0.463,1.99,313,8.27,55.59,нет,да,нет,нет,нет,A,2010-01-01,2011-11-01
23238,SET OF 4 KNICK KNACK TINS LONDON,A,Z,AZ,Наблюдать: новый товар,нет,7112.84,0.0,633.87,1684,255,143,6,1.046,4.22,314,8.3,55.67,да,нет,нет,нет,нет,не продавался,2011-06-01,2011-11-01
22909,SET OF 20 VINTAGE CHRISTMAS NAPKINS,A,Z,AZ,Оставить: сезонный спрос,нет,7111.44,6958.28,632.86,7862,550,344,11,1.319,0.9,315,8.32,55.75,нет,да,нет,нет,нет,A,2010-09-01,2011-11-01
22637,PIGGY BANK RETROSPOT,A,Z,AZ,Оставить,нет,7095.88,4366.34,0.0,2754,327,188,12,1.033,2.58,316,8.35,55.82,нет,нет,нет,нет,нет,A,2010-05-01,2011-11-01
22413,METAL SIGN TAKE IT OR LEAVE IT,A,Y,AY,Оставить,нет,7046.14,8359.6,3996.7,2306,397,217,12,0.711,3.06,317,8.38,55.9,нет,нет,нет,нет,нет,A,2010-01-01,2011-11-01
22741,FUNKY DIVA PEN,A,X,AX,Оставить,нет,7034.25,1809.17,288.81,8184,220,105,12,0.408,0.86,318,8.4,55.97,нет,нет,нет,нет,нет,B,2010-09-01,2011-11-01
22631,CIRCUS PARADE LUNCH BOX,A,X,AX,Оставить,нет,7008.24,5038.38,167.93,3593,380,163,12,0.436,1.95,319,8.43,56.05,нет,нет,нет,нет,нет,A,2010-07-01,2011-11-01
21669,BLUE STRIPE CERAMIC DRAWER KNOB,A,X,AX,Оставить,нет,6965.46,6703.03,73.39,5171,416,164,12,0.332,1.35,320,8.45,56.12,нет,нет,нет,нет,нет,A,2009-12-01,2011-11-01
23236,STORAGE TIN VINTAGE DOILY,A,Z,AZ,Наблюдать: новый товар,нет,6941.42,0.0,98.32,2458,315,201,6,1.083,2.82,321,8.48,56.2,да,нет,нет,нет,нет,не продавался,2011-06-01,2011-11-01
22333,RETROSPOT PARTY BAG + STICKER SET,A,X,AX,Оставить,нет,6930.09,7399.31,34.65,4423,310,163,12,0.395,1.57,322,8.51,56.27,нет,нет,нет,нет,нет,A,2009-12-01,2011-11-01
22946,WOODEN ADVENT CALENDAR CREAM,A,Z,AZ,Оставить: сезонный спрос,нет,6929.47,7996.45,100.75,446,132,63,10,1.15,15.54,323,8.53,56.35,нет,да,нет,нет,нет,A,2010-09-01,2011-11-01
22505,MEMO BOARD COTTAGE DESIGN,A,Y,AY,Оставить,нет,6926.52,10895.76,143.05,1431,295,182,12,0.524,4.84,324,8.56,56.42,нет,нет,нет,нет,нет,A,2010-03-01,2011-11-01
22991,GIRAFFE WOODEN RULER,A,Y,AY,Оставить,нет,6917.48,0.0,173.21,3498,254,174,10,0.851,1.98,325,8.59,56.49,нет,нет,нет,нет,нет,не продавался,2011-02-01,2011-11-01
21094,SET/6 RED SPOTTY PAPER PLATES,A,X,AX,Оставить,нет,6881.32,8032.13,51.94,8696,522,178,12,0.371,0.79,326,8.61,56.57,нет,нет,нет,нет,нет,A,2009-12-01,2011-11-01
85014A,BLACK/BLUE POLKADOT UMBRELLA,A,Y,AY,Оставить,нет,6873.73,15297.76,30.31,1177,289,182,12,0.618,5.84,327,8.64,56.64,нет,нет,нет,нет,да,A,2009-12-01,2011-11-01
21258,VICTORIAN SEWING BOX LARGE,A,Z,AZ,Оставить: сезонный спрос,нет,6870.77,13234.01,663.78,478,139,56,6,1.879,14.37,328,8.67,56.71,нет,да,нет,нет,нет,A,2009-12-01,2011-11-01
22663,JUMBO BAG DOLLY GIRL DESIGN,A,Y,AY,Оставить,нет,6869.7,4394.59,162.0,3339,435,167,12,0.54,2.06,329,8.69,56.79,нет,нет,нет,нет,нет,A,2010-07-01,2011-11-01
84030E,ENGLISH ROSE HOT WATER BOTTLE,A,Z,AZ,Оставить: сезонный спрос,нет,6865.37,2729.1,427.08,1513,354,190,12,1.115,4.54,330,8.72,56.86,нет,да,нет,нет,нет,A,2009-12-01,2011-11-01
21169,YOU'RE CONFUSING ME METAL SIGN,A,Y,AY,Оставить,нет,6853.31,6938.87,428.18,4147,425,184,12,0.542,1.65,331,8.75,56.93,нет,нет,нет,нет,нет,A,2009-12-01,2011-11-01
21922,UNION STRIPE WITH FRINGE  HAMMOCK,A,Z,AZ,Оставить: сезонный спрос,нет,6846.77,4254.82,89.64,889,201,109,12,1.146,7.7,332,8.77,57.01,нет,да,нет,нет,нет,A,2010-04-01,2011-11-01
22485,SET OF 2 WOODEN MARKET CRATES,A,Y,AY,Оставить,нет,6838.3,7449.24,288.3,495,202,138,12,0.567,13.81,333,8.8,57.08,нет,нет,нет,нет,нет,A,2010-03-01,2011-11-01
22767,TRIPLE PHOTO FRAME CORNICE,A,Y,AY,Оставить,нет,6825.3,2284.78,238.8,739,204,148,12,0.767,9.24,334,8.82,57.15,нет,нет,нет,нет,нет,B,2010-10-01,2011-11-01
23297,SET 40 HEART SHAPE PETIT FOUR CASES,A,Z,AZ,Наблюдать: новый товар,нет,6755.93,0.0,0.0,4281,158,122,5,1.866,1.58,335,8.85,57.23,да,нет,нет,нет,нет,не продавался,2011-07-01,2011-11-01
22553,PLASTERS IN TIN SKULLS,A,X,AX,Оставить: сезонный спрос,нет,6752.78,5838.13,300.14,4028,528,274,12,0.466,1.68,336,8.88,57.3,нет,да,нет,нет,нет,A,2010-03-01,2011-11-01
22839,3 TIER CAKE TIN GREEN AND CREAM,A,X,AX,Оставить,нет,6744.74,1989.5,117.33,432,190,103,12,0.455,15.61,337,8.9,57.37,нет,нет,нет,нет,нет,B,2010-10-01,2011-11-01
21259,VICTORIAN SEWING BOX SMALL,A,Y,AY,Оставить,нет,6728.74,6742.92,318.71,1127,270,131,12,0.674,5.97,338,8.93,57.44,нет,нет,нет,нет,нет,A,2009-12-01,2011-11-01
84949,SILVER HANGING T-LIGHT HOLDER,A,Y,AY,Оставить: сезонный спрос,нет,6722.69,11095.56,562.75,4202,266,156,12,0.785,1.6,339,8.96,57.51,нет,да,нет,нет,нет,A,2009-12-01,2011-11-01
75049L,LARGE CIRCULAR MIRROR MOBILE,A,Y,AY,Оставить,нет,6718.88,6189.22,10.0,6996,201,69,12,0.684,0.96,340,8.98,57.58,нет,нет,нет,нет,нет,A,2009-12-01,2011-11-01
22634,CHILDS BREAKFAST SET SPACEBOY,A,X,AX,Оставить,нет,6706.84,8536.5,296.91,716,205,147,12,0.452,9.37,341,9.01,57.66,нет,нет,нет,нет,нет,A,2010-05-01,2011-11-01
22179,SET 10 LIGHTS NIGHT OWL,A,X,AX,Оставить,нет,6694.63,7172.16,464.07,897,271,97,12,0.488,7.46,342,9.04,57.73,нет,нет,нет,нет,нет,A,2009-12-01,2011-11-01
23254,CHILDRENS CUTLERY DOLLY GIRL,A,Y,AY,Оставить,нет,6687.32,0.0,145.24,1652,282,201,8,0.898,4.05,343,9.06,57.8,нет,нет,нет,нет,нет,не продавался,2011-04-01,2011-11-01
23541,WALL ART CLASSIC PUDDINGS,A,Z,AZ,Наблюдать: новый товар,нет,6682.71,0.0,124.7,862,146,96,2,2.334,7.75,344,9.09,57.87,да,нет,нет,нет,нет,не продавался,2011-10-01,2011-11-01
22840,ROUND CAKE TIN VINTAGE RED,A,Y,AY,Оставить,нет,6681.52,3032.41,118.92,888,256,184,12,0.591,7.52,345,9.11,57.94,нет,нет,нет,нет,нет,A,2010-10-01,2011-11-01
21165,BEWARE OF THE CAT METAL SIGN,A,X,AX,Оставить,нет,6680.4,8150.56,235.02,4012,433,173,12,0.398,1.67,346,9.14,58.01,нет,нет,нет,нет,нет,A,2009-12-01,2011-11-01
23080,RED METAL BOX TOP SECRET,A,Z,AZ,Оставить,нет,6680.0,0.0,2371.62,784,220,139,7,1.302,8.52,347,9.17,58.09,нет,нет,нет,нет,нет,не продавался,2011-05-01,2011-11-01
23215,JINGLE BELL HEART ANTIQUE SILVER,A,Z,AZ,Наблюдать: новый товар,нет,6662.22,0.0,376.18,3393,194,152,6,1.623,1.96,348,9.19,58.16,да,нет,нет,нет,нет,не продавался,2011-06-01,2011-11-01
22294,HEART FILIGREE DOVE  SMALL,A,X,AX,Оставить,нет,6635.36,13764.3,139.72,5328,289,160,12,0.43,1.25,349,9.22,58.23,нет,нет,нет,нет,нет,A,2009-12-01,2011-11-01
21888,BINGO SET,A,Y,AY,Оставить,нет,6629.62,6902.63,18.67,1682,373,209,12,0.748,3.94,350,9.25,58.3,нет,нет,нет,нет,нет,A,2009-12-01,2011-11-01
22655,VINTAGE RED KITCHEN CABINET,A,Y,AY,Оставить,нет,6615.0,4130.0,0.0,52,32,30,11,0.79,127.21,351,9.27,58.37,нет,нет,нет,нет,нет,A,2010-07-01,2011-11-01
84988,SET OF 72 PINK HEART PAPER DOILIES,A,X,AX,Оставить,нет,6604.8,6241.99,49.05,4275,499,206,12,0.368,1.54,352,9.3,58.44,нет,нет,нет,нет,нет,A,2009-12-01,2011-11-01
21672,WHITE SPOT RED CERAMIC DRAWER KNOB,A,X,AX,Оставить,нет,6597.56,7602.63,130.94,4888,397,156,12,0.382,1.35,353,9.33,58.51,нет,нет,нет,нет,нет,A,2009-12-01,2011-11-01
22834,HAND WARMER BABUSHKA DESIGN,A,Z,AZ,Оставить,нет,6589.13,4157.1,223.4,4674,345,193,12,2.317,1.41,354,9.35,58.58,нет,нет,нет,нет,нет,A,2010-09-01,2011-11-01
23535,WALL ART BICYCLE SAFETY,A,Z,AZ,Наблюдать: новый товар,нет,6579.1,0.0,1855.19,1036,179,121,2,2.267,6.35,355,9.38,58.65,да,нет,нет,нет,нет,не продавался,2011-10-01,2011-11-01
23283,DOORMAT VINTAGE LEAF,A,Z,AZ,Оставить,нет,6551.83,0.0,402.05,941,212,136,8,1.198,6.96,356,9.41,58.72,нет,нет,нет,нет,нет,не продавался,2011-04-01,2011-11-01
84970L,SINGLE HEART ZINC T-LIGHT HOLDER,A,X,AX,Оставить,нет,6541.84,10810.88,277.26,6079,489,229,12,0.368,1.08,357,9.43,58.79,нет,нет,нет,нет,да,A,2009-12-01,2011-11-01
23008,DOLLY GIRL BABY GIFT SET,A,Y,AY,Оставить,нет,6540.85,0.0,77.06,421,125,96,9,0.973,15.54,358,9.46,58.86,нет,нет,нет,нет,нет,не продавался,2011-03-01,2011-11-01
47591D,PINK FAIRY CAKE CHILDRENS APRON,A,Y,AY,Оставить: сезонный спрос,нет,6530.12,11976.38,177.02,3238,480,245,12,0.52,2.02,359,9.48,58.93,нет,да,нет,нет,да,A,2009-12-01,2011-11-01
22170,PICTURE FRAME WOOD TRIPLE PORTRAIT,A,X,AX,Оставить,нет,6527.57,8333.02,290.88,999,252,138,12,0.459,6.53,360,9.51,59.0,нет,нет,нет,нет,нет,A,2009-12-01,2011-11-01
22943,CHRISTMAS LIGHTS 10 VINTAGE BAUBLES,A,Z,AZ,Оставить: сезонный спрос,нет,6505.91,4941.17,205.01,1327,194,127,12,1.528,4.9,361,9.54,59.07,нет,да,нет,нет,нет,A,2010-10-01,2011-11-01
23293,SET OF 12 FAIRY CAKE BAKING CASES,A,Z,AZ,Наблюдать: новый товар,нет,6503.23,0.0,464.73,7914,511,315,5,1.252,0.82,362,9.56,59.14,да,нет,нет,нет,нет,не продавался,2011-07-01,2011-11-01
21326,AGED GLASS SILVER T-LIGHT HOLDER,A,Y,AY,Оставить,нет,6498.07,4687.14,361.2,9935,325,166,12,0.506,0.65,363,9.59,59.21,нет,нет,нет,нет,нет,A,2009-12-01,2011-11-01
23320,GIANT 50'S CHRISTMAS CRACKER,A,Z,AZ,Наблюдать: новый товар,нет,6497.55,0.0,521.34,2295,281,232,5,1.465,2.83,364,9.62,59.28,да,нет,нет,нет,нет,не продавался,2011-07-01,2011-11-01
20969,RED FLORAL FELTCRAFT SHOULDER BAG,A,Z,AZ,Оставить,нет,6483.08,4837.09,258.19,1761,284,154,12,1.029,3.68,365,9.64,59.35,нет,нет,нет,нет,нет,A,2009-12-01,2011-11-01
22620,4 TRADITIONAL SPINNING TOPS,A,X,AX,Оставить,нет,6482.39,4283.74,299.82,4708,455,247,12,0.452,1.38,366,9.67,59.42,нет,нет,нет,нет,нет,A,2010-05-01,2011-11-01
22668,PINK BABY BUNTING,A,Y,AY,Оставить,нет,6476.94,4205.33,44.03,2106,337,156,12,0.574,3.08,367,9.7,59.49,нет,нет,нет,нет,нет,A,2010-07-01,2011-11-01
23083,SET 6 PAPER TABLE LANTERN STARS,A,Z,AZ,Оставить,нет,6471.08,0.0,621.9,1734,216,148,7,1.458,3.73,368,9.72,59.56,нет,нет,нет,нет,нет,не продавался,2011-05-01,2011-11-01
23103,JINGLE BELL HEART DECORATION,A,Z,AZ,Оставить,нет,6463.46,0.0,343.1,3850,338,221,7,1.172,1.68,369,9.75,59.62,нет,нет,нет,нет,нет,не продавался,2011-05-01,2011-11-01
22580,ADVENT CALENDAR GINGHAM SACK,A,Z,AZ,Оставить: сезонный спрос,нет,6441.74,6001.74,406.45,1222,234,125,9,1.694,5.27,370,9.78,59.69,нет,да,нет,нет,нет,A,2010-07-01,2011-11-01
23134,LARGE ZINC HEART WALL ORGANISER,A,Z,AZ,Оставить,нет,6431.11,0.0,0.0,1065,38,29,6,1.758,6.04,371,9.8,59.76,нет,нет,нет,да,нет,не продавался,2011-04-01,2011-09-01
21533,RETRO SPOT LARGE MILK JUG,A,X,AX,Оставить,нет,6412.62,9869.1,143.55,1301,324,202,12,0.43,4.93,372,9.83,59.83,нет,нет,нет,нет,нет,A,2009-12-01,2011-11-01
82001S,VINYL RECORD FRAME SILVER,A,Y,AY,Оставить,нет,6391.61,4789.05,249.97,1664,143,49,12,0.61,3.84,373,9.85,59.9,нет,нет,нет,нет,нет,A,2009-12-01,2011-11-01
23169,CLASSIC GLASS COOKIE JAR,A,Y,AY,Оставить,нет,6367.1,0.0,158.79,1484,295,195,7,0.964,4.29,374,9.88,59.97,нет,нет,нет,нет,нет,не продавался,2011-05-01,2011-11-01
22950,36 DOILIES VINTAGE CHRISTMAS,A,Z,AZ,Оставить: сезонный спрос,нет,6359.35,3601.09,0.0,4597,181,154,6,1.756,1.38,375,9.91,60.03,нет,да,нет,нет,нет,A,2010-09-01,2011-11-01
22508,DOORSTOP RETROSPOT HEART,A,Z,AZ,Оставить,нет,6346.08,5002.32,116.05,1551,285,172,12,1.623,4.09,376,9.93,60.1,нет,нет,нет,нет,нет,A,2010-03-01,2011-11-01
84992,72 SWEETHEART FAIRY CAKE CASES,A,X,AX,Оставить,нет,6339.18,10617.87,122.1,12981,586,316,12,0.374,0.49,377,9.96,60.17,нет,нет,нет,нет,нет,A,2009-12-01,2011-11-01
21257,VICTORIAN SEWING BOX MEDIUM,A,Y,AY,Оставить,нет,6315.87,7011.41,490.15,639,242,94,12,0.614,9.88,378,9.99,60.24,нет,нет,нет,нет,нет,A,2009-12-01,2011-11-01
21380,WOODEN HAPPY BIRTHDAY GARLAND,A,Y,AY,Оставить,нет,6289.81,6701.81,17.7,2159,289,137,12,0.591,2.91,379,10.01,60.31,нет,нет,нет,нет,нет,A,2009-12-01,2011-11-01
21122,SET/10 PINK POLKADOT PARTY CANDLES,A,X,AX,Оставить,нет,6261.12,8326.24,137.42,5145,334,207,12,0.4,1.22,380,10.04,60.37,нет,нет,нет,нет,нет,A,2009-12-01,2011-11-01
20676,RED RETROSPOT BOWL,A,X,AX,Оставить,нет,6215.37,6624.57,144.44,4909,433,178,12,0.423,1.27,381,10.07,60.44,нет,нет,нет,нет,нет,A,2009-12-01,2011-11-01
22895,SET OF 2 TEA TOWELS APPLE AND PEARS,A,X,AX,Оставить,нет,6198.3,2314.19,118.3,2026,272,160,12,0.482,3.06,382,10.09,60.5,нет,нет,нет,нет,нет,B,2010-09-01,2011-11-01
23247,BISCUIT TIN 50'S CHRISTMAS,A,Z,AZ,Наблюдать: новый товар,нет,6195.52,0.0,390.31,2028,283,218,6,1.46,3.05,383,10.12,60.57,да,нет,нет,нет,нет,не продавался,2011-06-01,2011-11-01
22109,FULL ENGLISH BREAKFAST PLATE,A,Y,AY,Оставить,нет,6185.48,6647.49,701.92,1470,267,93,12,0.776,4.21,384,10.15,60.64,нет,нет,нет,нет,нет,A,2009-12-01,2011-11-01
22979,PANTRY WASHING UP BRUSH,A,Y,AY,Оставить,нет,6180.86,0.0,103.56,3946,368,222,9,0.871,1.57,385,10.17,60.7,нет,нет,нет,нет,нет,не продавался,2011-03-01,2011-11-01
20718,RED RETROSPOT SHOPPER BAG,A,X,AX,Оставить,нет,6177.72,10813.06,401.57,4426,546,229,12,0.312,1.4,386,10.2,60.77,нет,нет,нет,нет,нет,A,2009-12-01,2011-11-01
22635,CHILDS BREAKFAST SET DOLLY GIRL,A,Y,AY,Оставить,нет,6165.23,9253.33,177.45,655,182,136,12,0.621,9.41,387,10.22,60.84,нет,нет,нет,нет,нет,A,2010-05-01,2011-11-01
23582,VINTAGE DOILY JUMBO BAG RED,A,Z,AZ,Наблюдать: новый товар,нет,6133.53,0.0,3673.28,2581,217,170,2,2.609,2.38,388,10.25,60.9,да,нет,нет,нет,нет,не продавался,2011-10-01,2011-11-01
22784,LANTERN CREAM GAZEBO,A,X,AX,Оставить,нет,6125.67,1361.2,180.87,1228,283,188,12,0.351,4.99,389,10.28,60.97,нет,нет,нет,нет,нет,B,2010-10-01,2011-11-01
23229,VINTAGE DONKEY TAIL GAME,A,Z,AZ,Наблюдать: новый товар,нет,6109.98,0.0,603.48,1702,236,178,6,1.141,3.59,390,10.3,61.03,да,нет,нет,нет,нет,не продавался,2011-06-01,2011-11-01
22141,CHRISTMAS CRAFT TREE TOP ANGEL,A,Z,AZ,Оставить: сезонный спрос,нет,6068.43,2431.42,395.36,2653,422,243,11,1.454,2.29,391,10.33,61.1,нет,да,нет,нет,нет,A,2009-12-01,2011-11-01
22303,COFFEE MUG APPLES DESIGN,A,Y,AY,Оставить,нет,6049.29,6248.63,198.06,2702,249,149,12,0.639,2.24,392,10.36,61.16,нет,нет,нет,нет,нет,A,2009-12-01,2011-11-01
47556B,TEA TIME TEA TOWELS,A,Z,AZ,Проверить наличие: продажи значимого товара прекратились,нет,6045.0,7267.06,0.0,2600,2,1,2,2.236,2.33,393,10.38,61.23,нет,нет,да,да,нет,A,2009-12-01,2011-04-01
23307,SET OF 60 PANTRY DESIGN CAKE CASES,A,Z,AZ,Наблюдать: новый товар,нет,6036.09,0.0,295.65,11389,597,359,6,1.08,0.53,394,10.41,61.29,да,нет,нет,нет,нет,не продавался,2011-06-01,2011-11-01
22151,PLACE SETTING WHITE HEART,A,X,AX,Оставить,нет,6025.99,4965.44,130.62,14359,319,167,12,0.419,0.42,395,10.44,61.35,нет,нет,нет,нет,нет,A,2009-12-01,2011-11-01
21975,PACK OF 60 DINOSAUR CAKE CASES,A,X,AX,Оставить,нет,6023.31,9094.51,66.0,12182,588,286,12,0.424,0.49,396,10.46,61.42,нет,нет,нет,нет,нет,A,2009-12-01,2011-11-01
23571,TRADITIONAL NAUGHTS & CROSSES,A,Z,AZ,Наблюдать: новый товар,нет,5994.61,0.0,412.3,2611,221,172,2,2.85,2.3,397,10.49,61.48,да,нет,нет,нет,нет,не продавался,2011-10-01,2011-11-01
21670,BLUE SPOT CERAMIC DRAWER KNOB,A,X,AX,Оставить,нет,5992.96,5987.91,64.63,4285,364,155,12,0.282,1.4,398,10.52,61.55,нет,нет,нет,нет,нет,A,2009-12-01,2011-11-01
21912,VINTAGE SNAKES & LADDERS,A,X,AX,Оставить,нет,5971.1,7333.63,1076.6,1494,370,191,12,0.484,4.0,399,10.54,61.61,нет,нет,нет,нет,нет,A,2009-12-01,2011-11-01
22783,SET 3 WICKER OVAL BASKETS W LIDS,A,Z,AZ,Оставить,нет,5961.25,355.05,0.0,463,33,29,6,1.958,12.88,400,10.57,61.67,нет,нет,нет,да,нет,C,2010-10-01,2011-06-01
21935,SUKI  SHOULDER BAG,A,X,AX,Оставить,нет,5961.02,6608.45,335.94,3220,509,118,12,0.47,1.85,401,10.59,61.74,нет,нет,нет,нет,нет,A,2009-12-01,2011-11-01
23109,PACK OF SIX LED TEA LIGHTS,A,Z,AZ,Оставить,нет,5949.42,0.0,646.56,2056,242,166,7,1.173,2.89,402,10.62,61.8,нет,нет,нет,нет,нет,не продавался,2011-05-01,2011-11-01
23188,VINTAGE  2 METER FOLDING RULER,A,Z,AZ,Наблюдать: новый товар,нет,5938.18,0.0,489.79,3188,304,198,6,1.257,1.86,403,10.65,61.87,да,нет,нет,нет,нет,не продавался,2011-06-01,2011-11-01
23172,REGENCY TEA PLATE PINK,A,Z,AZ,Оставить,нет,5934.95,0.0,339.86,3635,286,156,7,1.194,1.63,404,10.67,61.93,нет,нет,нет,нет,нет,не продавался,2011-05-01,2011-11-01
21787,RAIN PONCHO RETROSPOT,A,Z,AZ,Оставить,нет,5908.53,4671.38,832.57,7098,229,113,12,1.185,0.83,405,10.7,61.99,нет,нет,нет,нет,нет,A,2010-03-01,2011-11-01
21673,WHITE SPOT BLUE CERAMIC DRAWER KNOB,A,X,AX,Оставить,нет,5907.86,7229.94,59.39,4286,354,150,12,0.369,1.38,406,10.73,62.06,нет,нет,нет,нет,нет,A,2009-12-01,2011-11-01
17003,BROCADE RING PURSE,A,Y,AY,Оставить,нет,5899.68,8585.91,118.71,22687,223,130,12,0.512,0.26,407,10.75,62.12,нет,нет,нет,нет,нет,A,2009-12-01,2011-11-01
23296,SET OF 6 TEA TIME BAKING CASES,A,Z,AZ,Наблюдать: новый товар,нет,5897.52,0.0,75.53,4920,360,237,5,1.345,1.2,408,10.78,62.18,да,нет,нет,нет,нет,не продавался,2011-07-01,2011-11-01
21535,RED RETROSPOT SMALL MILK JUG,A,X,AX,Оставить,нет,5896.76,10810.19,71.4,2452,333,198,12,0.419,2.4,409,10.81,62.24,нет,нет,нет,нет,нет,A,2009-12-01,2011-11-01
21671,RED SPOT CERAMIC DRAWER KNOB,A,X,AX,Оставить,нет,5853.97,6268.28,164.67,4252,358,161,12,0.283,1.38,410,10.83,62.31,нет,нет,нет,нет,нет,A,2009-12-01,2011-11-01
21154,RED RETROSPOT OVEN GLOVE,A,X,AX,Оставить,нет,5853.11,5349.44,242.9,3698,427,169,12,0.309,1.58,411,10.86,62.37,нет,нет,нет,нет,нет,A,2009-12-01,2011-11-01
23382,BOX OF 6 CHRISTMAS CAKE DECORATIONS,A,Z,AZ,Наблюдать: новый товар,нет,5844.38,0.0,1466.8,1508,190,127,2,2.243,3.88,412,10.89,62.43,да,нет,нет,нет,нет,не продавался,2011-10-01,2011-11-01
22584,PACK OF 6 PANNETONE GIFT BOXES,A,Y,AY,Оставить: сезонный спрос,нет,5819.88,7007.82,127.08,2283,188,120,12,0.717,2.55,413,10.91,62.49,нет,да,нет,нет,нет,A,2010-03-01,2011-11-01
23052,RECYCLED ACAPULCO MAT TURQUOISE,A,Y,AY,Оставить,нет,5808.31,0.0,132.78,643,273,146,9,0.888,9.03,414,10.94,62.56,нет,нет,нет,нет,нет,не продавался,2011-03-01,2011-11-01
22366,DOORMAT AIRMAIL,A,Y,AY,Оставить,нет,5808.13,11191.5,33.0,769,215,99,12,0.773,7.55,415,10.96,62.62,нет,нет,нет,нет,нет,A,2010-01-01,2011-11-01
22740,POLKADOT PEN,A,Y,AY,Оставить,нет,5793.62,5601.69,0.0,6842,170,89,9,0.81,0.85,416,10.99,62.68,нет,нет,нет,нет,нет,A,2010-09-01,2011-09-01
21156,RETROSPOT CHILDRENS APRON,A,Y,AY,Оставить: сезонный спрос,нет,5786.77,10909.23,257.53,3017,338,196,12,0.529,1.92,417,11.02,62.74,нет,да,нет,нет,нет,A,2009-12-01,2011-11-01
23192,BUNDLE OF 3 ALPHABET EXERCISE BOOKS,A,Y,AY,Оставить,нет,5771.8,0.0,340.79,3292,328,217,7,0.913,1.75,418,11.04,62.8,нет,нет,нет,нет,нет,не продавался,2011-05-01,2011-11-01
23311,VINTAGE CHRISTMAS STOCKING,A,Z,AZ,Наблюдать: новый товар,нет,5768.87,0.0,698.93,2158,306,230,5,1.656,2.67,419,11.07,62.87,да,нет,нет,нет,нет,не продавался,2011-07-01,2011-11-01
21871,SAVE THE PLANET MUG,A,Y,AY,Оставить,нет,5748.17,6851.58,224.71,4662,339,131,12,0.679,1.23,420,11.1,62.93,нет,нет,нет,нет,нет,A,2009-12-01,2011-11-01
23480,MINI LIGHTS WOODLAND MUSHROOMS,A,Z,AZ,Наблюдать: новый товар,нет,5744.98,0.0,974.16,1559,175,128,2,2.377,3.69,421,11.12,62.99,да,нет,нет,нет,нет,не продавался,2011-10-01,2011-11-01
48129,DOORMAT TOPIARY,A,Z,AZ,Оставить,нет,5740.85,13472.07,177.34,869,195,121,12,1.225,6.61,422,11.15,63.05,нет,нет,нет,нет,нет,A,2009-12-01,2011-11-01
22971,QUEENS GUARD COFFEE MUG,A,X,AX,Оставить,нет,5737.93,0.0,111.36,2393,263,160,12,0.447,2.4,423,11.18,63.11,нет,нет,нет,нет,нет,не продавался,2010-12-01,2011-11-01
22826,LOVE SEAT ANTIQUE WHITE METAL,A,Z,AZ,Оставить,нет,5735.0,0.0,0.0,55,38,31,10,1.021,104.27,424,11.2,63.17,нет,нет,нет,нет,нет,не продавался,2010-12-01,2011-11-01
22174,PHOTO CUBE,A,Z,AZ,Оставить,нет,5732.6,4395.55,246.18,3132,306,102,12,1.263,1.83,425,11.23,63.23,нет,нет,нет,нет,нет,A,2009-12-01,2011-11-01
21877,HOME SWEET HOME MUG,A,Y,AY,Оставить,нет,5714.4,8839.33,141.81,4325,331,171,12,0.885,1.32,426,11.25,63.29,нет,нет,нет,нет,нет,A,2009-12-01,2011-11-01
22779,WOODEN OWLS LIGHT GARLAND,A,Y,AY,Оставить,нет,5683.6,841.5,80.75,1512,141,84,12,0.943,3.76,427,11.28,63.36,нет,нет,нет,нет,нет,B,2010-10-01,2011-11-01
22595,GINGHAM HEART DECORATION,A,Z,AZ,Оставить: сезонный спрос,нет,5633.08,4720.43,87.13,6691,456,269,12,1.221,0.84,428,11.31,63.42,нет,да,нет,нет,нет,A,2010-07-01,2011-11-01
22751,FELTCRAFT PRINCESS OLIVIA DOLL,A,Y,AY,Оставить,нет,5584.29,2629.5,194.68,1513,271,174,12,0.789,3.69,429,11.33,63.48,нет,нет,нет,нет,нет,A,2010-09-01,2011-11-01
22365,DOORMAT RESPECTABLE HOUSE,A,Z,AZ,Оставить,нет,5577.39,9529.01,160.74,773,168,78,12,1.205,7.22,430,11.36,63.54,нет,нет,нет,нет,нет,A,2010-01-01,2011-11-01
22088,PAPER BUNTING COLOURED LACE,A,Z,AZ,Оставить,нет,5514.8,7415.83,0.0,1838,236,115,8,1.109,3.0,431,11.39,63.59,нет,нет,нет,нет,нет,A,2009-12-01,2011-07-01
22837,HOT WATER BOTTLE BABUSHKA,A,Z,AZ,Оставить,нет,5500.28,10797.25,0.0,1136,176,106,10,3.038,4.84,432,11.41,63.65,нет,нет,нет,нет,нет,A,2010-10-01,2011-09-01
21558,SKULL LUNCH BOX WITH CUTLERY,A,X,AX,Оставить,нет,5482.49,5035.14,57.53,2112,401,165,12,0.275,2.6,433,11.44,63.71,нет,нет,нет,нет,нет,A,2009-12-01,2011-11-01
22904,CALENDAR PAPER CUT DESIGN,A,X,AX,Оставить,нет,5467.26,4407.79,0.0,1834,271,162,12,0.493,2.98,434,11.47,63.77,нет,нет,нет,нет,нет,A,2010-09-01,2011-11-01
22488,NATURAL SLATE RECTANGLE CHALKBOARD,A,X,AX,Оставить,нет,5454.95,6191.28,72.53,3130,400,208,12,0.286,1.74,435,11.49,63.83,нет,нет,нет,нет,нет,A,2010-03-01,2011-11-01
22150,3 STRIPEY MICE FELTCRAFT,A,X,AX,Оставить,нет,5449.72,7329.51,444.47,2795,432,276,12,0.435,1.95,436,11.52,63.89,нет,нет,нет,нет,нет,A,2009-12-01,2011-11-01
62018,SOMBRERO,A,Z,AZ,Оставить: сезонный спрос,нет,5447.35,6734.0,269.5,4205,58,38,12,1.141,1.3,437,11.55,63.94,нет,да,нет,да,нет,A,2009-12-01,2011-11-01
21242,RED RETROSPOT PLATE,A,X,AX,Оставить,нет,5445.95,6204.5,216.58,3213,293,144,12,0.433,1.69,438,11.57,64.0,нет,нет,нет,нет,нет,A,2009-12-01,2011-11-01
23154,SET OF 4 JAM JAR MAGNETS,A,Y,AY,Оставить,нет,5442.03,0.0,298.93,2496,225,136,9,0.686,2.18,439,11.6,64.06,нет,нет,нет,нет,нет,не продавался,2011-03-01,2011-11-01
23312,VINTAGE CHRISTMAS GIFT SACK,A,Z,AZ,Наблюдать: новый товар,нет,5433.06,0.0,526.94,1306,191,160,5,1.414,4.16,440,11.62,64.12,да,нет,нет,нет,нет,не продавался,2011-07-01,2011-11-01
23133,LARGE IVORY HEART WALL ORGANISER,A,Z,AZ,Оставить,нет,5396.89,0.0,128.51,767,150,94,8,1.318,7.04,441,11.65,64.18,нет,нет,нет,нет,нет,не продавался,2011-04-01,2011-11-01
22429,ENAMEL MEASURING JUG CREAM,A,X,AX,Оставить,нет,5380.94,4319.86,100.74,1238,362,225,12,0.426,4.35,442,11.68,64.23,нет,нет,нет,нет,нет,A,2010-03-01,2011-11-01
22907,PACK OF 20 NAPKINS PANTRY DESIGN,A,X,AX,Оставить,нет,5379.96,1475.95,146.76,6177,650,351,12,0.367,0.87,443,11.7,64.29,нет,нет,нет,нет,нет,B,2010-09-01,2011-11-01
22466,FAIRY TALE COTTAGE NIGHTLIGHT,A,Z,AZ,Оставить,нет,5368.34,4227.99,214.05,2964,191,107,12,1.04,1.81,444,11.73,64.35,нет,нет,нет,нет,нет,A,2010-03-01,2011-11-01
23205,CHARLOTTE BAG VINTAGE ALPHABET,A,Y,AY,Оставить,нет,5366.29,0.0,288.09,5572,445,196,8,0.759,0.96,445,11.76,64.41,нет,нет,нет,нет,нет,не продавался,2011-04-01,2011-11-01
23118,PARISIENNE JEWELLERY DRAWER,A,Z,AZ,Оставить,нет,5355.68,0.0,671.5,713,234,146,7,1.038,7.51,446,11.78,64.46,нет,нет,нет,нет,нет,не продавался,2011-05-01,2011-11-01
23135,SMALL ZINC HEART WALL ORGANISER,A,Z,AZ,Оставить,нет,5350.67,0.0,65.51,1522,43,31,8,1.397,3.52,447,11.81,64.52,нет,нет,нет,да,нет,не продавался,2011-04-01,2011-11-01
22418,10 COLOUR SPACEBOY PEN,A,X,AX,Оставить: сезонный спрос,нет,5347.64,4811.88,106.91,6300,299,172,12,0.384,0.85,448,11.84,64.58,нет,да,нет,нет,нет,A,2010-05-01,2011-11-01
22349,DOG BOWL CHASING BALL DESIGN,A,Z,AZ,Оставить,нет,5344.06,5147.65,37.46,1357,127,85,12,1.973,3.94,449,11.86,64.64,нет,нет,нет,да,нет,A,2009-12-01,2011-11-01
22297,HEART IVORY TRELLIS SMALL,A,X,AX,Оставить,нет,5336.48,11908.96,123.43,4073,369,154,12,0.435,1.31,450,11.89,64.69,нет,нет,нет,нет,нет,A,2009-12-01,2011-11-01
23485,BOTANICAL GARDENS WALL CLOCK,A,Z,AZ,Наблюдать: новый товар,нет,5327.52,0.0,233.2,240,68,59,2,2.41,22.2,451,11.92,64.75,да,нет,нет,нет,нет,не продавался,2011-10-01,2011-11-01
22796,PHOTO FRAME 3 CLASSIC HANGING,A,X,AX,Оставить,нет,5287.45,2173.3,99.5,530,211,136,12,0.249,9.98,452,11.94,64.81,нет,нет,нет,нет,нет,B,2010-10-01,2011-11-01
22964,3 PIECE SPACEBOY COOKIE CUTTER SET,A,Y,AY,Оставить,нет,5227.55,294.04,230.44,2515,356,210,12,0.583,2.08,453,11.97,64.86,нет,нет,нет,нет,нет,C,2010-11-01,2011-11-01
22646,CERAMIC STRAWBERRY CAKE MONEY BANK,A,X,AX,Оставить,нет,5217.48,6902.39,446.39,3391,358,167,12,0.473,1.54,454,11.99,64.92,нет,нет,нет,нет,нет,A,2010-05-01,2011-11-01
23126,FELTCRAFT GIRL AMELIE KIT,A,Y,AY,Оставить,нет,5213.4,0.0,264.19,1048,272,192,9,0.799,4.97,455,12.02,64.97,нет,нет,нет,нет,нет,не продавался,2011-03-01,2011-11-01
22845,VINTAGE CREAM CAT FOOD CONTAINER,A,X,AX,Оставить,нет,5210.4,1361.32,167.48,774,304,153,12,0.412,6.73,456,12.05,65.03,нет,нет,нет,нет,нет,B,2010-10-01,2011-11-01
21172,PARTY METAL SIGN,A,Y,AY,Оставить,нет,5185.37,5973.93,135.86,3383,450,228,11,0.639,1.53,457,12.07,65.08,нет,нет,нет,нет,нет,A,2009-12-01,2011-11-01
22689,DOORMAT MERRY CHRISTMAS RED,A,Z,AZ,Оставить: сезонный спрос,нет,5159.75,2852.97,0.0,671,145,93,9,1.622,7.69,458,12.1,65.14,нет,да,нет,нет,нет,A,2010-06-01,2011-11-01
22665,RECIPE BOX BLUE SKETCHBOOK DESIGN,A,X,AX,Оставить,нет,5159.63,4359.41,0.0,1505,352,161,12,0.489,3.43,459,12.13,65.19,нет,нет,нет,нет,нет,A,2010-07-01,2011-11-01
22296,HEART IVORY TRELLIS LARGE,A,X,AX,Оставить,нет,5158.66,10779.84,89.06,3090,310,187,12,0.303,1.67,460,12.15,65.25,нет,нет,нет,нет,нет,A,2009-12-01,2011-11-01
22207,FRYING PAN UNION FLAG,A,X,AX,Оставить,нет,5152.23,7422.48,407.11,1165,193,66,12,0.461,4.42,461,12.18,65.31,нет,нет,нет,нет,нет,A,2009-12-01,2011-11-01
23158,SET OF 5 LUCKY CAT MAGNETS,A,Y,AY,Оставить,нет,5148.38,0.0,290.57,2478,234,94,9,0.639,2.08,462,12.21,65.36,нет,нет,нет,нет,нет,не продавался,2011-03-01,2011-11-01
21844,RED RETROSPOT MUG,A,X,AX,Оставить,нет,5144.09,10144.05,5.9,1839,154,97,12,0.497,2.8,463,12.23,65.42,нет,нет,нет,нет,нет,A,2009-12-01,2011-11-01
22998,TRAVEL CARD WALLET KEEP CALM,A,Y,AY,Оставить,нет,5079.17,0.0,142.91,11959,506,212,10,0.607,0.42,464,12.26,65.47,нет,нет,нет,нет,нет,не продавался,2011-02-01,2011-11-01
23132,SMALL IVORY HEART WALL ORGANISER,A,Z,AZ,Оставить,нет,5073.43,0.0,65.17,1011,146,114,8,1.269,5.02,465,12.29,65.52,нет,нет,нет,нет,нет,не продавался,2011-04-01,2011-11-01
22848,BREAD BIN DINER STYLE PINK,A,Y,AY,Оставить,нет,5063.9,886.25,0.0,314,122,65,11,0.589,16.13,466,12.31,65.58,нет,нет,нет,нет,нет,B,2010-10-01,2011-10-01
22120,WELCOME  WOODEN BLOCK LETTERS,A,X,AX,Оставить,нет,5057.98,5037.25,69.71,505,183,119,12,0.406,10.02,467,12.34,65.63,нет,нет,нет,нет,нет,A,2009-12-01,2011-11-01
22772,PINK DRAWER KNOB ACRYLIC EDWARDIAN,A,X,AX,Оставить,нет,5036.05,783.22,80.65,3756,249,84,12,0.432,1.34,468,12.36,65.69,нет,нет,нет,нет,нет,B,2010-10-01,2011-11-01
21428,SET3 BOOK BOX GREEN GINGHAM FLOWER,A,X,AX,Оставить,нет,5032.93,6582.3,105.2,1181,252,112,12,0.448,4.26,469,12.39,65.74,нет,нет,нет,нет,нет,A,2009-12-01,2011-11-01
22623,BOX OF VINTAGE JIGSAW BLOCKS,A,Y,AY,Оставить,нет,5024.59,6936.02,131.47,904,221,155,12,0.601,5.56,470,12.42,65.79,нет,нет,нет,нет,нет,A,2010-05-01,2011-11-01
22957,SET 3 PAPER VINTAGE CHICK PAPER EGG,A,Z,AZ,Оставить,нет,5014.65,0.0,0.0,1775,214,179,6,1.48,2.83,471,12.44,65.85,нет,нет,нет,нет,нет,не продавался,2011-01-01,2011-09-01
22271,FELTCRAFT DOLL ROSIE,A,X,AX,Оставить: сезонный спрос,нет,5004.4,8101.73,0.0,1700,300,181,12,0.454,2.94,472,12.47,65.9,нет,да,нет,нет,нет,A,2009-12-01,2011-11-01
23526,WALL ART DOG LICENCE,A,Z,AZ,Наблюдать: новый товар,нет,4994.21,0.0,939.19,821,124,72,2,2.294,6.08,473,12.5,65.95,да,нет,нет,нет,нет,не продавался,2011-10-01,2011-11-01
22302,COFFEE MUG PEARS  DESIGN,A,Y,AY,Оставить,нет,4946.15,5355.61,172.84,2259,202,129,12,0.698,2.19,474,12.52,66.01,нет,нет,нет,нет,нет,A,2009-12-01,2011-11-01
21164,HOME SWEET HOME METAL SIGN,A,Y,AY,Оставить,нет,4943.69,11452.73,194.59,1695,269,161,12,0.566,2.92,475,12.55,66.06,нет,нет,нет,нет,нет,A,2009-12-01,2011-11-01
23162,REGENCY TEA STRAINER,A,Z,AZ,Оставить,нет,4929.8,0.0,213.89,1356,169,96,8,1.026,3.64,476,12.58,66.11,нет,нет,нет,нет,нет,не продавался,2011-04-01,2011-11-01
22781,GUMBALL MAGAZINE RACK,A,X,AX,Оставить,нет,4926.66,1631.07,195.5,596,217,116,12,0.381,8.27,477,12.6,66.16,нет,нет,нет,нет,нет,B,2010-10-01,2011-11-01
22827,RUSTIC  SEVENTEEN DRAWER SIDEBOARD,A,Y,AY,Оставить,нет,4920.0,1570.0,0.0,32,23,18,11,0.69,153.75,478,12.63,66.22,нет,нет,нет,нет,нет,B,2010-10-01,2011-11-01
22780,LIGHT GARLAND BUTTERFILES PINK,A,Y,AY,Оставить,нет,4916.84,1089.25,76.5,1316,124,78,12,0.974,3.74,479,12.66,66.27,нет,нет,нет,нет,нет,B,2010-10-01,2011-11-01
22798,ANTIQUE GLASS DRESSING TABLE POT,A,Y,AY,Оставить,нет,4916.11,1774.79,621.59,1593,247,119,12,0.527,3.09,480,12.68,66.32,нет,нет,нет,нет,нет,B,2010-10-01,2011-11-01
22464,HANGING METAL HEART LANTERN,A,X,AX,Оставить: сезонный спрос,нет,4904.94,7360.48,416.89,2821,317,176,12,0.258,1.74,481,12.71,66.37,нет,да,нет,нет,нет,A,2010-03-01,2011-11-01
84212,"ASSORTED FLOWER COLOUR ""LEIS""",A,Y,AY,Оставить,нет,4903.67,7026.62,31.2,10267,110,72,12,0.555,0.48,482,12.73,66.43,нет,нет,нет,нет,нет,A,2009-12-01,2011-11-01
37449,CERAMIC CAKE STAND + HANGING CAKES,A,Y,AY,Оставить,нет,4898.39,15866.61,0.0,541,138,102,12,0.551,9.05,483,12.76,66.48,нет,нет,нет,нет,нет,A,2009-12-01,2011-11-01
22898,CHILDRENS APRON APPLES DESIGN,A,X,AX,Оставить,нет,4895.09,1453.24,255.83,2333,344,193,12,0.449,2.1,484,12.79,66.53,нет,нет,нет,нет,нет,B,2010-09-01,2011-11-01
22849,BREAD BIN DINER STYLE MINT,A,Z,AZ,Оставить,нет,4891.18,1260.0,0.0,314,126,77,10,1.005,15.58,485,12.81,66.58,нет,нет,нет,нет,нет,B,2010-10-01,2011-10-01
23397,FOOT STOOL HOME SWEET HOME,A,Z,AZ,Наблюдать: новый товар,нет,4888.2,0.0,189.55,476,208,138,3,1.754,10.27,486,12.84,66.64,да,нет,нет,нет,нет,не продавался,2011-09-01,2011-11-01
23553,LANDMARK FRAME CAMDEN TOWN,A,Z,AZ,Наблюдать: новый товар,нет,4871.23,0.0,1573.42,428,60,48,2,2.731,11.38,487,12.87,66.69,да,нет,нет,да,нет,не продавался,2011-10-01,2011-11-01
23295,SET OF 12 MINI LOAF BAKING CASES,A,Z,AZ,Наблюдать: новый товар,нет,4870.58,0.0,201.21,5921,414,243,5,1.214,0.82,488,12.89,66.74,да,нет,нет,нет,нет,не продавался,2011-07-01,2011-11-01
21756,BATH BUILDING BLOCK WORD,A,X,AX,Оставить: сезонный спрос,нет,4858.16,4908.64,135.6,783,264,166,12,0.381,6.2,489,12.92,66.79,нет,да,нет,нет,нет,A,2009-12-01,2011-11-01
21933,PINK VINTAGE PAISLEY PICNIC BAG,A,Z,AZ,Оставить,нет,4857.8,4109.55,97.98,2618,398,195,12,1.085,1.86,490,12.95,66.84,нет,нет,нет,нет,нет,A,2009-12-01,2011-11-01
21937,STRAWBERRY   PICNIC BAG,A,Z,AZ,Оставить,нет,4857.55,7033.77,11.8,1693,247,145,8,1.235,2.87,491,12.97,66.9,нет,нет,нет,нет,нет,A,2009-12-01,2011-11-01
21932,SCANDINAVIAN PAISLEY PICNIC BAG,A,Y,AY,Оставить,нет,4852.82,3503.23,93.06,2639,433,213,12,0.964,1.84,492,13.0,66.95,нет,нет,нет,нет,нет,A,2009-12-01,2011-11-01
21033,JUMBO BAG CHARLIE AND LOLA TOYS,A,Y,AY,Оставить,нет,4849.65,5247.93,0.0,1931,299,75,10,0.865,2.51,493,13.03,67.0,нет,нет,нет,нет,нет,A,2009-12-01,2011-09-01
21907,I'M ON HOLIDAY METAL SIGN,A,X,AX,Оставить: сезонный спрос,нет,4832.16,5826.44,169.82,2282,355,204,12,0.472,2.12,494,13.05,67.05,нет,да,нет,нет,нет,A,2010-01-01,2011-11-01
21086,SET/6 RED SPOTTY PAPER CUPS,A,X,AX,Оставить,нет,4823.21,5500.23,28.29,7082,424,166,12,0.333,0.68,495,13.08,67.1,нет,нет,нет,нет,нет,A,2009-12-01,2011-11-01
23583,LUNCH BAG PAISLEY PARK,A,Z,AZ,Наблюдать: новый товар,нет,4791.03,0.0,689.8,2987,270,207,2,2.611,1.6,496,13.1,67.15,да,нет,нет,нет,нет,не продавался,2011-10-01,2011-11-01
23310,BUBBLEGUM RING ASSORTED,A,Z,AZ,Наблюдать: новый товар,нет,4787.02,0.0,210.26,11565,227,139,6,1.068,0.41,497,13.13,67.21,да,нет,нет,нет,нет,не продавался,2011-06-01,2011-11-01
21390,FILIGRIS HEART WITH BUTTERFLY,A,X,AX,Оставить,нет,4786.92,8644.84,57.46,3855,205,116,12,0.45,1.24,498,13.16,67.26,нет,нет,нет,нет,нет,A,2009-12-01,2011-11-01
21098,CHRISTMAS TOILET ROLL,A,Z,AZ,Оставить,нет,4786.85,8108.85,291.91,3530,218,104,8,1.626,1.36,499,13.18,67.31,нет,нет,нет,нет,нет,A,2009-12-01,2011-11-01
23263,SET OF 3 WOODEN HEART DECORATIONS,A,Z,AZ,Наблюдать: новый товар,нет,4780.28,0.0,311.91,3622,416,260,6,1.245,1.32,500,13.21,67.36,да,нет,нет,нет,нет,не продавался,2011-06-01,2011-11-01
22301,COFFEE MUG CAT + BIRD DESIGN,A,Y,AY,Оставить,нет,4777.95,7049.6,169.73,2133,233,118,12,0.657,2.24,501,13.24,67.41,нет,нет,нет,нет,нет,A,2009-12-01,2011-11-01
23556,LANDMARK FRAME COVENT GARDEN,A,Z,AZ,Наблюдать: новый товар,нет,4774.55,0.0,162.46,424,47,43,2,2.961,11.26,502,13.26,67.46,да,нет,нет,да,нет,не продавался,2011-10-01,2011-11-01
22636,CHILDS BREAKFAST SET CIRCUS PARADE,A,X,AX,Оставить,нет,4771.93,8359.47,152.63,568,186,133,12,0.401,8.4,503,13.29,67.51,нет,нет,нет,нет,нет,A,2010-05-01,2011-11-01
22748,POPPY'S PLAYHOUSE KITCHEN,A,X,AX,Оставить,нет,4765.47,5265.87,88.06,2069,417,224,12,0.435,2.3,504,13.32,67.56,нет,нет,нет,нет,нет,A,2010-09-01,2011-11-01
21124,SET/10 BLUE SPOTTY PARTY CANDLES,A,Y,AY,Оставить,нет,4759.3,7309.74,43.75,3928,234,174,12,0.505,1.21,505,13.34,67.61,нет,нет,нет,нет,нет,A,2009-12-01,2011-11-01
23531,WALL ART BIG LOVE,A,Z,AZ,Наблюдать: новый товар,нет,4756.58,0.0,781.68,824,99,71,2,2.317,5.77,506,13.37,67.66,да,нет,нет,нет,нет,не продавался,2011-10-01,2011-11-01
23010,CIRCUS PARADE BABY GIFT SET,A,Z,AZ,Оставить,нет,4751.69,0.0,94.01,306,106,69,9,1.147,15.53,507,13.39,67.72,нет,нет,нет,нет,нет,не продавался,2011-03-01,2011-11-01
22371,AIRLINE BAG VINTAGE TOKYO 78,A,X,AX,Оставить: сезонный спрос,нет,4744.75,3847.53,286.07,1023,366,140,12,0.421,4.64,508,13.42,67.77,нет,да,нет,нет,нет,A,2010-02-01,2011-11-01
84050,PINK HEART SHAPE EGG FRYING PAN,A,Y,AY,Оставить: сезонный спрос,нет,4722.18,9759.92,0.0,3210,253,138,12,0.958,1.47,509,13.45,67.82,нет,да,нет,нет,нет,A,2009-12-01,2011-11-01
22243,5 HOOK HANGER RED MAGIC TOADSTOOL,A,Z,AZ,Оставить,нет,4721.94,7069.01,0.0,3080,129,71,12,1.348,1.53,510,13.47,67.87,нет,нет,нет,да,нет,A,2009-12-01,2011-11-01
23165,LARGE CERAMIC TOP STORAGE JAR,A,Y,AY,Оставить,нет,4712.64,0.0,334.07,2844,260,161,7,0.917,1.66,511,13.5,67.92,нет,нет,нет,нет,нет,не продавался,2011-05-01,2011-11-01
23286,BLUE VINTAGE SPOT BEAKER,A,Z,AZ,Наблюдать: новый товар,нет,4711.77,0.0,29.05,5015,214,123,6,1.477,0.94,512,13.53,67.97,да,нет,нет,да,нет,не продавался,2011-06-01,2011-11-01
23198,PANTRY MAGNETIC  SHOPPING LIST,A,Z,AZ,Наблюдать: новый товар,нет,4708.82,0.0,345.08,3132,443,252,6,1.123,1.5,513,13.55,68.02,да,нет,нет,нет,нет,не продавался,2011-06-01,2011-11-01
21539,RED RETROSPOT BUTTER DISH,A,X,AX,Оставить,нет,4704.3,8748.34,0.0,961,232,121,12,0.449,4.9,514,13.58,68.07,нет,нет,нет,нет,нет,A,2009-12-01,2011-11-01
23157,SET OF 6 NATIVITY MAGNETS,A,Z,AZ,Оставить,нет,4694.93,0.0,4.13,2316,161,111,9,1.521,2.03,515,13.61,68.12,нет,нет,нет,нет,нет,не продавался,2011-03-01,2011-11-01
23554,LANDMARK FRAME OXFORD STREET,A,Z,AZ,Наблюдать: новый товар,нет,4693.07,0.0,112.46,414,53,47,2,3.0,11.34,516,13.63,68.17,да,нет,нет,да,нет,не продавался,2011-10-01,2011-11-01
23159,SET OF 5 PANCAKE DAY MAGNETS,A,Y,AY,Оставить,нет,4686.48,0.0,0.0,2280,221,120,9,0.696,2.06,517,13.66,68.22,нет,нет,нет,нет,нет,не продавался,2011-03-01,2011-11-01
22142,CHRISTMAS CRAFT WHITE FAIRY,A,Z,AZ,Оставить,нет,4683.75,1499.2,262.44,3099,348,249,9,1.549,1.51,518,13.69,68.27,нет,нет,нет,нет,нет,B,2009-12-01,2011-11-01
23234,BISCUIT TIN VINTAGE CHRISTMAS,A,Z,AZ,Наблюдать: новый товар,нет,4674.97,0.0,370.13,1603,249,190,6,1.293,2.92,519,13.71,68.32,да,нет,нет,нет,нет,не продавался,2011-06-01,2011-11-01
23555,LANDMARK FRAME NOTTING HILL,A,Z,AZ,Наблюдать: новый товар,нет,4643.11,0.0,137.46,411,45,42,2,3.006,11.3,520,13.74,68.37,да,нет,нет,да,нет,не продавался,2011-10-01,2011-11-01
47599A,PINK PARTY BAGS,A,X,AX,Оставить,нет,4611.7,6303.07,25.2,2438,163,101,12,0.481,1.89,521,13.76,68.42,нет,нет,нет,нет,да,A,2009-12-01,2011-11-01
15056P,EDWARDIAN PARASOL PINK,A,Y,AY,Оставить,нет,4606.19,7991.76,125.51,783,165,86,12,0.543,5.88,522,13.79,68.47,нет,нет,нет,нет,да,A,2009-12-01,2011-11-01
23314,VINTAGE CHRISTMAS TABLECLOTH,A,Z,AZ,Наблюдать: новый товар,нет,4588.16,0.0,312.3,378,103,84,5,1.447,12.14,523,13.82,68.52,да,нет,нет,нет,нет,не продавался,2011-07-01,2011-11-01
23503,PLAYING CARDS KEEP CALM & CARRY ON,A,Z,AZ,Наблюдать: новый товар,нет,4586.88,0.0,273.67,3426,301,262,3,1.799,1.34,524,13.84,68.57,да,нет,нет,нет,нет,не продавался,2011-09-01,2011-11-01
22504,CABIN BAG VINTAGE RETROSPOT,A,Z,AZ,Оставить,нет,4584.77,3130.71,89.85,244,66,30,10,1.109,18.79,525,13.87,68.61,нет,нет,нет,нет,нет,A,2010-05-01,2011-11-01
23558,LANDMARK FRAME LONDON BRIDGE,A,Z,AZ,Наблюдать: новый товар,нет,4578.91,0.0,124.96,406,46,40,2,2.978,11.28,526,13.9,68.66,да,нет,нет,да,нет,не продавался,2011-10-01,2011-11-01
82552,WASHROOM METAL SIGN,A,Y,AY,Оставить,нет,4577.29,4852.33,97.54,2951,355,184,12,0.605,1.55,527,13.92,68.71,нет,нет,нет,нет,нет,A,2009-12-01,2011-11-01
20677,PINK POLKADOT BOWL,A,X,AX,Оставить,нет,4567.51,5050.72,173.58,3525,321,131,12,0.318,1.3,528,13.95,68.76,нет,нет,нет,нет,нет,A,2009-12-01,2011-11-01
23285,PINK VINTAGE SPOT BEAKER,A,Z,AZ,Наблюдать: новый товар,нет,4560.15,0.0,12.26,4799,186,107,6,1.562,0.95,529,13.98,68.81,да,нет,нет,да,нет,не продавался,2011-06-01,2011-11-01
22745,POPPY'S PLAYHOUSE BEDROOM,A,X,AX,Оставить,нет,4548.6,5102.85,87.99,1975,406,211,12,0.406,2.3,530,14.0,68.86,нет,нет,нет,нет,нет,A,2010-09-01,2011-11-01
21876,POTTERING MUG,A,Y,AY,Оставить,нет,4547.85,2495.89,223.96,3658,309,134,12,0.785,1.24,531,14.03,68.91,нет,нет,нет,нет,нет,A,2009-12-01,2011-11-01
23176,ABC TREASURE BOOK BOX,A,Y,AY,Оставить,нет,4539.68,0.0,81.4,2102,211,151,9,0.934,2.16,532,14.06,68.96,нет,нет,нет,нет,нет,не продавался,2011-03-01,2011-11-01
23389,SPACEBOY MINI BACKPACK,A,Z,AZ,Наблюдать: новый товар,нет,4523.27,0.0,228.22,1063,216,146,3,1.77,4.26,533,14.08,69.0,да,нет,нет,нет,нет,не продавался,2011-09-01,2011-11-01
22295,HEART FILIGREE DOVE LARGE,A,Y,AY,Оставить,нет,4510.05,9200.17,84.12,2729,241,151,12,0.516,1.65,534,14.11,69.05,нет,нет,нет,нет,нет,A,2009-12-01,2011-11-01
22549,PICTURE DOMINOES,A,Y,AY,Оставить,нет,4483.52,4920.03,314.86,2987,334,187,12,0.75,1.5,535,14.13,69.1,нет,нет,нет,нет,нет,A,2010-03-01,2011-11-01
22813,PACK 3 BOXES BIRD PANNETONE,A,Y,AY,Оставить,нет,4476.97,3023.05,163.81,2307,206,114,12,0.694,1.94,536,14.16,69.15,нет,нет,нет,нет,нет,A,2010-09-01,2011-11-01
82551,LAUNDRY 15C METAL SIGN,A,Y,AY,Оставить,нет,4476.24,3538.25,66.65,2879,341,154,12,0.516,1.55,537,14.19,69.2,нет,нет,нет,нет,нет,A,2009-12-01,2011-11-01
20974,12 PENCILS SMALL TUBE SKULL,A,X,AX,Оставить,нет,4472.83,4129.21,7.8,6892,350,194,12,0.487,0.65,538,14.21,69.24,нет,нет,нет,нет,нет,A,2009-12-01,2011-11-01
22606,WOODEN SKITTLES GARDEN SET,A,Y,AY,Оставить: сезонный спрос,нет,4463.01,9975.68,63.8,302,136,106,12,0.638,14.78,539,14.24,69.29,нет,да,нет,нет,нет,A,2010-04-01,2011-11-01
22645,CERAMIC HEART FAIRY CAKE MONEY BANK,A,Y,AY,Оставить,нет,4459.34,5144.34,215.6,2028,318,144,12,0.599,2.2,540,14.27,69.34,нет,нет,нет,нет,нет,A,2010-05-01,2011-11-01
22628,PICNIC BOXES SET OF 3 RETROSPOT,A,Y,AY,Оставить,нет,4457.56,3722.14,118.8,932,184,82,12,0.782,4.78,541,14.29,69.39,нет,нет,нет,нет,нет,A,2010-07-01,2011-11-01
23184,BULL DOG BOTTLE OPENER,A,Y,AY,Оставить,нет,4455.04,0.0,269.86,828,246,126,9,0.755,5.38,542,14.32,69.43,нет,нет,нет,нет,нет,не продавался,2011-03-01,2011-11-01
22417,PACK OF 60 SPACEBOY CAKE CASES,A,X,AX,Оставить,нет,4452.09,6570.26,84.75,8223,507,264,12,0.277,0.54,543,14.35,69.48,нет,нет,нет,нет,нет,A,2010-01-01,2011-11-01
22110,BIRD HOUSE HOT WATER BOTTLE,A,Z,AZ,Оставить: сезонный спрос,нет,4445.22,3646.52,466.92,1066,261,115,12,1.135,4.17,544,14.37,69.53,нет,да,нет,нет,нет,A,2009-12-01,2011-11-01
84987,SET OF 36 TEATIME PAPER DOILIES,A,Y,AY,Оставить,нет,4445.07,7337.88,8.7,3033,330,198,12,0.59,1.47,545,14.4,69.58,нет,нет,нет,нет,нет,A,2009-12-01,2011-11-01
22089,PAPER BUNTING VINTAGE PAISLEY,A,Y,AY,Оставить,нет,4439.73,5828.22,17.7,1417,271,142,12,0.589,3.13,546,14.43,69.62,нет,нет,нет,нет,нет,A,2009-12-01,2011-11-01
22082,RIBBON REEL STRIPES DESIGN,A,X,AX,Оставить: сезонный спрос,нет,4426.02,7512.02,202.86,2546,391,240,12,0.427,1.74,547,14.45,69.67,нет,да,нет,нет,нет,A,2009-12-01,2011-11-01
23177,TREASURE ISLAND BOOK BOX,A,Y,AY,Оставить,нет,4425.25,0.0,1060.04,1993,249,170,9,0.991,2.22,548,14.48,69.72,нет,нет,нет,нет,нет,не продавался,2011-03-01,2011-11-01
23288,GREEN VINTAGE SPOT BEAKER,A,Z,AZ,Наблюдать: новый товар,нет,4414.62,0.0,16.01,4592,178,104,6,1.608,0.96,549,14.5,69.77,да,нет,нет,да,нет,не продавался,2011-06-01,2011-11-01
22938,CUPCAKE LACE PAPER SET 6,A,Y,AY,Оставить,нет,4408.45,2402.62,9.98,2327,180,155,12,0.518,1.89,550,14.53,69.81,нет,нет,нет,нет,нет,A,2010-09-01,2011-11-01
21833,CAMOUFLAGE LED TORCH,A,Y,AY,Оставить: сезонный спрос,нет,4394.31,6046.68,159.56,2618,155,84,12,0.7,1.68,551,14.56,69.86,нет,да,нет,нет,нет,A,2009-12-01,2011-11-01
21906,PHARMACIE FIRST AID TIN,A,Y,AY,Оставить,нет,4383.69,8401.9,53.37,571,165,68,12,0.981,7.68,552,14.58,69.91,нет,нет,нет,нет,нет,A,2009-12-01,2011-11-01
20979,36 PENCILS TUBE RED RETROSPOT,A,X,AX,Оставить,нет,4378.65,5269.9,68.15,3453,303,158,12,0.49,1.27,553,14.61,69.95,нет,нет,нет,нет,нет,A,2009-12-01,2011-11-01
23570,TRADITIONAL PICK UP STICKS GAME,A,Z,AZ,Наблюдать: новый товар,нет,4361.37,0.0,570.5,2364,226,171,2,2.88,1.84,554,14.64,70.0,да,нет,нет,нет,нет,не продавался,2011-10-01,2011-11-01
23168,CLASSIC CAFE SUGAR DISPENSER,A,Y,AY,Оставить,нет,4355.72,0.0,186.7,3157,316,138,7,0.89,1.38,555,14.66,70.05,нет,нет,нет,нет,нет,не продавался,2011-05-01,2011-11-01
23241,TREASURE TIN GYMKHANA DESIGN,A,Z,AZ,Наблюдать: новый товар,нет,4348.51,0.0,318.96,2029,336,177,6,1.057,2.14,556,14.69,70.09,да,нет,нет,нет,нет,не продавался,2011-06-01,2011-11-01
22775,PURPLE DRAWERKNOB ACRYLIC EDWARDIAN,A,X,AX,Оставить,нет,4344.9,668.16,124.47,3020,231,78,12,0.41,1.44,557,14.72,70.14,нет,нет,нет,нет,нет,C,2010-10-01,2011-11-01
85049A,TRADITIONAL CHRISTMAS RIBBONS,A,Z,AZ,Оставить: сезонный спрос,нет,4307.88,4849.57,331.07,3053,330,195,12,1.219,1.41,558,14.74,70.19,нет,да,нет,нет,да,A,2009-12-01,2011-11-01
16014,SMALL CHINESE STYLE SCISSOR,A,Z,AZ,Оставить,нет,4306.36,5177.34,29.4,13258,52,34,12,1.041,0.32,559,14.77,70.23,нет,нет,нет,да,нет,A,2009-12-01,2011-11-01
21934,SKULL SHOULDER BAG,A,Y,AY,Оставить,нет,4274.37,3794.94,189.41,2308,392,82,12,0.546,1.85,560,14.8,70.28,нет,нет,нет,нет,нет,A,2009-12-01,2011-11-01
23351,ROLL WRAP 50'S CHRISTMAS,A,Z,AZ,Наблюдать: новый товар,нет,4264.84,0.0,520.93,3163,310,220,4,1.734,1.35,561,14.82,70.32,да,нет,нет,нет,нет,не продавался,2011-08-01,2011-11-01
22721,SET OF 3 CAKE TINS SKETCHBOOK,A,Y,AY,Оставить,нет,4252.32,0.0,419.49,849,268,166,12,0.627,5.01,562,14.85,70.37,нет,нет,нет,нет,нет,не продавался,2010-12-01,2011-11-01
23163,REGENCY SUGAR TONGS,A,Y,AY,Оставить,нет,4211.14,0.0,204.24,1703,196,94,8,0.911,2.47,563,14.87,70.41,нет,нет,нет,нет,нет,не продавался,2011-04-01,2011-11-01
84692,BOX OF 24 COCKTAIL PARASOLS,A,X,AX,Оставить,нет,4210.14,4977.8,106.74,7659,562,204,12,0.233,0.55,564,14.9,70.46,нет,нет,нет,нет,нет,A,2009-12-01,2011-11-01
23050,RECYCLED ACAPULCO MAT GREEN,A,Y,AY,Оставить,нет,4178.91,0.0,99.39,487,197,114,9,0.873,8.58,565,14.93,70.5,нет,нет,нет,нет,нет,не продавался,2011-03-01,2011-11-01
21498,RED RETROSPOT WRAP,A,X,AX,Оставить,нет,4133.42,6519.0,157.5,10101,321,228,12,0.304,0.41,566,14.95,70.55,нет,нет,нет,нет,нет,A,2009-12-01,2011-11-01
22661,CHARLOTTE BAG DOLLY GIRL DESIGN,A,X,AX,Оставить,нет,4119.39,2405.5,87.06,5088,402,171,12,0.368,0.81,567,14.98,70.59,нет,нет,нет,нет,нет,A,2010-07-01,2011-11-01
22626,BLACK KITCHEN SCALES,A,Y,AY,Оставить,нет,4114.93,2740.12,184.93,483,186,127,12,0.507,8.52,568,15.01,70.64,нет,нет,нет,нет,нет,A,2010-04-01,2011-11-01
23306,SET OF 36 DOILIES PANTRY DESIGN,A,Z,AZ,Наблюдать: новый товар,нет,4114.64,0.0,7.29,2804,273,181,6,1.35,1.47,569,15.03,70.68,да,нет,нет,нет,нет,не продавался,2011-06-01,2011-11-01
20975,12 PENCILS SMALL TUBE RED RETROSPOT,A,Y,AY,Оставить,нет,4110.27,6702.24,195.0,6213,340,217,10,0.893,0.66,570,15.06,70.72,нет,нет,нет,нет,нет,A,2009-12-01,2011-11-01
22899,CHILDREN'S APRON DOLLY GIRL,A,X,AX,Оставить: сезонный спрос,нет,4106.46,1443.33,213.67,1967,295,184,12,0.409,2.09,571,15.09,70.77,нет,да,нет,нет,нет,B,2010-09-01,2011-11-01
23309,SET OF 60 I LOVE LONDON CAKE CASES,A,Z,AZ,Наблюдать: новый товар,нет,4085.3,0.0,384.15,7416,382,173,6,1.074,0.55,572,15.11,70.81,да,нет,нет,нет,нет,не продавался,2011-06-01,2011-11-01
22550,HOLIDAY FUN LUDO,A,Y,AY,Оставить,нет,4078.84,3204.75,112.3,1136,206,131,12,0.639,3.59,573,15.14,70.85,нет,нет,нет,нет,нет,A,2010-03-01,2011-11-01
22723,SET OF 6 HERB TINS SKETCHBOOK,A,Y,AY,Оставить,нет,4077.75,0.0,181.12,1035,275,161,12,0.69,3.94,574,15.17,70.9,нет,нет,нет,нет,нет,не продавался,2010-12-01,2011-11-01
23112,PARISIENNE CURIO CABINET,A,Y,AY,Оставить,нет,4075.22,0.0,334.36,498,220,129,7,0.924,8.18,575,15.19,70.94,нет,нет,нет,нет,нет,не продавался,2011-05-01,2011-11-01
20970,PINK FLORAL FELTCRAFT SHOULDER BAG,A,Y,AY,Оставить,нет,4067.17,5155.16,161.21,1073,248,135,12,0.758,3.79,576,15.22,70.99,нет,нет,нет,нет,нет,A,2009-12-01,2011-11-01
23237,SET OF 4 KNICK KNACK TINS LEAF,A,Z,AZ,Наблюдать: новый товар,нет,4062.74,0.0,182.6,1002,162,125,6,1.069,4.05,577,15.24,71.03,да,нет,нет,нет,нет,не продавался,2011-06-01,2011-11-01
22327,ROUND SNACK BOXES SET OF 4 SKULLS,A,X,AX,Оставить,нет,4059.32,5630.45,221.33,1108,263,99,12,0.46,3.66,578,15.27,71.07,нет,нет,нет,нет,нет,A,2010-01-01,2011-11-01
23275,SET OF 3 HANGING OWLS OLLIE BEAK,A,Z,AZ,Наблюдать: новый товар,нет,4044.74,0.0,381.98,3351,286,159,6,1.527,1.21,579,15.3,71.12,да,нет,нет,нет,нет,не продавался,2011-06-01,2011-11-01
21116,OWL DOORSTOP,A,Y,AY,Оставить,нет,4035.21,3848.22,16.58,693,249,80,12,0.766,5.82,580,15.32,71.16,нет,нет,нет,нет,нет,A,2009-12-01,2011-11-01
84509A,SET OF 4 ENGLISH ROSE PLACEMATS,A,Y,AY,Оставить,нет,4032.47,2530.66,126.9,972,286,100,12,0.559,4.15,581,15.35,71.2,нет,нет,нет,нет,да,A,2009-12-01,2011-11-01
22694,WICKER STAR,A,Z,AZ,Оставить: сезонный спрос,нет,4031.5,6463.88,132.02,1746,381,216,12,1.188,2.31,582,15.38,71.24,нет,да,нет,нет,нет,A,2010-07-01,2011-11-01
72760B,VINTAGE CREAM 3 BASKET CAKE STAND,A,Y,AY,Оставить,нет,4016.04,12127.79,129.35,396,147,101,12,0.599,10.14,583,15.4,71.29,нет,нет,нет,нет,нет,A,2009-12-01,2011-11-01
22801,ANTIQUE GLASS PEDESTAL BOWL,A,X,AX,Оставить: сезонный спрос,нет,4013.15,1055.31,183.24,979,211,119,12,0.449,4.1,584,15.43,71.33,нет,да,нет,нет,нет,B,2010-10-01,2011-11-01
23144,ZINC T-LIGHT HOLDER STARS SMALL,A,Y,AY,Оставить,нет,4010.68,0.0,167.23,4904,261,175,8,0.92,0.82,585,15.46,71.37,нет,нет,нет,нет,нет,не продавался,2011-04-01,2011-11-01
23089,GLASS BON BON JAR,A,Z,AZ,Оставить,нет,4002.04,0.0,212.09,2260,213,100,7,1.005,1.77,586,15.48,71.42,нет,нет,нет,нет,нет,не продавался,2011-05-01,2011-11-01
21892,TRADITIONAL WOODEN CATCH CUP GAME,A,Y,AY,Оставить: сезонный спрос,нет,3996.06,5811.62,306.1,2969,392,229,12,0.605,1.35,587,15.51,71.46,нет,да,нет,нет,нет,A,2009-12-01,2011-11-01
85049E,SCANDINAVIAN REDS RIBBONS,A,Y,AY,Оставить: сезонный спрос,нет,3988.06,5186.15,126.26,2881,430,243,12,0.806,1.38,588,15.54,71.5,нет,да,нет,нет,да,A,2009-12-01,2011-11-01
23494,VINTAGE DOILY DELUXE SEWING KIT,A,Z,AZ,Наблюдать: новый товар,нет,3985.09,0.0,833.42,603,165,128,3,2.188,6.61,589,15.56,71.54,да,нет,нет,нет,нет,не продавался,2011-09-01,2011-11-01
23166,MEDIUM CERAMIC TOP STORAGE JAR,A,Y,AY,Оставить,нет,3983.76,0.0,252.71,3346,228,133,7,0.958,1.19,590,15.59,71.59,нет,нет,нет,нет,нет,не продавался,2011-05-01,2011-11-01
21874,GIN AND TONIC MUG,A,Z,AZ,Оставить,нет,3971.84,4049.24,134.54,2880,278,107,12,1.062,1.38,591,15.61,71.63,нет,нет,нет,нет,нет,A,2009-12-01,2011-11-01
23009,I LOVE LONDON BABY GIFT SET,A,Y,AY,Оставить,нет,3971.56,0.0,110.96,255,96,47,9,0.844,15.57,592,15.64,71.67,нет,нет,нет,нет,нет,не продавался,2011-03-01,2011-11-01
23543,WALL ART KEEP CALM,A,Z,AZ,Наблюдать: новый товар,нет,3965.16,0.0,3045.6,512,93,74,2,2.414,7.74,593,15.67,71.71,да,нет,нет,нет,нет,не продавался,2011-10-01,2011-11-01
21704,BAG 250g SWIRLY MARBLES,A,X,AX,Оставить,нет,3964.68,8688.52,74.6,5070,232,132,12,0.423,0.78,594,15.69,71.76,нет,нет,нет,нет,нет,A,2009-12-01,2011-11-01
22841,ROUND CAKE TIN VINTAGE GREEN,A,X,AX,Оставить,нет,3959.0,1868.95,71.22,514,203,152,12,0.49,7.7,595,15.72,71.8,нет,нет,нет,нет,нет,B,2010-10-01,2011-11-01
22219,LOVEBIRD HANGING DECORATION WHITE,A,X,AX,Оставить,нет,3948.29,5206.15,65.04,4049,531,187,12,0.404,0.98,596,15.75,71.84,нет,нет,нет,нет,нет,A,2009-12-01,2011-11-01
22431,WATERING CAN BLUE ELEPHANT,A,Y,AY,Оставить: сезонный спрос,нет,3937.78,2753.31,37.53,2030,326,158,12,0.648,1.94,597,15.77,71.88,нет,да,нет,нет,нет,A,2010-02-01,2011-11-01
72351B,SET/6 PINK  BUTTERFLY T-LIGHTS,A,Y,AY,Оставить,нет,3934.49,7143.44,69.16,2063,178,87,12,0.741,1.91,598,15.8,71.93,нет,нет,нет,нет,да,A,2009-12-01,2011-11-01
22649,STRAWBERRY FAIRY CAKE TEAPOT,A,X,AX,Оставить,нет,3928.15,7319.8,105.73,756,190,85,12,0.344,5.2,599,15.83,71.97,нет,нет,нет,нет,нет,A,2010-05-01,2011-11-01
23194,GYMKHANA TREASURE BOOK BOX,A,Z,AZ,Оставить,нет,3927.99,0.0,108.88,1780,196,136,9,1.032,2.21,600,15.85,72.01,нет,нет,нет,нет,нет,не продавался,2011-03-01,2011-11-01
22896,PEG BAG APPLES DESIGN,A,X,AX,Оставить,нет,3918.96,1187.19,78.5,1546,276,142,12,0.476,2.53,601,15.88,72.05,нет,нет,нет,нет,нет,B,2010-09-01,2011-11-01
23255,CHILDRENS CUTLERY CIRCUS PARADE,A,Y,AY,Оставить,нет,3918.77,0.0,141.1,971,148,111,8,0.866,4.04,602,15.9,72.09,нет,нет,нет,нет,нет,не продавался,2011-04-01,2011-11-01
23340,VINTAGE CHRISTMAS CAKE FRILL,A,Z,AZ,Наблюдать: новый товар,нет,3913.74,0.0,120.34,2438,139,108,5,1.743,1.61,603,15.93,72.13,да,нет,нет,нет,нет,не продавался,2011-07-01,2011-11-01
20675,BLUE POLKADOT BOWL,A,X,AX,Оставить,нет,3909.65,4062.21,57.22,3068,312,145,12,0.412,1.27,604,15.96,72.18,нет,нет,нет,нет,нет,A,2009-12-01,2011-11-01
23129,HEART SHAPED HOLLY WREATH,A,Z,AZ,Оставить,нет,3908.24,0.0,91.26,932,167,137,7,1.566,4.19,605,15.98,72.22,нет,нет,нет,нет,нет,не продавался,2011-05-01,2011-11-01
22489,PACK OF 12 TRADITIONAL CRAYONS,A,X,AX,Оставить: сезонный спрос,нет,3891.28,3348.5,180.85,9302,422,227,12,0.353,0.42,606,16.01,72.26,нет,да,нет,нет,нет,A,2010-05-01,2011-11-01
21041,RED RETROSPOT OVEN GLOVE DOUBLE,A,Y,AY,Оставить,нет,3888.98,5142.61,0.0,914,255,100,12,0.547,4.25,607,16.04,72.3,нет,нет,нет,нет,нет,A,2009-12-01,2011-11-01
20682,RED RETROSPOT CHILDRENS UMBRELLA,A,X,AX,Оставить,нет,3885.82,5996.73,282.26,1140,228,132,12,0.474,3.41,608,16.06,72.34,нет,нет,нет,нет,нет,A,2009-12-01,2011-11-01
22117,METAL SIGN HER DINNER IS SERVED,A,Z,AZ,Оставить,нет,3881.7,1308.33,14.75,1315,93,57,12,1.954,2.95,609,16.09,72.38,нет,нет,нет,да,нет,B,2009-12-01,2011-11-01
23349,ROLL WRAP VINTAGE CHRISTMAS,A,Z,AZ,Наблюдать: новый товар,нет,3878.5,0.0,449.1,2932,296,196,4,1.699,1.32,610,16.12,72.43,да,нет,нет,нет,нет,не продавался,2011-08-01,2011-11-01
23012,GLASS APOTHECARY BOTTLE PERFUME,A,Z,AZ,Наблюдать: новый товар,нет,3871.51,0.0,309.8,995,227,146,6,1.148,3.89,611,16.14,72.47,да,нет,нет,нет,нет,не продавался,2011-06-01,2011-11-01
22148,EASTER CRAFT 4 CHICKS,A,Z,AZ,Оставить: сезонный спрос,нет,3870.65,2516.04,23.4,1909,184,146,11,1.667,2.03,612,16.17,72.51,нет,да,нет,нет,нет,A,2009-12-01,2011-11-01
21749,LARGE RED RETROSPOT WINDMILL,A,Z,AZ,Оставить,нет,3864.49,5771.89,0.0,1957,139,79,12,1.417,1.97,613,16.2,72.55,нет,нет,нет,да,нет,A,2009-12-01,2011-11-01
84792,ENCHANTED BIRD COATHANGER 5 HOOK,A,X,AX,Оставить,нет,3858.41,5911.94,106.61,810,232,123,12,0.399,4.76,614,16.22,72.59,нет,нет,нет,нет,нет,A,2009-12-01,2011-11-01
23557,LANDMARK FRAME BAKER STREET,A,Z,AZ,Наблюдать: новый товар,нет,3855.31,0.0,74.96,345,29,25,2,3.093,11.17,615,16.25,72.63,да,нет,нет,да,нет,не продавался,2011-10-01,2011-11-01
22131,FOOD CONTAINER SET 3 LOVE HEART,A,Y,AY,Оставить,нет,3848.26,5978.3,86.38,1998,282,114,12,0.507,1.93,616,16.27,72.67,нет,нет,нет,нет,нет,A,2009-12-01,2011-11-01
23049,RECYCLED ACAPULCO MAT RED,A,Y,AY,Оставить,нет,3839.09,0.0,33.0,449,183,102,9,0.868,8.55,617,16.3,72.71,нет,нет,нет,нет,нет,не продавался,2011-03-01,2011-11-01
37370,RETRO COFFEE MUGS ASSORTED,A,Z,AZ,Оставить,нет,3836.51,6964.78,0.0,2565,158,72,10,1.128,1.5,618,16.33,72.76,нет,нет,нет,нет,нет,A,2009-12-01,2011-11-01
21716,BOYS VINTAGE TIN SEASIDE BUCKET,A,Y,AY,Оставить: сезонный спрос,нет,3835.51,5519.05,37.41,1416,236,111,12,0.626,2.71,619,16.35,72.8,нет,да,нет,нет,нет,A,2009-12-01,2011-11-01
23032,DRAWER KNOB CRACKLE GLAZE IVORY,A,Z,AZ,Наблюдать: новый товар,нет,3832.23,0.0,0.0,2315,196,116,6,1.16,1.66,620,16.38,72.84,да,нет,нет,нет,нет,не продавался,2011-06-01,2011-11-01
22222,CAKE PLATE LOVEBIRD WHITE,A,Z,AZ,Оставить,нет,3830.46,2260.84,49.74,1051,217,104,12,1.23,3.64,621,16.41,72.88,нет,нет,нет,нет,нет,B,2009-12-01,2011-11-01
23167,SMALL CERAMIC TOP STORAGE JAR,A,Z,AZ,Оставить,нет,3829.76,0.0,304.26,4940,219,127,7,1.362,0.78,622,16.43,72.92,нет,нет,нет,нет,нет,не продавался,2011-05-01,2011-11-01
23131,MISTLETOE HEART WREATH CREAM,A,Z,AZ,Оставить,нет,3823.53,0.0,12.45,939,114,91,8,1.202,4.07,623,16.46,72.96,нет,нет,нет,нет,нет,не продавался,2011-04-01,2011-11-01
22942,CHRISTMAS LIGHTS 10 SANTAS,A,Z,AZ,Оставить: сезонный спрос,нет,3820.9,4613.17,495.14,454,119,89,5,1.529,8.42,624,16.49,73.0,нет,да,нет,нет,нет,A,2010-10-01,2011-11-01
23110,PARISIENNE KEY CABINET,A,Y,AY,Оставить,нет,3816.55,0.0,123.63,646,231,145,7,0.897,5.91,625,16.51,73.04,нет,нет,нет,нет,нет,не продавался,2011-05-01,2011-11-01
21110,LARGE CAKE TOWEL PINK SPOTS,A,Z,AZ,Оставить,нет,3815.7,3886.67,0.0,1105,134,62,11,1.657,3.45,626,16.54,73.08,нет,нет,нет,нет,нет,A,2009-12-01,2011-11-01
22493,PAINT YOUR OWN CANVAS SET,A,Y,AY,Оставить,нет,3811.81,3621.48,174.83,2362,208,121,12,0.996,1.61,627,16.57,73.12,нет,нет,нет,нет,нет,A,2010-05-01,2011-11-01
23130,MISTLETOE HEART WREATH GREEN,A,Z,AZ,Оставить,нет,3806.39,0.0,149.39,919,179,136,7,1.328,4.14,628,16.59,73.16,нет,нет,нет,нет,нет,не продавался,2011-05-01,2011-11-01
23404,HOME SWEET HOME BLACKBOARD,A,Z,AZ,Наблюдать: новый товар,нет,3804.21,0.0,713.0,816,151,98,3,1.882,4.66,629,16.62,73.21,да,нет,нет,нет,нет,не продавался,2011-09-01,2011-11-01
22951,60 CAKE CASES DOLLY GIRL DESIGN,A,X,AX,Оставить,нет,3787.45,1795.77,86.35,7098,414,224,12,0.379,0.53,630,16.64,73.25,нет,нет,нет,нет,нет,B,2010-09-01,2011-11-01
23253,16 PIECE CUTLERY SET PANTRY DESIGN,A,Z,AZ,Оставить,нет,3783.67,0.0,65.19,255,68,43,8,1.188,14.84,631,16.67,73.29,нет,нет,нет,нет,нет,не продавался,2011-04-01,2011-11-01
21244,BLUE POLKADOT PLATE,A,Y,AY,Оставить,нет,3772.6,4474.54,6.58,2274,193,107,12,0.702,1.66,632,16.7,73.33,нет,нет,нет,нет,нет,A,2009-12-01,2011-11-01
22350,ILLUSTRATED CAT BOWL,A,Z,AZ,Оставить,нет,3771.12,4061.32,48.45,1390,115,63,12,2.167,2.71,633,16.72,73.37,нет,нет,нет,да,нет,A,2009-12-01,2011-11-01
22980,PANTRY SCRUBBING BRUSH,A,Y,AY,Оставить,нет,3769.52,0.0,31.29,2278,280,196,10,0.97,1.65,634,16.75,73.41,нет,нет,нет,нет,нет,не продавался,2011-02-01,2011-11-01
21746,SMALL RED RETROSPOT WINDMILL,A,Y,AY,Оставить: сезонный спрос,нет,3751.93,3693.91,0.0,3063,225,121,12,0.854,1.22,635,16.78,73.45,нет,да,нет,нет,нет,A,2009-12-01,2011-11-01
21243,PINK  POLKADOT PLATE,A,X,AX,Оставить,нет,3740.09,5447.02,73.55,2242,202,102,12,0.477,1.67,636,16.8,73.49,нет,нет,нет,нет,нет,A,2009-12-01,2011-11-01
22842,BISCUIT TIN VINTAGE RED,A,Y,AY,Оставить,нет,3728.92,1471.87,13.29,576,154,115,12,0.599,6.47,637,16.83,73.53,нет,нет,нет,нет,нет,B,2010-10-01,2011-11-01
23299,FOOD COVER WITH BEADS SET 2,A,Z,AZ,Оставить,нет,3713.04,0.0,29.84,1000,141,108,7,1.585,3.71,638,16.86,73.57,нет,нет,нет,нет,нет,не продавался,2011-05-01,2011-11-01
22890,NOVELTY BISCUITS CAKE STAND 3 TIER,A,Y,AY,Оставить,нет,3710.9,3650.74,69.77,364,152,94,12,0.663,10.19,639,16.88,73.61,нет,нет,нет,нет,нет,A,2010-10-01,2011-11-01
22854,CREAM SWEETHEART EGG HOLDER,A,Y,AY,Оставить,нет,3703.57,1915.98,0.0,766,160,122,10,0.873,4.83,640,16.91,73.65,нет,нет,нет,нет,нет,B,2010-09-01,2011-09-01
23081,GREEN METAL BOX ARMY SUPPLIES,A,Z,AZ,Оставить,нет,3690.87,0.0,330.88,439,130,77,7,1.147,8.41,641,16.94,73.69,нет,нет,нет,нет,нет,не продавался,2011-05-01,2011-11-01
22577,WOODEN HEART CHRISTMAS SCANDINAVIAN,A,Z,AZ,Оставить: сезонный спрос,нет,3678.72,2997.57,396.64,9888,502,326,12,1.847,0.37,642,16.96,73.72,нет,да,нет,нет,нет,A,2010-07-01,2011-11-01
21658,GLASS  BEURRE DISH,A,Y,AY,Оставить,нет,3666.33,5522.61,0.0,867,205,79,9,0.809,4.23,643,16.99,73.76,нет,нет,нет,нет,нет,A,2009-12-01,2011-08-01
23091,ZINC HERB GARDEN CONTAINER,A,Z,AZ,Оставить,нет,3643.82,0.0,0.0,578,207,159,7,1.212,6.3,644,17.01,73.8,нет,нет,нет,нет,нет,не продавался,2011-05-01,2011-11-01
22274,FELTCRAFT DOLL EMILY,A,Y,AY,Оставить,нет,3636.71,6646.99,176.67,1229,251,158,12,0.632,2.96,645,17.04,73.84,нет,нет,нет,нет,нет,A,2009-12-01,2011-11-01
21531,RED RETROSPOT SUGAR JAM BOWL,A,X,AX,Оставить,нет,3631.17,6456.25,25.5,1496,238,138,12,0.41,2.43,646,17.07,73.88,нет,нет,нет,нет,нет,A,2009-12-01,2011-11-01
22956,36 FOIL HEART CAKE CASES,A,X,AX,Оставить,нет,3621.44,895.51,82.95,1795,188,138,12,0.485,2.02,647,17.09,73.92,нет,нет,нет,нет,нет,B,2010-11-01,2011-11-01
22596,CHRISTMAS STAR WISH LIST CHALKBOARD,A,Z,AZ,Оставить,нет,3615.65,2360.78,479.77,2657,214,159,6,1.508,1.36,648,17.12,73.96,нет,нет,нет,нет,нет,B,2010-07-01,2011-11-01
23182,TOILET SIGN OCCUPIED OR VACANT,A,Y,AY,Оставить,нет,3608.84,0.0,77.71,3687,418,138,9,0.701,0.98,649,17.15,74.0,нет,нет,нет,нет,нет,не продавался,2011-03-01,2011-11-01
22053,EMPIRE DESIGN ROSETTE,A,Z,AZ,Оставить,нет,3606.42,414.47,0.0,4244,28,23,10,3.099,0.85,650,17.17,74.03,нет,нет,нет,да,нет,C,2009-12-01,2011-11-01
21527,RED RETROSPOT TRADITIONAL TEAPOT,A,Z,AZ,Проверить наличие: продажи значимого товара прекратились,нет,3605.74,20885.73,0.0,462,132,90,6,1.492,7.8,651,17.2,74.07,нет,нет,да,нет,нет,A,2009-12-01,2011-05-01
22926,IVORY GIANT GARDEN THERMOMETER,A,Z,AZ,Проверить наличие: продажи значимого товара прекратились,нет,3585.45,493.46,0.0,582,192,138,6,1.1,6.16,652,17.23,74.11,нет,нет,да,нет,нет,C,2010-11-01,2011-05-01
85132C,CHARLIE AND LOLA FIGURES TINS,A,Z,AZ,Оставить,нет,3585.24,2267.9,0.0,1522,213,96,10,1.166,2.36,653,17.25,74.15,нет,нет,нет,нет,да,B,2009-12-01,2011-09-01
22812,PACK 3 BOXES CHRISTMAS PANNETONE,A,Z,AZ,Оставить: сезонный спрос,нет,3577.1,7055.93,7.8,1709,183,98,8,1.462,2.09,654,17.28,74.19,нет,да,нет,нет,нет,A,2010-09-01,2011-11-01
22378,WALL TIDY RETROSPOT,A,Z,AZ,Оставить,нет,3565.04,3164.84,73.53,2266,285,69,12,1.234,1.57,655,17.31,74.23,нет,нет,нет,нет,нет,A,2010-01-01,2011-11-01
23092,LARGE ANTIQUE WHITE PHOTO FRAME,A,Z,AZ,Оставить,нет,3559.5,0.0,174.58,498,128,93,7,1.374,7.15,656,17.33,74.26,нет,нет,нет,нет,нет,не продавался,2011-05-01,2011-11-01
21890,S/6 WOODEN SKITTLES IN COTTON BAG,A,Y,AY,Оставить,нет,3553.45,6777.49,117.41,1113,219,137,12,0.645,3.19,657,17.36,74.3,нет,нет,нет,нет,нет,A,2009-12-01,2011-11-01
22468,BABUSHKA LIGHTS STRING OF 10,A,Y,AY,Оставить,нет,3552.59,7596.83,67.08,507,148,79,12,0.535,7.01,658,17.38,74.34,нет,нет,нет,нет,нет,A,2010-03-01,2011-11-01
84968C,SET OF 16 VINTAGE PISTACHIO CUTLERY,A,Z,AZ,Оставить: сезонный спрос,нет,3547.74,4030.51,0.0,314,103,35,12,1.91,11.3,659,17.41,74.38,нет,да,нет,нет,да,A,2009-12-01,2011-11-01
21260,FIRST AID TIN,A,Y,AY,Оставить,нет,3543.35,7812.95,45.63,1107,160,101,12,0.502,3.2,660,17.44,74.42,нет,нет,нет,нет,нет,A,2009-12-01,2011-11-01
23530,WALL ART ONLY ONE PERSON,A,Z,AZ,Наблюдать: новый товар,нет,3520.39,0.0,915.88,828,76,58,2,2.3,4.25,661,17.46,74.45,да,нет,нет,нет,нет,не продавался,2011-10-01,2011-11-01
22195,LARGE HEART MEASURING SPOONS,A,Y,AY,Оставить: сезонный спрос,нет,3519.66,5423.58,201.0,1884,348,142,12,0.556,1.87,662,17.49,74.49,нет,да,нет,нет,нет,A,2009-12-01,2011-11-01
22061,LARGE CAKE STAND  HANGING STRAWBERY,A,Y,AY,Оставить,нет,3519.31,14443.71,649.0,357,127,77,12,0.832,9.86,663,17.52,74.53,нет,нет,нет,нет,нет,A,2009-12-01,2011-11-01
23127,FELTCRAFT GIRL NICOLE KIT,A,Y,AY,Оставить,нет,3515.56,0.0,203.84,688,180,140,9,0.806,5.11,664,17.54,74.57,нет,нет,нет,нет,нет,не продавался,2011-03-01,2011-11-01
22348,TEA BAG PLATE RED RETROSPOT,A,X,AX,Оставить: сезонный спрос,нет,3514.21,6915.68,58.88,4022,344,141,12,0.348,0.87,665,17.57,74.6,нет,да,нет,нет,нет,A,2009-12-01,2011-11-01
20717,STRAWBERRY SHOPPER BAG,A,Y,AY,Оставить: сезонный спрос,нет,3513.67,4205.5,35.81,2827,397,149,12,0.688,1.24,666,17.6,74.64,нет,да,нет,нет,нет,A,2009-12-01,2011-11-01
23569,TRADTIONAL ALPHABET STAMP SET,A,Z,AZ,Наблюдать: новый товар,нет,3509.44,0.0,1208.22,696,155,123,2,2.677,5.04,667,17.62,74.68,да,нет,нет,нет,нет,не продавался,2011-10-01,2011-11-01
23294,SET OF 6 SNACK LOAF BAKING CASES,A,Z,AZ,Наблюдать: новый товар,нет,3503.62,0.0,95.89,4292,334,209,5,1.315,0.82,668,17.65,74.72,да,нет,нет,нет,нет,не продавался,2011-07-01,2011-11-01
22688,DOORMAT PEACE ON EARTH BLUE,A,Z,AZ,Оставить,нет,3503.16,1237.04,16.5,703,30,25,6,2.977,4.98,669,17.68,74.75,нет,нет,нет,да,нет,B,2010-06-01,2011-11-01
21992,VINTAGE PAISLEY STATIONERY SET,A,Y,AY,Оставить,нет,3493.02,3216.38,0.0,1895,435,159,12,0.685,1.84,670,17.7,74.79,нет,нет,нет,нет,нет,A,2009-12-01,2011-11-01
22212,FOUR HOOK  WHITE LOVEBIRDS,A,Y,AY,Оставить,нет,3487.65,4939.26,196.49,1520,381,141,12,0.511,2.29,671,17.73,74.83,нет,нет,нет,нет,нет,A,2009-12-01,2011-11-01
23191,BUNDLE OF 3 RETRO NOTE BOOKS,A,Y,AY,Оставить,нет,3478.82,0.0,146.77,2118,265,175,7,0.933,1.64,672,17.75,74.87,нет,нет,нет,нет,нет,не продавался,2011-05-01,2011-11-01
22908,PACK OF 20 NAPKINS RED APPLES,A,Y,AY,Оставить,нет,3460.58,954.42,109.0,4238,365,209,12,0.521,0.82,673,17.78,74.9,нет,нет,нет,нет,нет,B,2010-09-01,2011-11-01
84508A,CAMOUFLAGE DESIGN TEDDY,A,Y,AY,Оставить,нет,3445.5,4640.88,0.0,1630,35,17,10,0.885,2.11,674,17.81,74.94,нет,нет,нет,да,да,A,2009-12-01,2011-09-01
22760,"TRAY, BREAKFAST IN BED",A,Y,AY,Оставить,нет,3440.86,1015.03,0.0,271,77,48,10,0.665,12.7,675,17.83,74.98,нет,нет,нет,нет,нет,B,2010-10-01,2011-09-01
22738,RIBBON REEL SNOWY VILLAGE,A,Z,AZ,Оставить: сезонный спрос,нет,3433.69,4166.4,205.48,1940,253,137,10,1.408,1.77,676,17.86,75.01,нет,да,нет,нет,нет,A,2010-09-01,2011-11-01
22180,RETROSPOT LAMP,A,Y,AY,Оставить,нет,3431.99,6382.84,0.0,321,148,89,12,0.508,10.69,677,17.89,75.05,нет,нет,нет,нет,нет,A,2009-12-01,2011-11-01
21703,BAG 125g SWIRLY MARBLES,A,Y,AY,Оставить,нет,3428.23,2092.38,65.38,9164,271,166,12,0.683,0.37,678,17.91,75.09,нет,нет,нет,нет,нет,B,2009-12-01,2011-11-01
21715,GIRLS VINTAGE TIN SEASIDE BUCKET,A,Y,AY,Оставить: сезонный спрос,нет,3424.95,5412.87,15.02,1294,227,115,12,0.593,2.65,679,17.94,75.12,нет,да,нет,нет,нет,A,2009-12-01,2011-11-01
22809,SET OF 6 T-LIGHTS SANTA,A,Z,AZ,Оставить: сезонный спрос,нет,3422.93,3865.82,322.87,1131,186,136,7,1.472,3.03,680,17.97,75.16,нет,да,нет,нет,нет,A,2010-09-01,2011-11-01
22800,ANTIQUE TALL SWIRLGLASS TRINKET POT,A,Y,AY,Оставить,нет,3422.31,1010.66,138.43,841,192,107,12,0.737,4.07,681,17.99,75.2,нет,нет,нет,нет,нет,B,2010-10-01,2011-11-01
23065,LARGE DECO JEWELLERY STAND,A,Z,AZ,Оставить,нет,3414.94,0.0,0.0,272,98,80,7,1.147,12.55,682,18.02,75.23,нет,нет,нет,нет,нет,не продавался,2011-04-01,2011-10-01
21238,RED RETROSPOT CUP,A,X,AX,Оставить,нет,3405.48,4614.36,59.16,3887,374,156,12,0.397,0.88,683,18.04,75.27,нет,нет,нет,нет,нет,A,2009-12-01,2011-11-01
21385,IVORY HANGING DECORATION  HEART,A,X,AX,Оставить,нет,3401.86,5916.49,40.59,3838,311,151,12,0.463,0.89,684,18.07,75.31,нет,нет,нет,нет,нет,A,2009-12-01,2011-11-01
21974,SET OF 36 PAISLEY FLOWER DOILIES,A,X,AX,Оставить,нет,3362.57,6972.15,94.58,2100,345,169,12,0.449,1.6,685,18.1,75.34,нет,нет,нет,нет,нет,A,2009-12-01,2011-11-01
79000,MOROCCAN TEA GLASS,A,Y,AY,Оставить,нет,3357.34,6268.17,0.0,4162,125,69,10,0.721,0.81,686,18.12,75.38,нет,нет,нет,нет,нет,A,2009-12-01,2011-09-01
85053,FRENCH ENAMEL CANDLEHOLDER,A,Y,AY,Оставить,нет,3333.52,688.59,309.67,1538,295,147,12,0.629,2.17,687,18.15,75.41,нет,нет,нет,нет,нет,B,2009-12-01,2011-11-01
22739,RIBBON REEL CHRISTMAS SOCK BAUBLE,A,Z,AZ,Оставить: сезонный спрос,нет,3330.41,3626.47,210.06,1718,300,162,12,1.205,1.94,688,18.18,75.45,нет,да,нет,нет,нет,A,2010-09-01,2011-11-01
23013,GLASS APOTHECARY BOTTLE TONIC,A,Z,AZ,Наблюдать: новый товар,нет,3323.3,0.0,335.06,846,202,129,6,1.151,3.93,689,18.2,75.48,да,нет,нет,нет,нет,не продавался,2011-06-01,2011-11-01
23189,SET OF 12 FORK CANDLES,A,Z,AZ,Наблюдать: новый товар,нет,3319.61,0.0,187.9,1189,134,89,4,1.485,2.79,690,18.23,75.52,да,нет,нет,нет,нет,не продавался,2011-08-01,2011-11-01
23232,WRAP VINTAGE LEAF DESIGN,A,Y,AY,Оставить,нет,3310.5,0.0,105.0,8225,228,183,11,0.5,0.4,691,18.26,75.56,нет,нет,нет,нет,нет,не продавался,2011-01-01,2011-11-01
22656,VINTAGE BLUE KITCHEN CABINET,A,Z,AZ,Оставить,нет,3310.0,3835.0,0.0,23,17,14,8,1.25,143.91,692,18.28,75.59,нет,нет,нет,нет,нет,A,2010-07-01,2011-10-01
22669,RED BABY BUNTING,A,X,AX,Оставить,нет,3302.47,4040.19,129.03,1041,226,138,12,0.283,3.17,693,18.31,75.63,нет,нет,нет,нет,нет,A,2010-07-01,2011-11-01
22578,WOODEN STAR CHRISTMAS SCANDINAVIAN,A,Z,AZ,Оставить: сезонный спрос,нет,3292.3,2461.1,584.24,9230,473,313,7,2.013,0.36,694,18.34,75.66,нет,да,нет,нет,нет,A,2010-07-01,2011-11-01
22855,FINE WICKER HEART,A,Y,AY,Оставить,нет,3286.73,2662.51,0.0,2630,236,152,9,0.963,1.25,695,18.36,75.7,нет,нет,нет,нет,нет,A,2010-09-01,2011-08-01
21494,ROTATING LEAVES T-LIGHT HOLDER,A,Z,AZ,Оставить,нет,3282.46,2877.67,288.87,1816,292,77,12,1.034,1.81,696,18.39,75.73,нет,нет,нет,нет,нет,A,2009-12-01,2011-11-01
47567B,TEA TIME KITCHEN APRON,A,Y,AY,Оставить,нет,3275.41,8283.69,109.34,583,126,76,12,0.539,5.62,697,18.41,75.77,нет,нет,нет,нет,нет,A,2009-12-01,2011-11-01
22782,SET 3 WICKER STORAGE BASKETS,A,Z,AZ,Оставить,нет,3275.2,312.35,124.75,236,72,63,12,1.317,13.88,698,18.44,75.8,нет,нет,нет,нет,нет,C,2010-10-01,2011-11-01
23332,IVORY WICKER HEART LARGE,A,Z,AZ,Наблюдать: новый товар,нет,3272.15,0.0,270.56,1899,267,197,4,1.455,1.72,699,18.47,75.84,да,нет,нет,нет,нет,не продавался,2011-08-01,2011-11-01
22435,SET OF 9 HEART SHAPED BALLOONS,A,Y,AY,Оставить,нет,3270.75,2588.72,159.75,2602,258,149,12,0.593,1.26,700,18.49,75.87,нет,нет,нет,нет,нет,A,2010-04-01,2011-11-01
23388,WOODLAND MINI BACKPACK,A,Z,AZ,Наблюдать: новый товар,нет,3270.28,0.0,161.81,786,141,107,3,1.846,4.16,701,18.52,75.91,да,нет,нет,нет,нет,не продавался,2011-09-01,2011-11-01
23353,6 GIFT TAGS VINTAGE CHRISTMAS,A,Z,AZ,Наблюдать: новый товар,нет,3268.42,0.0,231.67,3766,295,210,4,1.578,0.87,702,18.55,75.94,да,нет,нет,нет,нет,не продавался,2011-08-01,2011-11-01
23156,SET OF 5 MINI GROCERY MAGNETS,A,Y,AY,Оставить,нет,3267.29,0.0,106.08,1590,197,112,9,0.721,2.05,703,18.57,75.98,нет,нет,нет,нет,нет,не продавался,2011-03-01,2011-11-01
23085,ANTIQUE SILVER BAUBLE LAMP,A,Z,AZ,Оставить,нет,3260.43,0.0,322.8,340,71,58,6,1.597,9.59,704,18.6,76.01,нет,нет,нет,нет,нет,не продавался,2011-05-01,2011-11-01
21745,GAOLERS KEYS DECORATIVE GARDEN,A,X,AX,Оставить,нет,3257.71,5680.76,203.02,875,207,114,12,0.418,3.72,705,18.63,76.05,нет,нет,нет,нет,нет,A,2009-12-01,2011-11-01
22300,COFFEE MUG DOG + BALL DESIGN,A,Z,AZ,Оставить,нет,3254.08,6449.04,139.83,1470,184,97,12,1.01,2.21,706,18.65,76.08,нет,нет,нет,нет,нет,A,2009-12-01,2011-11-01
21497,FANCY FONTS BIRTHDAY WRAP,A,Y,AY,Оставить,нет,3242.5,3569.0,166.5,8125,220,170,12,0.667,0.4,707,18.68,76.12,нет,нет,нет,нет,нет,A,2009-12-01,2011-11-01
23193,BUFFALO BILL TREASURE BOOK BOX,A,Z,AZ,Оставить,нет,3238.79,0.0,817.99,1505,162,105,9,1.191,2.15,708,18.71,76.15,нет,нет,нет,нет,нет,не продавался,2011-03-01,2011-11-01
22029,SPACEBOY BIRTHDAY CARD,A,X,AX,Оставить,нет,3236.05,3873.03,146.48,7785,507,230,12,0.224,0.42,709,18.73,76.18,нет,нет,нет,нет,нет,A,2009-12-01,2011-11-01
22967,SET 3 SONG BIRD PAPER EGGS ASSORTED,A,Z,AZ,Оставить,нет,3236.01,0.0,17.7,1159,136,120,6,1.495,2.79,710,18.76,76.22,нет,нет,нет,нет,нет,не продавался,2011-01-01,2011-06-01
22962,JAM JAR WITH PINK LID,A,Y,AY,Оставить,нет,3235.47,352.82,52.64,3846,333,178,12,0.537,0.84,711,18.78,76.25,нет,нет,нет,нет,нет,C,2010-11-01,2011-11-01
22244,3 HOOK HANGER MAGIC GARDEN,A,Y,AY,Оставить,нет,3229.41,5747.75,0.0,1679,157,66,10,0.727,1.92,712,18.81,76.29,нет,нет,нет,нет,нет,A,2009-12-01,2011-09-01
23536,WALL ART VILLAGE SHOW,A,Z,AZ,Наблюдать: новый товар,нет,3226.25,0.0,192.08,593,73,60,2,2.554,5.44,713,18.84,76.32,да,нет,нет,нет,нет,не продавался,2011-10-01,2011-11-01
22687,DOORMAT CHRISTMAS VILLAGE,A,Z,AZ,Оставить,нет,3221.18,2430.45,133.04,582,47,30,6,2.898,5.53,714,18.86,76.36,нет,нет,нет,да,нет,A,2010-06-01,2011-11-01
23014,GLASS APOTHECARY BOTTLE ELIXIR,A,Z,AZ,Наблюдать: новый товар,нет,3219.45,0.0,168.53,817,194,118,6,1.11,3.94,715,18.89,76.39,да,нет,нет,нет,нет,не продавался,2011-06-01,2011-11-01
22065,CHRISTMAS PUDDING TRINKET POT,A,Z,AZ,Оставить: сезонный спрос,нет,3213.32,2811.59,248.93,6202,222,128,9,1.759,0.52,716,18.92,76.43,нет,да,нет,нет,нет,A,2009-12-01,2011-11-01
21868,POTTING SHED TEA MUG,A,Y,AY,Оставить: сезонный спрос,нет,3213.3,7813.89,16.45,2448,296,152,12,0.629,1.31,717,18.94,76.46,нет,да,нет,нет,нет,A,2009-12-01,2011-11-01
22432,WATERING CAN PINK BUNNY,A,Y,AY,Оставить: сезонный спрос,нет,3212.69,3379.8,106.73,1643,271,156,12,0.74,1.96,718,18.97,76.49,нет,да,нет,нет,нет,A,2010-02-01,2011-11-01
82580,BATHROOM METAL SIGN,A,X,AX,Оставить,нет,3209.12,3970.46,137.64,5394,609,205,12,0.314,0.59,719,19.0,76.53,нет,нет,нет,нет,нет,A,2009-12-01,2011-11-01
23426,METAL SIGN DROP YOUR PANTS,A,Z,AZ,Наблюдать: новый товар,нет,3198.69,0.0,228.4,1199,188,121,3,1.736,2.67,720,19.02,76.56,да,нет,нет,нет,нет,не продавался,2011-09-01,2011-11-01
22567,20 DOLLY PEGS RETROSPOT,A,Y,AY,Оставить,нет,3185.83,3681.73,50.77,2402,214,133,11,0.979,1.33,721,19.05,76.6,нет,нет,нет,нет,нет,A,2010-03-01,2011-11-01
23354,6 GIFT TAGS 50'S CHRISTMAS,A,Z,AZ,Наблюдать: новый товар,нет,3183.95,0.0,205.61,3505,293,222,4,1.663,0.91,722,19.08,76.63,да,нет,нет,нет,нет,не продавался,2011-08-01,2011-11-01
23053,RECYCLED ACAPULCO MAT PINK,A,Y,AY,Оставить,нет,3171.56,0.0,74.51,356,158,102,9,0.995,8.91,723,19.1,76.67,нет,нет,нет,нет,нет,не продавался,2011-03-01,2011-11-01
22460,EMBOSSED GLASS TEALIGHT HOLDER,A,Y,AY,Оставить,нет,3166.76,3010.37,106.74,2479,202,114,12,0.508,1.28,724,19.13,76.7,нет,нет,нет,нет,нет,A,2010-03-01,2011-11-01
23051,RECYCLED ACAPULCO MAT BLUE,A,Y,AY,Оставить,нет,3165.48,0.0,49.76,360,158,93,9,0.885,8.79,725,19.15,76.73,нет,нет,нет,нет,нет,не продавался,2011-03-01,2011-11-01
23210,WHITE ROCKING HORSE HAND PAINTED,A,Z,AZ,Наблюдать: новый товар,нет,3163.66,0.0,153.11,2530,165,105,6,1.409,1.25,726,19.18,76.77,да,нет,нет,нет,нет,не продавался,2011-06-01,2011-11-01
21429,RED GINGHAM ROSE JEWELLERY BOX,A,Y,AY,Оставить,нет,3162.94,7921.4,212.61,1629,269,142,10,0.818,1.94,727,19.21,76.8,нет,нет,нет,нет,нет,A,2009-12-01,2011-11-01
23230,WRAP ALPHABET DESIGN,A,Y,AY,Оставить,нет,3154.92,0.0,42.0,7826,230,175,11,0.51,0.4,728,19.23,76.83,нет,нет,нет,нет,нет,не продавался,2011-01-01,2011-11-01
84968A,SET OF 16 VINTAGE ROSE CUTLERY,A,Y,AY,Оставить: сезонный спрос,нет,3149.88,3135.97,12.75,263,98,29,12,0.994,11.98,729,19.26,76.87,нет,да,нет,нет,да,A,2009-12-01,2011-11-01
22079,RIBBON REEL HEARTS DESIGN,A,Y,AY,Оставить,нет,3148.83,5081.4,126.96,1799,310,182,12,0.681,1.75,730,19.29,76.9,нет,нет,нет,нет,нет,A,2009-12-01,2011-11-01
22746,POPPY'S PLAYHOUSE LIVINGROOM,A,X,AX,Оставить,нет,3146.17,3462.71,65.17,1408,316,174,12,0.444,2.23,731,19.31,76.94,нет,нет,нет,нет,нет,A,2010-09-01,2011-11-01
22236,CAKE STAND 3 TIER MAGIC GARDEN,A,Y,AY,Оставить,нет,3141.15,9941.77,0.0,265,79,63,12,0.605,11.85,732,19.34,76.97,нет,нет,нет,нет,нет,A,2009-12-01,2011-11-01
23350,ROLL WRAP VINTAGE SPOT,A,Z,AZ,Наблюдать: новый товар,нет,3124.55,0.0,305.53,2473,271,194,4,1.553,1.26,733,19.37,77.0,да,нет,нет,нет,нет,не продавался,2011-08-01,2011-11-01
23342,MINT DINER WALL CLOCK,A,Z,AZ,Наблюдать: новый товар,нет,3108.41,0.0,68.0,365,159,105,6,1.317,8.52,734,19.39,77.04,да,нет,нет,нет,нет,не продавался,2011-06-01,2011-11-01
21463,MIRRORED DISCO BALL,A,Y,AY,Оставить: сезонный спрос,нет,3096.3,3942.66,120.85,584,122,74,12,0.812,5.3,735,19.42,77.07,нет,да,нет,нет,нет,A,2009-12-01,2011-11-01
23111,PARISIENNE SEWING BOX,A,Z,AZ,Оставить,нет,3094.06,0.0,549.48,250,116,73,7,1.139,12.38,736,19.45,77.1,нет,нет,нет,нет,нет,не продавался,2011-05-01,2011-11-01
21993,FLORAL FOLK STATIONERY SET,A,Y,AY,Оставить,нет,3089.89,1861.04,250.95,1792,401,141,12,0.783,1.72,737,19.47,77.13,нет,нет,нет,нет,нет,B,2009-12-01,2011-11-01
22653,BUTTON BOX,A,Y,AY,Оставить,нет,3089.56,2161.71,269.44,1704,235,69,12,0.836,1.81,738,19.5,77.17,нет,нет,нет,нет,нет,B,2010-07-01,2011-11-01
23239,SET OF 4 KNICK KNACK TINS POPPIES,A,Z,AZ,Наблюдать: новый товар,нет,3087.25,0.0,191.89,739,157,110,6,1.207,4.18,739,19.52,77.2,да,нет,нет,нет,нет,не продавался,2011-06-01,2011-11-01
22430,ENAMEL WATERING CAN CREAM,A,Y,AY,Оставить,нет,3079.29,3447.09,9.9,582,188,126,12,0.674,5.29,740,19.55,77.23,нет,нет,нет,нет,нет,A,2010-05-01,2011-11-01
21561,DINOSAUR LUNCH BOX WITH CUTLERY,A,Y,AY,Оставить,нет,3072.26,4176.53,55.12,1266,205,114,12,0.781,2.43,741,19.58,77.27,нет,нет,нет,нет,нет,A,2009-12-01,2011-11-01
20754,RETROSPOT RED WASHING UP GLOVES,A,Y,AY,Оставить,нет,3072.06,7326.56,0.0,1449,301,153,12,0.6,2.12,742,19.6,77.3,нет,нет,нет,нет,нет,A,2009-12-01,2011-11-01
23308,SET OF 60 VINTAGE LEAF CAKE CASES,A,Z,AZ,Наблюдать: новый товар,нет,3070.11,0.0,202.5,5701,365,207,6,1.112,0.54,743,19.63,77.33,да,нет,нет,нет,нет,не продавался,2011-06-01,2011-11-01
21240,BLUE POLKADOT CUP,A,Y,AY,Оставить,нет,3061.1,3411.03,31.31,3514,317,146,12,0.641,0.87,744,19.66,77.36,нет,нет,нет,нет,нет,A,2009-12-01,2011-11-01
21381,MINI WOODEN HAPPY BIRTHDAY GARLAND,A,Z,AZ,Оставить,нет,3059.21,4530.75,29.78,1776,216,85,12,1.047,1.72,745,19.68,77.4,нет,нет,нет,нет,нет,A,2009-12-01,2011-11-01
22491,PACK OF 12 COLOURED PENCILS,A,X,AX,Оставить,нет,3042.62,2632.09,27.13,3760,210,158,12,0.497,0.81,746,19.71,77.43,нет,нет,нет,нет,нет,A,2010-05-01,2011-11-01
84032A,CHARLIE+LOLA PINK HOT WATER BOTTLE,A,Z,AZ,Оставить: сезонный спрос,нет,3030.68,5239.12,283.5,827,285,68,12,1.17,3.66,747,19.74,77.46,нет,да,нет,нет,да,A,2009-12-01,2011-11-01
23346,SPACEBOY BEAKER,A,Z,AZ,Наблюдать: новый товар,нет,3026.45,0.0,85.89,2568,169,103,5,1.499,1.18,748,19.76,77.49,да,нет,нет,нет,нет,не продавался,2011-07-01,2011-11-01
22778,GLASS CLOCHE SMALL,A,X,AX,Оставить,нет,3022.01,685.79,0.0,773,137,80,12,0.42,3.91,749,19.79,77.53,нет,нет,нет,нет,нет,B,2010-10-01,2011-11-01
21135,VICTORIAN  METAL POSTCARD SPRING,A,Z,AZ,Оставить,нет,3013.06,5307.16,70.98,2535,169,120,12,1.196,1.19,750,19.82,77.56,нет,нет,нет,нет,нет,A,2009-12-01,2011-11-01
23035,DRAWER KNOB CERAMIC IVORY,A,Z,AZ,Наблюдать: новый товар,нет,3010.21,0.0,181.08,2069,178,104,6,1.054,1.45,751,19.84,77.59,да,нет,нет,нет,нет,не продавался,2011-06-01,2011-11-01
22894,TABLECLOTH RED APPLES DESIGN,A,X,AX,Оставить,нет,3007.48,2133.4,19.9,303,121,82,12,0.457,9.93,752,19.87,77.62,нет,нет,нет,нет,нет,B,2010-09-01,2011-11-01
20973,12 PENCIL SMALL TUBE WOODLAND,A,Z,AZ,Оставить,нет,3002.87,3562.38,207.4,4213,320,179,11,1.231,0.71,753,19.89,77.66,нет,нет,нет,нет,нет,A,2010-03-01,2011-11-01
22187,GREEN CHRISTMAS TREE CARD HOLDER,A,Z,AZ,Оставить: сезонный спрос,нет,3002.14,3468.02,235.04,1228,179,121,8,1.81,2.44,754,19.92,77.69,нет,да,нет,нет,нет,A,2009-12-01,2011-11-01
23395,BELLE JARDINIERE CUSHION COVER,A,Z,AZ,Наблюдать: новый товар,нет,3001.55,0.0,251.78,693,192,134,3,1.733,4.33,755,19.95,77.72,да,нет,нет,нет,нет,не продавался,2011-09-01,2011-11-01
23393,HOME SWEET HOME CUSHION COVER,A,Z,AZ,Наблюдать: новый товар,нет,2980.54,0.0,159.87,746,211,156,3,1.749,4.0,756,19.97,77.75,да,нет,нет,нет,нет,не продавался,2011-09-01,2011-11-01
22892,SET OF SALT AND PEPPER TOADSTOOLS,A,X,AX,Оставить,нет,2976.6,1270.46,0.0,2436,196,116,12,0.376,1.22,757,20.0,77.78,нет,нет,нет,нет,нет,B,2010-10-01,2011-11-01
22972,CHILDREN'S SPACEBOY MUG,A,X,AX,Оставить,нет,2973.61,152.1,74.23,1740,219,135,12,0.479,1.71,758,20.03,77.82,нет,нет,нет,нет,нет,C,2010-11-01,2011-11-01
20828,GLITTER BUTTERFLY CLIPS,A,X,AX,Оставить,нет,2966.25,7804.5,108.53,1093,230,116,12,0.39,2.71,759,20.05,77.85,нет,нет,нет,нет,нет,A,2009-12-01,2011-11-01
22360,GLASS JAR ENGLISH CONFECTIONERY,A,X,AX,Оставить,нет,2965.2,4289.58,92.97,944,199,100,12,0.441,3.14,760,20.08,77.88,нет,нет,нет,нет,нет,A,2010-03-01,2011-11-01
22311,OFFICE MUG WARMER BLACK+SILVER,A,Z,AZ,Оставить: сезонный спрос,нет,2963.58,3316.3,437.23,970,135,60,12,1.355,3.06,761,20.11,77.91,нет,да,нет,нет,нет,A,2009-12-01,2011-11-01
21714,CITRONELLA CANDLE GARDEN POT,A,Y,AY,Оставить: сезонный спрос,нет,2954.11,3171.74,56.54,1610,219,102,12,0.776,1.83,762,20.13,77.94,нет,да,нет,нет,нет,A,2009-12-01,2011-11-01
22563,HAPPY STENCIL CRAFT,A,Y,AY,Оставить,нет,2951.96,3575.67,394.97,2479,261,163,12,0.537,1.19,763,20.16,77.97,нет,нет,нет,нет,нет,A,2010-03-01,2011-11-01
22777,GLASS CLOCHE LARGE,A,Z,AZ,Оставить,нет,2951.53,878.79,0.0,352,58,37,6,1.486,8.39,764,20.18,78.0,нет,нет,нет,нет,нет,B,2010-10-01,2011-07-01
85184C,S/4 VALENTINE DECOUPAGE HEART BOX,A,Z,AZ,Оставить: сезонный спрос,нет,2947.49,1929.64,49.93,1639,188,112,12,2.007,1.8,765,20.21,78.04,нет,да,нет,нет,нет,B,2009-12-01,2011-11-01
21588,RETROSPOT GIANT TUBE MATCHES,A,Z,AZ,Оставить: сезонный спрос,нет,2947.35,4244.85,495.15,1267,122,95,12,1.417,2.33,766,20.24,78.07,нет,да,нет,нет,нет,A,2009-12-01,2011-11-01
22331,WOODLAND PARTY BAG + STICKER SET,A,Y,AY,Оставить,нет,2937.23,3021.58,37.91,1821,176,99,12,0.584,1.61,767,20.26,78.1,нет,нет,нет,нет,нет,A,2009-12-01,2011-11-01
23231,WRAP DOILEY DESIGN,A,X,AX,Оставить,нет,2924.34,0.0,84.0,7077,253,186,11,0.419,0.41,768,20.29,78.13,нет,нет,нет,нет,нет,не продавался,2011-01-01,2011-11-01
21201,TROPICAL  HONEYCOMB PAPER GARLAND,A,Y,AY,Оставить,нет,2922.5,3498.74,65.32,1221,97,43,12,0.684,2.39,769,20.32,78.16,нет,нет,нет,нет,нет,A,2009-12-01,2011-11-01
22604,SET OF 4 NAPKIN CHARMS CUTLERY,A,Z,AZ,Оставить,нет,2921.77,1856.76,117.89,1218,116,74,12,1.011,2.4,770,20.34,78.19,нет,нет,нет,нет,нет,B,2010-07-01,2011-11-01
16161P,WRAP ENGLISH ROSE,A,X,AX,Оставить: сезонный спрос,нет,2906.92,2454.98,63.0,7026,241,187,12,0.469,0.41,771,20.37,78.22,нет,да,нет,нет,да,A,2009-12-01,2011-11-01
21918,SET 12 KIDS COLOUR  CHALK STICKS,A,Y,AY,Оставить,нет,2898.79,3056.59,46.0,7092,346,185,12,0.574,0.41,772,20.4,78.26,нет,нет,нет,нет,нет,A,2009-12-01,2011-11-01
22810,SET OF 6 T-LIGHTS SNOWMEN,A,Z,AZ,Оставить: сезонный спрос,нет,2887.88,3707.05,11.8,892,161,104,9,1.438,3.24,773,20.42,78.29,нет,да,нет,нет,нет,A,2010-09-01,2011-11-01
21112,"SWISS ROLL TOWEL, PINK  SPOTS",A,Z,AZ,Оставить,нет,2879.34,2520.23,5.79,1358,81,37,11,1.242,2.12,774,20.45,78.32,нет,нет,нет,нет,нет,A,2009-12-01,2011-11-01
21625,VINTAGE UNION JACK APRON,A,X,AX,Оставить,нет,2869.32,4098.11,70.19,400,166,96,12,0.356,7.17,775,20.48,78.35,нет,нет,нет,нет,нет,A,2009-12-01,2011-11-01
22843,BISCUIT TIN VINTAGE GREEN,A,Y,AY,Оставить,нет,2857.48,953.99,13.29,444,122,90,12,0.759,6.44,776,20.5,78.38,нет,нет,нет,нет,нет,B,2010-10-01,2011-11-01
23329,DECORATIVE WICKER HEART LARGE,A,Z,AZ,Наблюдать: новый товар,нет,2855.05,0.0,183.14,1657,221,162,4,1.448,1.72,777,20.53,78.41,да,нет,нет,нет,нет,не продавался,2011-08-01,2011-11-01
22354,RETROSPOT PADDED SEAT CUSHION,A,X,AX,Оставить,нет,2853.52,5593.58,7.46,749,82,43,12,0.427,3.81,778,20.55,78.44,нет,нет,нет,нет,нет,A,2009-12-01,2011-11-01
22945,CHRISTMAS METAL TAGS ASSORTED,A,Z,AZ,Оставить: сезонный спрос,нет,2847.34,4346.58,52.8,2799,165,116,11,1.235,1.02,779,20.58,78.47,нет,да,нет,нет,нет,A,2010-09-01,2011-11-01
22774,RED DRAWER KNOB ACRYLIC EDWARDIAN,A,Y,AY,Оставить,нет,2841.75,704.31,15.0,2230,138,55,12,0.634,1.27,780,20.61,78.5,нет,нет,нет,нет,нет,B,2010-10-01,2011-11-01
22078,RIBBON REEL LACE DESIGN,A,Y,AY,Оставить,нет,2839.21,5461.63,84.0,1329,188,102,10,0.822,2.14,781,20.63,78.53,нет,нет,нет,нет,нет,A,2009-12-01,2011-11-01
21313,GLASS HEART T-LIGHT HOLDER,A,X,AX,Оставить,нет,2834.19,2794.65,58.09,3258,204,93,12,0.274,0.87,782,20.66,78.56,нет,нет,нет,нет,нет,A,2009-12-01,2011-11-01
23323,WHITE WICKER STAR,A,Z,AZ,Наблюдать: новый товар,нет,2822.61,0.0,324.17,1333,266,198,6,1.513,2.12,783,20.69,78.59,да,нет,нет,нет,нет,не продавался,2011-06-01,2011-11-01
22965,3 TRADITIONAl BISCUIT CUTTERS  SET,A,X,AX,Оставить,нет,2812.4,921.33,73.01,1331,225,169,12,0.462,2.11,784,20.71,78.62,нет,нет,нет,нет,нет,B,2010-11-01,2011-11-01
23542,WALL ART 70'S ALPHABET,A,Z,AZ,Наблюдать: новый товар,нет,2811.82,0.0,971.84,366,82,54,2,2.263,7.68,785,20.74,78.65,да,нет,нет,нет,нет,не продавался,2011-10-01,2011-11-01
85174,S/4 CACTI CANDLES,A,Z,AZ,Оставить: сезонный спрос,нет,2805.22,4236.68,111.96,599,145,53,12,1.016,4.68,786,20.77,78.68,нет,да,нет,нет,нет,A,2009-12-01,2011-11-01
21115,ROSE CARAVAN DOORSTOP,A,Z,AZ,Оставить,нет,2803.47,4793.6,358.77,403,132,81,12,1.166,6.96,787,20.79,78.71,нет,нет,нет,нет,нет,A,2009-12-01,2011-11-01
21976,PACK OF 60 MUSHROOM CAKE CASES,A,X,AX,Оставить,нет,2799.52,4909.27,57.18,5084,377,174,12,0.453,0.55,788,20.82,78.74,нет,нет,нет,нет,нет,A,2009-12-01,2011-11-01
23427,STOOL HOME SWEET HOME,A,Z,AZ,Наблюдать: новый товар,нет,2798.08,0.0,37.5,232,110,86,3,2.125,12.06,789,20.85,78.77,да,нет,нет,нет,нет,не продавался,2011-09-01,2011-11-01
47599B,BLUE PARTY BAGS,A,Y,AY,Оставить,нет,2797.12,3612.22,25.2,1468,117,69,12,0.508,1.91,790,20.87,78.8,нет,нет,нет,нет,да,A,2010-01-01,2011-11-01
23345,DOLLY GIRL BEAKER,A,Z,AZ,Наблюдать: новый товар,нет,2781.49,0.0,104.76,2373,160,96,5,1.584,1.17,791,20.9,78.83,да,нет,нет,нет,нет,не продавался,2011-07-01,2011-11-01
47559B,TEA TIME OVEN GLOVE,A,Y,AY,Оставить,нет,2773.04,3845.6,117.01,2070,296,144,12,0.506,1.34,792,20.92,78.86,нет,нет,нет,нет,нет,A,2010-01-01,2011-11-01
35004B,SET OF 3 BLACK FLYING DUCKS,A,Y,AY,Оставить,нет,2768.71,3813.29,54.5,543,104,26,12,0.809,5.1,793,20.95,78.89,нет,нет,нет,нет,да,A,2009-12-01,2011-11-01
22823,CHEST NATURAL WOOD 20 DRAWERS,A,Y,AY,Оставить,нет,2745.0,910.0,0.0,24,13,13,10,0.957,114.38,794,20.98,78.92,нет,нет,нет,нет,нет,B,2010-10-01,2011-11-01
23242,TREASURE TIN BUFFALO BILL,A,Z,AZ,Наблюдать: новый товар,нет,2732.78,0.0,289.77,1324,196,127,6,1.16,2.06,795,21.0,78.95,да,нет,нет,нет,нет,не продавался,2011-06-01,2011-11-01
22906,12 MESSAGE CARDS WITH ENVELOPES,A,X,AX,Оставить,нет,2732.18,3179.96,215.69,1596,237,143,12,0.431,1.71,796,21.03,78.98,нет,нет,нет,нет,нет,A,2010-09-01,2011-11-01
22925,BLUE GIANT GARDEN THERMOMETER,A,Y,AY,Оставить,нет,2727.72,232.05,0.0,444,180,123,11,0.81,6.14,797,21.06,79.01,нет,нет,нет,нет,нет,C,2010-11-01,2011-10-01
22426,ENAMEL WASH BOWL CREAM,A,X,AX,Оставить,нет,2726.1,2200.89,51.91,709,199,100,12,0.305,3.84,798,21.08,79.04,нет,нет,нет,нет,нет,B,2010-04-01,2011-11-01
22963,JAM JAR WITH GREEN LID,A,X,AX,Оставить,нет,2719.47,301.42,43.22,3234,296,163,12,0.483,0.84,799,21.11,79.06,нет,нет,нет,нет,нет,C,2010-07-01,2011-11-01
22644,CERAMIC CHERRY CAKE MONEY BANK,A,Y,AY,Оставить,нет,2715.64,3877.76,253.93,1619,245,130,12,0.522,1.68,800,21.14,79.09,нет,нет,нет,нет,нет,A,2010-05-01,2011-11-01
72807C,SET/3 VANILLA SCENTED CANDLE IN BOX,A,Y,AY,Оставить: сезонный спрос,нет,2712.3,5814.65,0.0,602,160,81,12,0.563,4.51,801,21.16,79.12,нет,да,нет,нет,да,A,2009-12-01,2011-11-01
23504,PLAYING CARDS JUBILEE UNION JACK,A,Z,AZ,Наблюдать: новый товар,нет,2709.09,0.0,139.8,1820,183,150,3,1.851,1.49,802,21.19,79.15,да,нет,нет,нет,нет,не продавался,2011-09-01,2011-11-01
23211,RED ROCKING HORSE HAND PAINTED,A,Z,AZ,Наблюдать: новый товар,нет,2705.32,0.0,195.25,2173,141,77,6,1.219,1.24,803,21.22,79.18,да,нет,нет,нет,нет,не продавался,2011-06-01,2011-11-01
23196,VINTAGE LEAF MAGNETIC NOTEPAD,A,Z,AZ,Наблюдать: новый товар,нет,2702.38,0.0,136.96,1806,279,169,6,1.157,1.5,804,21.24,79.21,да,нет,нет,нет,нет,не продавался,2011-06-01,2011-11-01
22794,SWEETHEART WIRE MAGAZINE RACK,A,X,AX,Оставить,нет,2697.45,470.55,63.6,315,174,109,12,0.284,8.56,805,21.27,79.24,нет,нет,нет,нет,нет,C,2010-10-01,2011-11-01
23190,BUNDLE OF 3 SCHOOL EXERCISE BOOKS,A,Y,AY,Оставить,нет,2695.9,0.0,64.35,1662,195,141,7,0.992,1.62,806,21.29,79.27,нет,нет,нет,нет,нет,не продавался,2011-05-01,2011-11-01
21985,PACK OF 12 HEARTS DESIGN TISSUES,A,Y,AY,Оставить,нет,2689.28,6225.2,40.23,8682,413,261,12,0.618,0.31,807,21.32,79.3,нет,нет,нет,нет,нет,A,2009-12-01,2011-11-01
23147,SINGLE ANTIQUE ROSE HOOK IVORY,A,Y,AY,Оставить,нет,2686.95,0.0,63.8,1823,253,166,8,0.924,1.47,808,21.35,79.32,нет,нет,нет,нет,нет,не продавался,2011-04-01,2011-11-01
21499,BLUE POLKADOT WRAP,A,X,AX,Оставить,нет,2684.84,3250.5,42.0,6602,211,169,12,0.288,0.41,809,21.37,79.35,нет,нет,нет,нет,нет,A,2009-12-01,2011-11-01
23390,DOLLY GIRL MINI BACKPACK,A,Z,AZ,Наблюдать: новый товар,нет,2680.42,0.0,345.17,662,149,110,3,1.972,4.05,810,21.4,79.38,да,нет,нет,нет,нет,не продавался,2011-09-01,2011-11-01
22702,BLACK AND WHITE CAT BOWL,A,Z,AZ,Оставить,нет,2676.39,469.57,8.26,1361,47,35,12,2.291,1.97,811,21.43,79.41,нет,нет,нет,да,нет,C,2010-06-01,2011-11-01
23290,SPACEBOY CHILDRENS BOWL,A,Z,AZ,Наблюдать: новый товар,нет,2673.14,0.0,207.21,2239,199,122,6,1.045,1.19,812,21.45,79.44,да,нет,нет,нет,нет,не продавался,2011-06-01,2011-11-01
20829,GLITTER HANGING BUTTERFLY STRING,A,Y,AY,Оставить,нет,2672.69,5163.17,46.06,1292,187,89,12,0.86,2.07,813,21.48,79.47,нет,нет,нет,нет,нет,A,2009-12-01,2011-11-01
23164,REGENCY CAKE SLICE,A,Z,AZ,Оставить,нет,2668.97,0.0,49.68,571,88,69,7,1.047,4.67,814,21.51,79.5,нет,нет,нет,нет,нет,не продавался,2011-05-01,2011-11-01
22380,TOY TIDY SPACEBOY,A,X,AX,Оставить: сезонный спрос,нет,2668.31,7389.6,126.15,1187,272,110,12,0.306,2.25,815,21.53,79.52,нет,да,нет,нет,нет,A,2010-01-01,2011-11-01
21990,MODERN FLORAL STATIONERY SET,A,Y,AY,Оставить,нет,2666.55,1660.54,203.45,1577,346,123,12,0.864,1.69,816,21.56,79.55,нет,нет,нет,нет,нет,B,2009-12-01,2011-11-01
22773,GREEN DRAWER KNOB ACRYLIC EDWARDIAN,A,X,AX,Оставить,нет,2664.64,416.71,59.76,2021,186,81,12,0.383,1.32,817,21.59,79.58,нет,нет,нет,нет,нет,C,2010-10-01,2011-11-01
21811,HANGING HEART WITH BELL,A,Z,AZ,Оставить: сезонный спрос,нет,2663.68,1894.78,0.0,4802,244,118,12,1.566,0.55,818,21.61,79.61,нет,да,нет,нет,нет,B,2009-12-01,2011-11-01
21239,PINK  POLKADOT CUP,A,X,AX,Оставить,нет,2653.29,3710.65,37.05,2957,296,137,12,0.432,0.9,819,21.64,79.64,нет,нет,нет,нет,нет,A,2009-12-01,2011-11-01
22224,WHITE LOVEBIRD LANTERN,A,X,AX,Оставить,нет,2652.51,4716.68,105.65,801,157,85,12,0.468,3.31,820,21.66,79.67,нет,нет,нет,нет,нет,A,2009-12-01,2011-11-01
22433,WATERING CAN GREEN DINOSAUR,A,Y,AY,Оставить: сезонный спрос,нет,2651.67,2495.38,15.83,1387,225,121,12,0.798,1.91,821,21.69,79.7,нет,да,нет,нет,нет,A,2010-02-01,2011-11-01
22974,CHILDRENS DOLLY GIRL MUG,A,Y,AY,Оставить,нет,2648.88,66.12,61.01,1553,194,120,12,0.695,1.71,822,21.72,79.72,нет,нет,нет,нет,нет,C,2010-11-01,2011-11-01
22927,GREEN GIANT GARDEN THERMOMETER,A,Y,AY,Оставить,нет,2645.48,243.86,11.63,421,145,93,10,0.644,6.28,823,21.74,79.75,нет,нет,нет,нет,нет,C,2010-11-01,2011-09-01
22283,6 EGG HOUSE PAINTED WOOD,A,X,AX,Оставить,нет,2631.14,5711.26,63.49,288,150,81,12,0.417,9.14,824,21.77,79.78,нет,нет,нет,нет,нет,A,2009-12-01,2011-11-01
22130,PARTY CONE CHRISTMAS DECORATION,A,Z,AZ,Оставить: сезонный спрос,нет,2618.73,8202.5,45.9,2223,105,75,10,1.453,1.18,825,21.8,79.81,нет,да,нет,нет,нет,A,2009-12-01,2011-11-01
22592,CARDHOLDER HOLLY WREATH METAL,A,Z,AZ,Оставить: сезонный спрос,нет,2617.72,4935.72,403.4,590,119,75,7,1.637,4.44,826,21.82,79.84,нет,да,нет,нет,нет,A,2010-07-01,2011-11-01
84568,GIRLS ALPHABET IRON ON PATCHES,A,Y,AY,Оставить,нет,2617.01,5049.65,61.32,12296,140,18,12,0.999,0.21,827,21.85,79.86,нет,нет,нет,нет,нет,A,2009-12-01,2011-11-01
22830,UTILTY CABINET WITH HOOKS,A,Z,AZ,Проверить наличие: продажи значимого товара прекратились,нет,2610.29,1150.42,0.0,131,6,5,2,3.262,19.93,828,21.88,79.89,нет,нет,да,да,нет,B,2010-10-01,2011-01-01
22329,ROUND CONTAINER SET OF 5 RETROSPOT,A,Y,AY,Оставить,нет,2609.17,5728.96,32.92,1579,228,101,12,0.669,1.65,829,21.9,79.92,нет,нет,нет,нет,нет,A,2010-01-01,2011-11-01
22241,GARLAND WOODEN HAPPY EASTER,A,Z,AZ,Оставить: сезонный спрос,нет,2606.93,3250.49,0.0,1950,238,124,12,1.569,1.34,830,21.93,79.95,нет,да,нет,нет,нет,A,2009-12-01,2011-11-01
22833,HALL CABINET WITH 3 DRAWERS,A,Z,AZ,Проверить наличие: продажи значимого товара прекратились,нет,2603.53,1560.01,0.0,76,5,4,3,3.175,34.26,831,21.96,79.98,нет,нет,да,да,нет,B,2010-11-01,2011-02-01
22582,PACK OF 6 SWEETIE GIFT BOXES,B,Z,BZ,Оставить,нет,2593.39,3568.32,25.36,1040,96,68,12,1.173,2.49,832,21.98,80.0,нет,нет,нет,нет,нет,A,2010-03-01,2011-11-01
23100,SILVER BELLS TABLE DECORATION,B,Z,BZ,Оставить,нет,2593.33,0.0,146.05,2054,240,172,7,1.281,1.26,833,22.01,80.03,нет,нет,нет,нет,нет,не продавался,2011-05-01,2011-11-01
22930,BAKING MOULD HEART MILK CHOCOLATE,B,Y,BY,Оставить,нет,2592.35,0.0,52.85,996,181,117,12,0.696,2.6,834,22.03,80.06,нет,нет,нет,нет,нет,не продавался,2010-12-01,2011-11-01
22660,DOORMAT I LOVE LONDON,B,Z,BZ,Оставить,нет,2591.66,3112.75,87.3,352,99,54,12,1.103,7.36,835,22.06,80.09,нет,нет,нет,нет,нет,A,2010-06-01,2011-11-01
23396,LE JARDIN BOTANIQUE CUSHION COVER,B,Z,BZ,Наблюдать: новый товар,нет,2589.83,0.0,145.7,617,183,127,3,1.738,4.2,836,22.09,80.11,да,нет,нет,нет,нет,не продавался,2011-09-01,2011-11-01
22045,SPACEBOY GIFT WRAP,B,X,BX,Оставить: сезонный спрос,нет,2589.34,3297.8,63.0,6327,200,142,12,0.479,0.41,837,22.11,80.14,нет,да,нет,нет,нет,A,2009-12-01,2011-11-01
22700,BLACK AND WHITE DOG BOWL,B,Z,BZ,Оставить,нет,2584.48,553.22,0.0,1190,50,41,10,2.029,2.17,838,22.14,80.17,нет,нет,нет,да,нет,C,2010-07-01,2011-10-01
22465,HANGING METAL STAR LANTERN,B,Y,BY,Оставить: сезонный спрос,нет,2584.45,3983.7,400.49,1498,164,104,12,0.647,1.73,839,22.17,80.2,нет,да,нет,нет,нет,A,2010-03-01,2011-11-01
22797,CHEST OF DRAWERS GINGHAM HEART,B,Y,BY,Оставить,нет,2580.77,1145.85,33.29,148,79,57,12,0.725,17.44,840,22.19,80.22,нет,нет,нет,нет,нет,B,2010-10-01,2011-11-01
85178,VICTORIAN SEWING KIT,B,Y,BY,Оставить,нет,2566.97,3186.94,75.61,2329,131,75,12,0.557,1.1,841,22.22,80.25,нет,нет,нет,нет,нет,A,2009-12-01,2011-11-01
21810,CHRISTMAS HANGING STAR WITH BELL,B,Z,BZ,Оставить: сезонный спрос,нет,2563.37,1392.57,344.72,5253,224,117,8,2.085,0.49,842,22.25,80.28,нет,да,нет,нет,нет,B,2009-12-01,2011-11-01
35961,FOLKART ZINC HEART CHRISTMAS DEC,B,Y,BY,Оставить,нет,2561.45,6884.97,68.36,2912,235,112,12,0.524,0.88,843,22.27,80.31,нет,нет,нет,нет,нет,A,2009-12-01,2011-11-01
22822,CREAM WALL PLANTER HEART SHAPED,B,Y,BY,Оставить,нет,2558.39,784.6,24.36,430,155,119,12,0.674,5.95,844,22.3,80.33,нет,нет,нет,нет,нет,B,2010-11-01,2011-11-01
22691,DOORMAT WELCOME SUNRISE,B,Z,BZ,Оставить,нет,2556.63,1871.14,98.29,357,112,62,11,1.149,7.16,845,22.32,80.36,нет,нет,нет,нет,нет,B,2010-06-01,2011-11-01
23333,IVORY WICKER HEART MEDIUM,B,Z,BZ,Наблюдать: новый товар,нет,2547.95,0.0,132.5,1971,220,169,4,1.585,1.29,846,22.35,80.39,да,нет,нет,нет,нет,не продавался,2011-08-01,2011-11-01
23054,RECYCLED ACAPULCO MAT LAVENDER,B,Y,BY,Оставить,нет,2546.92,0.0,49.76,290,126,79,9,0.894,8.78,847,22.38,80.42,нет,нет,нет,нет,нет,не продавался,2011-03-01,2011-11-01
22902,TOTE BAG I LOVE LONDON,B,X,BX,Оставить,нет,2541.09,873.28,41.79,1247,130,68,12,0.482,2.04,848,22.4,80.44,нет,нет,нет,нет,нет,B,2010-09-01,2011-11-01
21500,PINK POLKADOT WRAP,B,X,BX,Оставить,нет,2540.5,3850.0,52.5,6225,208,159,12,0.367,0.41,849,22.43,80.47,нет,нет,нет,нет,нет,A,2009-12-01,2011-11-01
22196,SMALL HEART MEASURING SPOONS,B,X,BX,Оставить: сезонный спрос,нет,2539.28,3387.03,194.48,2641,446,141,12,0.485,0.96,850,22.46,80.5,нет,да,нет,нет,нет,A,2009-12-01,2011-11-01
23212,HEART WREATH DECORATION WITH BELL,B,Z,BZ,Наблюдать: новый товар,нет,2535.56,0.0,250.33,2058,158,95,6,1.218,1.23,851,22.48,80.52,да,нет,нет,нет,нет,не продавался,2011-06-01,2011-11-01
21078,SET/20 STRAWBERRY PAPER NAPKINS,B,Y,BY,Оставить: сезонный спрос,нет,2531.04,3650.21,0.0,2769,313,148,11,0.731,0.91,852,22.51,80.55,нет,да,нет,нет,нет,A,2009-12-01,2011-10-01
84832,ZINC WILLIE WINKIE  CANDLE STICK,B,Y,BY,Оставить: сезонный спрос,нет,2529.99,3422.0,172.51,2752,249,128,12,0.814,0.92,853,22.54,80.58,нет,да,нет,нет,нет,A,2009-12-01,2011-11-01
22610,PENS ASSORTED FUNNY FACE,B,Y,BY,Оставить,нет,2523.52,2505.54,47.88,9320,211,121,12,0.641,0.27,854,22.56,80.61,нет,нет,нет,нет,нет,A,2010-02-01,2011-11-01
22564,ALPHABET STENCIL CRAFT,B,Y,BY,Оставить,нет,2520.8,1908.48,78.55,2207,175,114,12,0.999,1.14,855,22.59,80.63,нет,нет,нет,нет,нет,B,2010-03-01,2011-11-01
72351A,SET/6 TURQUOISE BUTTERFLY T-LIGHTS,B,Y,BY,Оставить,нет,2519.02,4933.15,42.0,1259,159,78,12,0.812,2.0,856,22.62,80.66,нет,нет,нет,нет,да,A,2009-12-01,2011-11-01
21556,CERAMIC STRAWBERRY MONEY BOX,B,Z,BZ,Оставить,нет,2512.97,1728.89,0.0,976,113,38,11,1.533,2.57,857,22.64,80.69,нет,нет,нет,да,нет,B,2009-12-01,2011-11-01
21781,MA CAMPAGNE CUTLERY BOX,B,Y,BY,Оставить,нет,2512.75,7314.42,0.0,157,96,50,8,0.85,16.0,858,22.67,80.71,нет,нет,нет,нет,нет,A,2009-12-01,2011-07-01
23266,SET OF 3 WOODEN STOCKING DECORATION,B,Z,BZ,Наблюдать: новый товар,нет,2509.9,0.0,218.92,1892,289,189,6,1.452,1.33,859,22.69,80.74,да,нет,нет,нет,нет,не продавался,2011-06-01,2011-11-01
22805,BLUE DRAWER KNOB ACRYLIC EDWARDIAN,B,X,BX,Оставить,нет,2509.89,432.79,49.89,1851,188,75,12,0.383,1.36,860,22.72,80.77,нет,нет,нет,нет,нет,C,2010-10-01,2011-11-01
22937,BAKING MOULD CHOCOLATE CUPCAKES,B,Y,BY,Оставить,нет,2507.42,0.0,40.52,952,156,121,12,0.894,2.63,861,22.75,80.79,нет,нет,нет,нет,нет,не продавался,2010-12-01,2011-11-01
23292,SPACEBOY CHILDRENS CUP,B,Z,BZ,Наблюдать: новый товар,нет,2505.59,0.0,176.49,2021,203,110,6,1.038,1.24,862,22.77,80.82,да,нет,нет,нет,нет,не продавался,2011-06-01,2011-11-01
23341,PINK DINER WALL CLOCK,B,Z,BZ,Наблюдать: новый товар,нет,2505.42,0.0,235.93,279,113,73,6,1.22,8.98,863,22.8,80.85,да,нет,нет,нет,нет,не продавался,2011-06-01,2011-11-01
22762,CUPBOARD 3 DRAWER MA CAMPAGNE,B,X,BX,Оставить,нет,2504.63,490.59,89.7,151,105,70,12,0.391,16.59,864,22.83,80.87,нет,нет,нет,нет,нет,C,2010-10-01,2011-11-01
22072,RED RETROSPOT TEA CUP AND SAUCER,B,Y,BY,Оставить,нет,2499.92,6359.84,296.25,639,144,77,12,0.531,3.91,865,22.85,80.9,нет,нет,нет,нет,нет,A,2009-12-01,2011-11-01
22737,RIBBON REEL CHRISTMAS PRESENT,B,Z,BZ,Оставить: сезонный спрос,нет,2499.54,3146.28,128.61,1295,241,142,12,1.367,1.93,866,22.88,80.93,нет,да,нет,нет,нет,A,2010-09-01,2011-11-01
22361,GLASS JAR DAISY FRESH COTTON WOOL,B,Y,BY,Оставить,нет,2499.14,3346.58,75.49,706,256,88,12,0.51,3.54,867,22.91,80.95,нет,нет,нет,нет,нет,A,2010-03-01,2011-11-01
84596B,SMALL DOLLY MIX DESIGN ORANGE BOWL,B,Y,BY,Оставить,нет,2488.37,1534.78,69.9,4871,503,186,12,0.512,0.51,868,22.93,80.98,нет,нет,нет,нет,да,B,2009-12-01,2011-11-01
23146,TRIPLE HOOK ANTIQUE IVORY ROSE,B,Y,BY,Оставить,нет,2464.04,0.0,95.68,740,212,143,8,0.895,3.33,869,22.96,81.01,нет,нет,нет,нет,нет,не продавался,2011-04-01,2011-11-01
21452,TOADSTOOL MONEY BOX,B,X,BX,Оставить,нет,2441.23,3137.97,87.23,784,173,104,12,0.477,3.11,870,22.99,81.03,нет,нет,нет,нет,нет,A,2010-03-01,2011-11-01
21730,GLASS STAR FROSTED T-LIGHT HOLDER,B,Z,BZ,Оставить,нет,2435.11,3004.89,74.37,503,123,78,12,1.331,4.84,871,23.01,81.06,нет,нет,нет,нет,нет,A,2009-12-01,2011-11-01
22278,OVERNIGHT BAG VINTAGE ROSE PAISLEY,B,Y,BY,Оставить,нет,2433.21,3225.48,246.39,375,167,56,12,0.638,6.49,872,23.04,81.08,нет,нет,нет,нет,нет,A,2009-12-01,2011-11-01
23264,SET OF 3 WOODEN SLEIGH DECORATIONS,B,Z,BZ,Наблюдать: новый товар,нет,2422.05,0.0,267.51,1778,274,169,6,1.571,1.36,873,23.06,81.11,да,нет,нет,нет,нет,не продавался,2011-06-01,2011-11-01
22358,KINGS CHOICE TEA CADDY,B,Y,BY,Оставить,нет,2420.12,5728.09,116.35,668,240,84,12,0.513,3.62,874,23.09,81.14,нет,нет,нет,нет,нет,A,2010-01-01,2011-11-01
22175,PINK OWL SOFT TOY,B,Z,BZ,Оставить,нет,2413.16,2666.38,178.12,812,162,83,12,1.126,2.97,875,23.12,81.16,нет,нет,нет,нет,нет,A,2009-12-01,2011-11-01
22165,"DIAMANTE HEART SHAPED WALL MIRROR,",B,X,BX,Оставить,нет,2407.19,4256.28,870.01,214,127,19,12,0.417,11.25,876,23.14,81.19,нет,нет,нет,нет,нет,A,2009-12-01,2011-11-01
22672,FRENCH BATHROOM SIGN BLUE METAL,B,Y,BY,Оставить,нет,2404.01,2224.89,84.11,1415,209,121,12,0.663,1.7,877,23.17,81.21,нет,нет,нет,нет,нет,B,2010-08-01,2011-11-01
23407,SET OF 2 TRAYS HOME SWEET HOME,B,Z,BZ,Наблюдать: новый товар,нет,2394.16,0.0,265.52,236,116,92,3,1.733,10.14,878,23.2,81.24,да,нет,нет,нет,нет,не продавался,2011-09-01,2011-11-01
84796B,BLUE SAVANNAH PICNIC HAMPER FOR 2,B,Z,BZ,Оставить: сезонный спрос,нет,2393.59,2623.32,0.0,256,124,16,10,1.094,9.35,879,23.22,81.27,нет,да,нет,нет,да,A,2009-12-01,2011-11-01
85062,PEARL CRYSTAL PUMPKIN T-LIGHT HLDR,B,X,BX,Оставить,нет,2380.06,3933.78,49.44,1434,156,97,12,0.439,1.66,880,23.25,81.29,нет,нет,нет,нет,нет,A,2009-12-01,2011-11-01
23400,SHELF WITH 4 HOOKS HOME SWEET HOME,B,Z,BZ,Наблюдать: новый товар,нет,2378.09,0.0,18.75,456,104,73,3,2.401,5.22,881,23.28,81.32,да,нет,нет,нет,нет,не продавался,2011-09-01,2011-11-01
23028,DRAWER KNOB CRACKLE GLAZE BLUE,B,Z,BZ,Наблюдать: новый товар,нет,2377.13,0.0,0.0,1369,137,88,6,1.368,1.74,882,23.3,81.34,да,нет,нет,нет,нет,не продавался,2011-06-01,2011-11-01
84969,BOX OF 6 ASSORTED COLOUR TEASPOONS,B,X,BX,Оставить,нет,2368.48,1890.41,21.04,554,207,48,12,0.468,4.28,883,23.33,81.37,нет,нет,нет,нет,нет,B,2009-12-01,2011-11-01
23316,RED REFECTORY CLOCK,B,Z,BZ,Наблюдать: новый товар,нет,2362.22,0.0,139.42,238,101,73,6,1.171,9.93,884,23.36,81.39,да,нет,нет,нет,нет,не продавался,2011-06-01,2011-11-01
22440,BALLOON WATER BOMB PACK OF 35,B,Z,BZ,Оставить,нет,2358.24,1015.97,16.8,5970,151,97,12,1.495,0.4,885,23.38,81.42,нет,нет,нет,да,нет,B,2010-04-01,2011-11-01
22670,FRENCH WC SIGN BLUE METAL,B,X,BX,Оставить,нет,2357.15,1663.26,159.6,1764,291,139,12,0.199,1.34,886,23.41,81.44,нет,нет,нет,нет,нет,B,2010-08-01,2011-11-01
22437,SET OF 9 BLACK SKULL BALLOONS,B,X,BX,Оставить,нет,2356.11,3035.63,61.13,2757,219,137,12,0.436,0.85,887,23.43,81.47,нет,нет,нет,нет,нет,A,2010-04-01,2011-11-01
21328,BALLOONS  WRITING SET,B,Y,BY,Оставить,нет,2356.09,2202.2,54.34,1315,331,133,12,0.699,1.79,888,23.46,81.49,нет,нет,нет,нет,нет,B,2009-12-01,2011-11-01
22548,HEADS AND TAILS SPORTING FUN,B,Y,BY,Оставить,нет,2348.94,2055.37,0.0,1975,209,149,12,0.914,1.19,889,23.49,81.52,нет,нет,нет,нет,нет,B,2010-03-01,2011-11-01
22374,AIRLINE BAG VINTAGE JET SET RED,B,X,BX,Оставить,нет,2347.73,2653.27,62.79,531,212,107,12,0.452,4.42,890,23.51,81.54,нет,нет,нет,нет,нет,A,2010-02-01,2011-11-01
11001,ASSTD DESIGN RACING CAR PEN,B,Y,BY,Оставить,нет,2344.26,4193.29,45.18,1593,108,42,12,0.956,1.47,891,23.54,81.57,нет,нет,нет,нет,нет,A,2009-12-01,2011-11-01
21903,MAN FLU METAL SIGN,B,X,BX,Оставить,нет,2340.71,4418.74,124.22,1087,173,109,12,0.438,2.15,892,23.57,81.59,нет,нет,нет,нет,нет,A,2009-12-01,2011-11-01
22851,SET 20 NAPKINS FAIRY CAKES DESIGN,B,Y,BY,Оставить,нет,2339.88,1769.79,18.56,2709,342,196,12,0.578,0.86,893,23.59,81.62,нет,нет,нет,нет,нет,B,2010-08-01,2011-11-01
23412,HEART MIRROR ANTIQUE WHITE,B,Z,BZ,Наблюдать: новый товар,нет,2339.8,0.0,0.0,356,75,63,2,2.243,6.57,894,23.62,81.64,да,нет,нет,нет,нет,не продавался,2011-09-01,2011-10-01
21012,ANTIQUE ALL GLASS CANDLESTICK,B,X,BX,Оставить: сезонный спрос,нет,2338.73,1679.65,275.32,1029,179,56,12,0.429,2.27,895,23.65,81.67,нет,да,нет,нет,нет,B,2009-12-01,2011-11-01
22792,FLUTED ANTIQUE CANDLE HOLDER,B,Y,BY,Оставить: сезонный спрос,нет,2332.29,618.2,280.44,2481,190,93,12,0.994,0.94,896,23.67,81.69,нет,да,нет,нет,нет,C,2010-10-01,2011-11-01
22282,12 EGG HOUSE PAINTED WOOD,B,X,BX,Оставить,нет,2328.06,4913.42,50.46,146,97,39,12,0.452,15.95,897,23.7,81.72,нет,нет,нет,нет,нет,A,2009-12-01,2011-11-01
23424,GINGHAM RECIPE BOOK BOX,B,Z,BZ,Наблюдать: новый товар,нет,2319.35,0.0,190.27,433,125,85,3,1.758,5.36,898,23.73,81.74,да,нет,нет,нет,нет,не продавался,2011-09-01,2011-11-01
20983,12 PENCILS TALL TUBE RED RETROSPOT,B,Y,BY,Оставить: сезонный спрос,нет,2317.57,3073.87,57.24,2677,261,183,12,0.598,0.87,899,23.75,81.77,нет,да,нет,нет,нет,A,2009-12-01,2011-11-01
23406,HOME SWEET HOME KEY HOLDER,B,Z,BZ,Наблюдать: новый товар,нет,2316.49,0.0,99.92,441,101,60,3,1.91,5.25,900,23.78,81.79,да,нет,нет,нет,нет,не продавался,2011-09-01,2011-11-01
21563,RED HEART SHAPE LOVE BUCKET,B,Y,BY,Оставить,нет,2310.8,4066.68,486.43,780,143,83,12,0.609,2.96,901,23.8,81.82,нет,нет,нет,нет,нет,A,2009-12-01,2011-11-01
22064,PINK DOUGHNUT TRINKET POT,B,X,BX,Оставить,нет,2303.29,8000.16,200.11,1293,221,78,12,0.464,1.78,902,23.83,81.84,нет,нет,нет,нет,нет,A,2009-12-01,2011-11-01
21875,KINGS CHOICE MUG,B,Z,BZ,Оставить,нет,2292.53,5452.7,106.85,1958,136,78,12,1.242,1.17,903,23.86,81.87,нет,нет,нет,да,нет,A,2009-12-01,2011-11-01
16156S,WRAP PINK FAIRY CAKES,B,X,BX,Оставить,нет,2289.0,4166.3,42.0,5700,163,132,12,0.479,0.4,904,23.88,81.89,нет,нет,нет,нет,да,A,2009-12-01,2011-11-01
23437,50'S CHRISTMAS GIFT BAG LARGE,B,Z,BZ,Наблюдать: новый товар,нет,2283.99,0.0,89.64,1876,118,103,4,1.931,1.22,905,23.91,81.91,да,нет,нет,нет,нет,не продавался,2011-08-01,2011-11-01
23064,CINDERELLA CHANDELIER,B,Z,BZ,Оставить,нет,2283.51,0.0,0.0,158,14,12,8,2.149,14.45,906,23.94,81.94,нет,нет,нет,да,нет,не продавался,2011-04-01,2011-11-01
21495,SKULLS AND CROSSBONES WRAP,B,Y,BY,Оставить,нет,2282.5,2763.3,63.0,5625,158,100,12,0.543,0.41,907,23.96,81.96,нет,нет,нет,нет,нет,A,2009-12-01,2011-11-01
21700,BIG DOUGHNUT FRIDGE MAGNETS,B,Y,BY,Оставить,нет,2282.24,4683.37,11.9,1664,194,57,12,0.622,1.37,908,23.99,81.99,нет,нет,нет,нет,нет,A,2009-12-01,2011-11-01
23436,VINTAGE CHRISTMAS GIFT BAG LARGE,B,Z,BZ,Наблюдать: новый товар,нет,2272.83,0.0,79.56,1914,104,86,4,1.801,1.19,909,24.02,82.01,да,нет,нет,нет,нет,не продавался,2011-08-01,2011-11-01
21896,POTTING SHED TWINE,B,Z,BZ,Оставить,нет,2268.59,2652.35,4.2,978,109,79,12,1.675,2.32,910,24.04,82.04,нет,нет,нет,да,нет,A,2009-12-01,2011-11-01
20978,36 PENCILS TUBE SKULLS,B,Y,BY,Оставить: сезонный спрос,нет,2268.25,3041.02,106.8,1706,247,131,12,0.63,1.33,911,24.07,82.06,нет,да,нет,нет,нет,A,2009-12-01,2011-11-01
21109,"LARGE CAKE TOWEL, CHOCOLATE SPOTS",B,Z,BZ,Оставить,нет,2266.67,1699.79,496.53,693,90,38,12,1.703,3.27,912,24.1,82.09,нет,нет,нет,нет,нет,B,2009-12-01,2011-11-01
23360,SET 8 CANDLES VINTAGE DOILY,B,Z,BZ,Наблюдать: новый товар,нет,2262.77,0.0,23.63,1171,108,91,4,1.448,1.93,913,24.12,82.11,да,нет,нет,нет,нет,не продавался,2011-08-01,2011-11-01
21411,GINGHAM HEART  DOORSTOP RED,B,X,BX,Оставить,нет,2262.71,5361.36,669.37,477,196,125,12,0.424,4.74,914,24.15,82.13,нет,нет,нет,нет,нет,A,2009-12-01,2011-11-01
23367,SET 12 COLOUR PENCILS SPACEBOY,B,Z,BZ,Наблюдать: новый товар,нет,2261.05,0.0,219.75,2959,249,166,3,1.982,0.76,915,24.17,82.16,да,нет,нет,нет,нет,не продавался,2011-09-01,2011-11-01
21735,TWO DOOR CURIO CABINET,B,Y,BY,Оставить,нет,2252.85,7994.05,0.0,184,77,56,10,0.576,12.24,916,24.2,82.18,нет,нет,нет,нет,нет,A,2009-12-01,2011-09-01
37500,TEA TIME TEAPOT IN GIFT BOX,B,Y,BY,Оставить,нет,2251.42,4386.98,104.31,364,104,49,12,0.728,6.19,917,24.23,82.21,нет,нет,нет,нет,нет,A,2009-12-01,2011-11-01
20977,36 PENCILS TUBE WOODLAND,B,Y,BY,Оставить,нет,2248.64,2740.1,0.0,1675,182,108,12,0.708,1.34,918,24.25,82.23,нет,нет,нет,нет,нет,A,2009-12-01,2011-11-01
22933,BAKING MOULD EASTER EGG MILK CHOC,B,Z,BZ,Оставить,нет,2239.38,0.0,8.74,782,118,80,10,1.466,2.86,919,24.28,82.25,нет,нет,нет,нет,нет,не продавался,2010-12-01,2011-11-01
85175,CACTI T-LIGHT CANDLES,B,X,BX,Оставить: сезонный спрос,нет,2238.58,4215.04,0.0,5225,141,82,12,0.331,0.43,920,24.31,82.28,нет,да,нет,нет,нет,A,2009-12-01,2011-11-01
84950,ASSORTED COLOUR T-LIGHT HOLDER,B,Z,BZ,Оставить,нет,2233.67,1871.64,63.36,3535,114,64,12,1.725,0.63,921,24.33,82.3,нет,нет,нет,нет,нет,B,2009-12-01,2011-11-01
22167,OVAL WALL MIRROR DIAMANTE,B,X,BX,Оставить,нет,2228.61,3466.21,53.06,219,140,38,12,0.482,10.18,922,24.36,82.33,нет,нет,нет,нет,нет,A,2009-12-01,2011-11-01
23352,ROLL WRAP 50'S RED CHRISTMAS,B,Z,BZ,Наблюдать: новый товар,нет,2222.17,0.0,237.03,1652,184,134,4,1.578,1.35,923,24.39,82.35,да,нет,нет,нет,нет,не продавался,2011-08-01,2011-11-01
22807,SET OF 6 T-LIGHTS TOADSTOOLS,B,X,BX,Оставить,нет,2217.97,1648.18,199.76,714,174,66,12,0.392,3.11,924,24.41,82.37,нет,нет,нет,нет,нет,B,2010-09-01,2011-11-01
23489,VINTAGE BELLS GARLAND,B,Z,BZ,Наблюдать: новый товар,нет,2216.83,0.0,492.4,747,134,113,2,2.45,2.97,925,24.44,82.4,да,нет,нет,нет,нет,не продавался,2011-10-01,2011-11-01
22425,ENAMEL COLANDER CREAM,B,X,BX,Оставить,нет,2213.53,1892.55,49.74,435,159,108,12,0.272,5.09,926,24.46,82.42,нет,нет,нет,нет,нет,B,2010-05-01,2011-11-01
21794,CLASSIC FRENCH STYLE BASKET NATURAL,B,Y,BY,Оставить,нет,2213.42,1325.17,0.0,522,106,79,11,0.994,4.24,927,24.49,82.44,нет,нет,нет,нет,нет,B,2010-01-01,2011-10-01
22914,BLUE COAT RACK PARIS FASHION,B,Y,BY,Оставить,нет,2209.93,459.45,51.28,459,150,105,12,0.854,4.81,928,24.52,82.47,нет,нет,нет,нет,нет,C,2010-11-01,2011-11-01
22829,SWEETHEART WIRE WALL TIDY,B,Y,BY,Оставить,нет,2207.53,173.14,0.0,217,107,79,12,0.53,10.17,929,24.54,82.49,нет,нет,нет,нет,нет,C,2010-11-01,2011-11-01
23330,DECORATIVE WICKER HEART MEDIUM,B,Z,BZ,Наблюдать: новый товар,нет,2205.88,0.0,73.59,1733,202,152,4,1.575,1.27,930,24.57,82.51,да,нет,нет,нет,нет,не продавался,2011-08-01,2011-11-01
21989,PACK OF 20 SKULL PAPER NAPKINS,B,X,BX,Оставить,нет,2205.54,4178.76,27.56,2383,328,128,12,0.436,0.93,931,24.6,82.54,нет,нет,нет,нет,нет,A,2009-12-01,2011-11-01
23029,DRAWER KNOB CRACKLE GLAZE GREEN,B,Z,BZ,Наблюдать: новый товар,нет,2201.62,0.0,92.4,1290,148,93,6,1.085,1.71,932,24.62,82.56,да,нет,нет,нет,нет,не продавался,2011-06-01,2011-11-01
23048,SET OF 10 LANTERNS FAIRY LIGHT STAR,B,Z,BZ,Оставить,нет,2198.24,0.0,37.33,538,91,76,8,1.603,4.09,933,24.65,82.59,нет,нет,нет,нет,нет,не продавался,2011-04-01,2011-11-01
22030,SWALLOWS GREETING CARD,B,Y,BY,Оставить,нет,2193.66,2929.71,44.23,5450,267,175,11,0.639,0.4,934,24.68,82.61,нет,нет,нет,нет,нет,A,2009-12-01,2011-11-01
23265,SET OF 3 WOODEN TREE DECORATIONS,B,Z,BZ,Наблюдать: новый товар,нет,2185.75,0.0,201.54,1617,267,173,6,1.573,1.35,935,24.7,82.63,да,нет,нет,нет,нет,не продавался,2011-06-01,2011-11-01
23371,SET 36 COLOUR PENCILS SPACEBOY,B,Z,BZ,Наблюдать: новый товар,нет,2184.01,0.0,120.77,1620,163,93,3,1.994,1.35,936,24.73,82.66,да,нет,нет,нет,нет,не продавался,2011-09-01,2011-11-01
22743,MAKE YOUR OWN FLOWERPOWER CARD KIT,B,X,BX,Оставить,нет,2182.51,2116.26,226.03,681,185,103,12,0.442,3.2,937,24.76,82.68,нет,нет,нет,нет,нет,B,2010-08-01,2011-11-01
22215,CAKE STAND WHITE TWO TIER LACE,B,Y,BY,Оставить,нет,2180.76,6017.24,282.13,251,82,56,12,0.62,8.69,938,24.78,82.7,нет,нет,нет,нет,нет,A,2009-12-01,2011-11-01
21471,STRAWBERRY RAFFIA FOOD COVER,B,Y,BY,Оставить,нет,2177.82,2875.04,42.77,626,156,77,12,0.623,3.48,939,24.81,82.73,нет,нет,нет,нет,нет,A,2009-12-01,2011-11-01
85049G,CHOCOLATE BOX RIBBONS,B,Y,BY,Оставить,нет,2163.63,2670.7,108.23,1644,298,159,12,0.523,1.32,940,24.83,82.75,нет,нет,нет,нет,да,A,2009-12-01,2011-11-01
22983,CARD BILLBOARD FONT,B,X,BX,Оставить,нет,2162.66,586.99,45.3,5055,429,217,12,0.316,0.43,941,24.86,82.77,нет,нет,нет,нет,нет,C,2010-09-01,2011-11-01
22441,GROW YOUR OWN BASIL IN ENAMEL MUG,B,X,BX,Оставить,нет,2160.89,3436.66,132.02,988,209,127,12,0.481,2.19,942,24.89,82.79,нет,нет,нет,нет,нет,A,2010-03-01,2011-11-01
21982,PACK OF 12 SUKI TISSUES,B,Y,BY,Оставить,нет,2156.52,8180.27,58.7,7054,339,177,12,0.59,0.31,943,24.91,82.82,нет,нет,нет,нет,нет,A,2009-12-01,2011-11-01
23093,SMALL PARISIENNE HEART PHOTO FRAME,B,Z,BZ,Оставить,нет,2154.76,0.0,84.48,914,137,105,7,1.106,2.36,944,24.94,82.84,нет,нет,нет,нет,нет,не продавался,2011-05-01,2011-11-01
21878,PACK OF 6 SANDCASTLE FLAGS ASSORTED,B,Y,BY,Оставить: сезонный спрос,нет,2153.0,2120.52,9.0,2505,217,119,12,0.872,0.86,945,24.97,82.86,нет,да,нет,нет,нет,B,2010-03-01,2011-11-01
21042,RED SPOTTY APRON,B,Y,BY,Оставить,нет,2151.36,6488.04,30.31,327,126,70,12,0.586,6.58,946,24.99,82.89,нет,нет,нет,нет,нет,A,2009-12-01,2011-11-01
22478,BIRDHOUSE GARDEN MARKER,B,Z,BZ,Оставить: сезонный спрос,нет,2145.86,1637.79,64.76,1491,134,59,12,1.229,1.44,947,25.02,82.91,нет,да,нет,нет,нет,B,2010-03-01,2011-11-01
46000S,POLYESTER FILLER PAD 40x40cm,B,Y,BY,Оставить,нет,2141.65,2739.05,50.75,1477,174,123,12,0.619,1.45,948,25.05,82.93,нет,нет,нет,нет,да,A,2009-12-01,2011-11-01
23497,CLASSIC CHROME BICYCLE BELL,B,Z,BZ,Наблюдать: новый товар,нет,2138.01,0.0,1500.61,1505,140,118,2,2.911,1.42,949,25.07,82.96,да,нет,нет,нет,нет,не продавался,2011-10-01,2011-11-01
23066,SMALL DECO JEWELLERY STAND,B,Z,BZ,Оставить,нет,2137.81,0.0,0.0,259,85,69,7,1.216,8.25,950,25.1,82.98,нет,нет,нет,нет,нет,не продавался,2011-04-01,2011-10-01
40016,CHINESE DRAGON PAPER LANTERNS,B,Z,BZ,Оставить,нет,2136.34,3350.97,0.0,5556,97,54,10,1.247,0.38,951,25.13,83.0,нет,нет,нет,нет,нет,A,2009-12-01,2011-09-01
22736,RIBBON REEL MAKING SNOWMEN,B,Z,BZ,Оставить: сезонный спрос,нет,2135.26,2224.68,145.34,1164,209,126,11,1.26,1.83,952,25.15,83.02,нет,да,нет,нет,нет,B,2010-09-01,2011-11-01
23252,VINTAGE RED ENAMEL TRIM JUG,B,Z,BZ,Наблюдать: новый товар,нет,2134.11,0.0,22.5,569,131,99,6,1.138,3.75,953,25.18,83.05,да,нет,нет,нет,нет,не продавался,2011-06-01,2011-11-01
22377,BOTTLE BAG RETROSPOT,B,Z,BZ,Оставить,нет,2134.01,4714.98,20.72,1316,202,81,12,1.15,1.62,954,25.2,83.07,нет,нет,нет,нет,нет,A,2010-01-01,2011-11-01
22573,STAR WOODEN CHRISTMAS DECORATION,B,Z,BZ,Оставить: сезонный спрос,нет,2126.02,1980.83,296.98,2386,205,120,9,1.464,0.89,955,25.23,83.09,нет,да,нет,нет,нет,B,2010-07-01,2011-11-01
21900,"KEY FOB , SHED",B,Y,BY,Оставить,нет,2123.62,3331.97,73.55,3145,357,165,12,0.857,0.68,956,25.26,83.12,нет,нет,нет,нет,нет,A,2009-12-01,2011-11-01
22483,RED GINGHAM TEDDY BEAR,B,Y,BY,Оставить,нет,2121.87,3099.22,178.12,705,160,90,12,0.765,3.01,957,25.28,83.14,нет,нет,нет,нет,нет,A,2010-03-01,2011-11-01
22939,APRON APPLE DELIGHT,B,Y,BY,Оставить,нет,2120.77,1099.97,212.5,407,123,76,12,0.593,5.21,958,25.31,83.16,нет,нет,нет,нет,нет,B,2010-09-01,2011-11-01
72802C,VANILLA SCENT CANDLE JEWELLED BOX,B,Z,BZ,Оставить: сезонный спрос,нет,2120.48,3359.37,0.0,892,103,62,12,1.675,2.38,959,25.34,83.18,нет,да,нет,нет,да,A,2009-12-01,2011-11-01
22075,6 RIBBONS ELEGANT CHRISTMAS,B,Z,BZ,Оставить: сезонный спрос,нет,2119.1,2171.66,350.13,1250,160,73,11,1.365,1.7,960,25.36,83.21,нет,да,нет,нет,нет,B,2009-12-01,2011-11-01
22128,PARTY CONES CANDY ASSORTED,B,Y,BY,Оставить,нет,2112.53,2632.06,0.0,1750,75,61,12,0.827,1.21,961,25.39,83.23,нет,нет,нет,нет,нет,A,2009-12-01,2011-11-01
23161,REGENCY CAKE FORK,B,Z,BZ,Оставить,нет,2110.86,0.0,34.44,1701,94,58,7,1.027,1.24,962,25.42,83.25,нет,нет,нет,нет,нет,не продавался,2011-05-01,2011-11-01
10135,COLOURING PENCILS BROWN TUBE,B,Y,BY,Оставить,нет,2107.75,2348.82,97.14,2160,169,91,12,0.941,0.98,963,25.44,83.27,нет,нет,нет,нет,нет,B,2009-12-01,2011-11-01
21249,WOODLAND  HEIGHT CHART STICKERS,B,Y,BY,Оставить: сезонный спрос,нет,2107.23,2586.93,35.07,709,115,67,12,0.678,2.97,964,25.47,83.3,нет,да,нет,нет,нет,A,2009-12-01,2011-11-01
23438,RED SPOT GIFT BAG LARGE,B,Z,BZ,Наблюдать: новый товар,нет,2106.25,0.0,103.67,1728,99,81,4,1.764,1.22,965,25.5,83.32,да,нет,нет,нет,нет,не продавался,2011-08-01,2011-11-01
23128,FELTCRAFT BOY JEAN-PAUL KIT,B,Y,BY,Оставить,нет,2103.43,0.0,120.58,419,128,108,9,0.84,5.02,966,25.52,83.34,нет,нет,нет,нет,нет,не продавался,2011-03-01,2011-11-01
22498,WOODEN REGATTA BUNTING,B,Y,BY,Оставить,нет,2095.85,4817.7,20.19,330,147,68,12,0.613,6.35,967,25.55,83.36,нет,нет,нет,нет,нет,A,2010-02-01,2011-11-01
37448,CERAMIC CAKE DESIGN SPOTTED MUG,B,Y,BY,Оставить,нет,2095.69,4607.17,67.73,1385,176,76,12,0.585,1.51,968,25.57,83.39,нет,нет,нет,нет,нет,A,2009-12-01,2011-11-01
22121,NOEL WOODEN BLOCK LETTERS,B,Y,BY,Оставить: сезонный спрос,нет,2095.06,6996.01,64.64,344,126,93,10,0.938,6.09,969,25.6,83.41,нет,да,нет,нет,нет,A,2009-12-01,2011-11-01
22601,CHRISTMAS RETROSPOT ANGEL WOOD,B,Z,BZ,Оставить: сезонный спрос,нет,2092.95,2327.36,126.88,2349,182,115,10,1.395,0.89,970,25.63,83.43,нет,да,нет,нет,нет,B,2010-07-01,2011-11-01
23020,GLASS  SONGBIRD STORAGE JAR,B,Z,BZ,Наблюдать: новый товар,нет,2091.84,0.0,50.0,172,68,60,6,1.111,12.16,971,25.65,83.45,да,нет,нет,нет,нет,не продавался,2011-06-01,2011-11-01
23046,PAPER LANTERN 9 POINT DELUXE STAR,B,Z,BZ,Оставить,нет,2091.54,0.0,19.95,346,34,29,6,2.481,6.04,972,25.68,83.48,нет,нет,нет,да,нет,не продавался,2011-05-01,2011-11-01
21609,SET 12 LAVENDER  BOTANICAL T-LIGHTS,B,Z,BZ,Оставить,нет,2086.69,2099.6,0.0,763,76,59,9,1.008,2.73,973,25.71,83.5,нет,нет,нет,да,нет,B,2009-12-01,2011-08-01
37450,CERAMIC CAKE BOWL + HANGING CAKES,B,Y,BY,Оставить,нет,2085.2,4882.0,11.69,704,127,46,12,0.505,2.96,974,25.73,83.52,нет,нет,нет,нет,нет,A,2009-12-01,2011-11-01
84356,POMPOM CURTAIN,B,Y,BY,Оставить,нет,2085.15,1612.14,39.0,404,77,29,12,0.811,5.16,975,25.76,83.54,нет,нет,нет,нет,нет,B,2009-12-01,2011-11-01
23233,WRAP POPPIES  DESIGN,B,Y,BY,Оставить,нет,2084.5,0.0,10.5,5125,156,130,11,0.641,0.41,976,25.79,83.56,нет,нет,нет,нет,нет,не продавался,2011-01-01,2011-11-01
22732,3D VINTAGE CHRISTMAS STICKERS,B,Z,BZ,Оставить: сезонный спрос,нет,2080.08,2839.09,82.67,1592,174,97,10,1.429,1.31,977,25.81,83.59,нет,да,нет,нет,нет,A,2010-09-01,2011-11-01
82581,TOILET METAL SIGN,B,X,BX,Оставить,нет,2078.99,2465.61,69.75,3747,392,167,12,0.397,0.55,978,25.84,83.61,нет,нет,нет,нет,нет,A,2009-12-01,2011-11-01
22811,SET OF 6 T-LIGHTS CACTI,B,Z,BZ,Оставить: сезонный спрос,нет,2070.65,461.89,348.64,721,93,31,12,1.016,2.87,979,25.87,83.63,нет,да,нет,да,нет,C,2010-09-01,2011-11-01
22990,COTTON APRON PANTRY DESIGN,B,Y,BY,Оставить,нет,2068.0,0.0,345.23,408,145,106,10,0.681,5.07,980,25.89,83.65,нет,нет,нет,нет,нет,не продавался,2011-02-01,2011-11-01
22588,CARD HOLDER GINGHAM HEART,B,Y,BY,Оставить: сезонный спрос,нет,2066.11,5635.52,75.21,665,168,108,9,0.911,3.11,981,25.92,83.68,нет,да,нет,нет,нет,A,2010-07-01,2011-11-01
21980,PACK OF 12 RED RETROSPOT TISSUES,B,X,BX,Оставить,нет,2063.44,6511.56,36.86,6523,288,190,12,0.499,0.32,982,25.94,83.7,нет,нет,нет,нет,нет,A,2009-12-01,2011-11-01
23031,DRAWER KNOB CRACKLE GLAZE PINK,B,Z,BZ,Наблюдать: новый товар,нет,2058.27,0.0,85.78,1223,144,87,6,1.127,1.68,983,25.97,83.72,да,нет,нет,нет,нет,не продавался,2011-06-01,2011-11-01
23079,TOADSTOOL BEDSIDE LIGHT,B,Z,BZ,Оставить,нет,2055.4,0.0,53.7,232,95,74,7,1.064,8.86,984,26.0,83.74,нет,нет,нет,нет,нет,не продавался,2011-05-01,2011-11-01
23152,IVORY SWEETHEART WIRE LETTER RACK,B,Y,BY,Оставить,нет,2054.4,0.0,11.25,547,156,107,8,0.902,3.76,985,26.02,83.76,нет,нет,нет,нет,нет,не продавался,2011-04-01,2011-11-01
22704,WRAP RED APPLES,B,X,BX,Оставить,нет,2053.26,1406.5,84.0,5003,164,122,12,0.399,0.41,986,26.05,83.79,нет,нет,нет,нет,нет,B,2010-05-01,2011-11-01
23005,TRAVEL CARD WALLET I LOVE LONDON,B,Z,BZ,Оставить,нет,2046.13,0.0,80.42,4563,225,101,7,1.163,0.45,987,26.08,83.81,нет,нет,нет,нет,нет,не продавался,2011-02-01,2011-11-01
20751,FUNKY WASHING UP GLOVES ASSORTED,B,X,BX,Оставить,нет,2039.42,3981.74,2.1,970,197,126,12,0.371,2.1,988,26.1,83.83,нет,нет,нет,нет,нет,A,2009-12-01,2011-11-01
47504K,ENGLISH ROSE GARDEN SECATEURS,B,Y,BY,Оставить,нет,2039.18,1047.42,0.0,2006,211,140,12,0.972,1.02,989,26.13,83.85,нет,нет,нет,нет,да,B,2009-12-01,2011-11-01
22803,IVORY EMBROIDERED QUILT,B,Z,BZ,Оставить,нет,2038.09,199.75,0.0,54,31,18,11,1.544,37.74,990,26.16,83.87,нет,нет,нет,нет,нет,C,2010-10-01,2011-11-01
23197,SKETCHBOOK MAGNETIC SHOPPING LIST,B,Z,BZ,Наблюдать: новый товар,нет,2037.44,0.0,247.21,1312,225,113,6,1.154,1.55,991,26.18,83.89,да,нет,нет,нет,нет,не продавался,2011-06-01,2011-11-01
22831,WHITE BROCANTE SOAP DISH,B,Y,BY,Оставить,нет,2035.5,215.38,35.4,694,120,91,12,0.769,2.93,992,26.21,83.92,нет,нет,нет,нет,нет,C,2010-11-01,2011-11-01
22733,3D TRADITIONAL CHRISTMAS STICKERS,B,Z,BZ,Оставить: сезонный спрос,нет,2035.08,2305.41,60.0,1541,183,112,9,1.393,1.32,993,26.24,83.94,нет,да,нет,нет,нет,B,2010-09-01,2011-11-01
23403,LETTER HOLDER HOME SWEET HOME,B,Z,BZ,Наблюдать: новый товар,нет,2031.97,0.0,172.14,588,121,78,3,1.801,3.46,994,26.26,83.96,да,нет,нет,нет,нет,не продавался,2011-09-01,2011-11-01
23681,LUNCH BAG RED VINTAGE DOILY,B,Z,BZ,Наблюдать: новый товар,нет,2031.87,0.0,493.17,1271,107,89,1,3.317,1.6,995,26.29,83.98,да,нет,нет,нет,нет,не продавался,2011-11-01,2011-11-01
22747,POPPY'S PLAYHOUSE BATHROOM,B,Y,BY,Оставить,нет,2027.09,2406.35,53.76,933,217,120,12,0.524,2.17,996,26.31,84.0,нет,нет,нет,нет,нет,A,2010-09-01,2011-11-01
21718,RED METAL BEACH SPADE,B,Y,BY,Оставить: сезонный спрос,нет,2023.55,3076.91,29.84,1425,221,105,12,0.949,1.42,997,26.34,84.02,нет,да,нет,нет,нет,A,2009-12-01,2011-11-01
22357,KINGS CHOICE BISCUIT TIN,B,Y,BY,Оставить,нет,2020.61,7098.37,137.43,433,166,67,12,0.609,4.67,998,26.37,84.05,нет,нет,нет,нет,нет,A,2010-01-01,2011-11-01
22996,TRAVEL CARD WALLET VINTAGE TICKET,B,Y,BY,Оставить,нет,2013.38,0.0,79.87,4641,389,152,10,0.609,0.43,999,26.39,84.07,нет,нет,нет,нет,нет,не продавался,2011-02-01,2011-11-01
23445,ICE CREAM BUBBLES,B,Z,BZ,Наблюдать: новый товар,нет,2011.84,0.0,132.8,2488,94,76,4,1.738,0.81,1000,26.42,84.09,да,нет,нет,нет,нет,не продавался,2011-08-01,2011-11-01
23227,FILIGREE HEART BUTTERFLY WHITE,B,Z,BZ,Оставить,нет,2011.47,0.0,54.84,1599,110,59,7,1.05,1.26,1001,26.45,84.11,нет,нет,нет,нет,нет,не продавался,2011-05-01,2011-11-01
22863,SOAP DISH BROCANTE,B,Y,BY,Оставить,нет,2005.83,1095.88,26.55,697,106,76,12,0.748,2.88,1002,26.47,84.13,нет,нет,нет,нет,нет,B,2010-09-01,2011-11-01
23291,DOLLY GIRL CHILDRENS CUP,B,Z,BZ,Наблюдать: новый товар,нет,2005.52,0.0,42.26,1597,182,99,6,1.117,1.26,1003,26.5,84.15,да,нет,нет,нет,нет,не продавался,2011-06-01,2011-11-01
21813,GARLAND WITH STARS AND BELLS,B,Z,BZ,Оставить: сезонный спрос,нет,2002.36,1421.54,248.41,468,101,36,8,1.515,4.28,1004,26.53,84.17,нет,да,нет,нет,нет,B,2009-12-01,2011-11-01
23268,SET OF 2 CERAMIC CHRISTMAS REINDEER,B,Z,BZ,Наблюдать: новый товар,нет,2000.74,0.0,0.0,1435,88,67,6,1.704,1.39,1005,26.55,84.2,да,нет,нет,нет,нет,не продавался,2011-06-01,2011-11-01
22185,SLATE TILE NATURAL HANGING,B,Y,BY,Оставить,нет,1999.73,3987.13,236.21,1173,147,98,12,0.511,1.7,1006,26.58,84.22,нет,нет,нет,нет,нет,A,2009-12-01,2011-11-01
22156,HEART DECORATION WITH PEARLS,B,X,BX,Оставить,нет,1996.87,3371.74,84.09,2071,242,103,12,0.402,0.96,1007,26.61,84.24,нет,нет,нет,нет,нет,A,2009-12-01,2011-11-01
22788,BROCANTE COAT RACK,B,Z,BZ,Оставить,нет,1996.11,1906.71,0.0,217,58,32,7,1.433,9.2,1008,26.63,84.26,нет,нет,нет,нет,нет,B,2010-10-01,2011-06-01
23370,SET 36 COLOURING PENCILS DOILY,B,Z,BZ,Наблюдать: новый товар,нет,1995.99,0.0,155.61,1441,131,83,3,1.966,1.39,1009,26.66,84.28,да,нет,нет,нет,нет,не продавался,2011-09-01,2011-11-01
22955,36 FOIL STAR CAKE CASES,B,Y,BY,Оставить: сезонный спрос,нет,1992.59,831.91,60.76,980,126,86,12,0.881,2.03,1010,26.68,84.3,нет,да,нет,нет,нет,B,2010-11-01,2011-11-01
22973,CHILDREN'S CIRCUS PARADE MUG,B,X,BX,Оставить,нет,1990.55,148.62,114.11,1165,136,80,12,0.487,1.71,1011,26.71,84.32,нет,нет,нет,нет,нет,C,2010-11-01,2011-11-01
22579,WOODEN TREE CHRISTMAS SCANDINAVIAN,B,Z,BZ,Оставить: сезонный спрос,нет,1988.02,1727.66,0.0,5167,338,226,8,1.836,0.38,1012,26.74,84.35,нет,да,нет,нет,нет,B,2010-07-01,2011-11-01
23326,HANGING MINI COLOURED BOTTLES,B,Z,BZ,Наблюдать: новый товар,нет,1986.8,0.0,250.28,3002,71,50,4,1.686,0.66,1013,26.76,84.37,да,нет,нет,нет,нет,не продавался,2011-08-01,2011-11-01
23529,WALL ART DOLLY GIRL,B,Z,BZ,Наблюдать: новый товар,нет,1982.03,0.0,29.96,630,35,26,2,2.54,3.15,1014,26.79,84.39,да,нет,нет,да,нет,не продавался,2011-10-01,2011-11-01
84880,WHITE WIRE EGG HOLDER,B,Z,BZ,Оставить,нет,1981.95,7882.25,30.79,309,74,50,12,1.076,6.41,1015,26.82,84.41,нет,нет,нет,нет,нет,A,2009-12-01,2011-11-01
84032B,CHARLIE + LOLA RED HOT WATER BOTTLE,B,Z,BZ,Оставить: сезонный спрос,нет,1981.15,5232.66,369.64,594,221,89,12,1.243,3.34,1016,26.84,84.43,нет,да,нет,нет,да,A,2009-12-01,2011-11-01
22070,SMALL RED RETROSPOT MUG IN BOX,B,Z,BZ,Оставить,нет,1976.81,3302.09,48.55,646,108,60,12,1.232,3.06,1017,26.87,84.45,нет,нет,нет,нет,нет,A,2009-12-01,2011-11-01
23213,STAR WREATH DECORATION WITH BELL,B,Z,BZ,Наблюдать: новый товар,нет,1976.64,0.0,146.78,1570,137,89,6,1.382,1.26,1018,26.9,84.47,да,нет,нет,нет,нет,не продавался,2011-06-01,2011-11-01
23289,DOLLY GIRL CHILDRENS BOWL,B,Z,BZ,Наблюдать: новый товар,нет,1967.65,0.0,36.05,1590,183,109,6,1.119,1.24,1019,26.92,84.49,да,нет,нет,нет,нет,не продавался,2011-06-01,2011-11-01
22763,KEY CABINET MA CAMPAGNE,B,X,BX,Оставить,нет,1967.19,3254.27,159.38,188,98,73,12,0.361,10.46,1020,26.95,84.51,нет,нет,нет,нет,нет,A,2010-10-01,2011-11-01
22859,EASTER TIN BUNNY BOUQUET,B,Y,BY,Оставить,нет,1963.47,72.78,0.0,1179,155,110,11,0.994,1.67,1021,26.97,84.54,нет,нет,нет,нет,нет,C,2010-10-01,2011-11-01
23251,VINTAGE RED ENAMEL TRIM MUG,B,Z,BZ,Наблюдать: новый товар,нет,1955.91,0.0,104.84,1576,114,76,6,1.076,1.24,1022,27.0,84.56,да,нет,нет,нет,нет,не продавался,2011-06-01,2011-11-01
22115,METAL SIGN EMPIRE TEA,B,Y,BY,Оставить,нет,1953.24,3674.19,67.67,1476,218,144,12,0.858,1.32,1023,27.03,84.58,нет,нет,нет,нет,нет,A,2009-12-01,2011-11-01
20674,GREEN POLKADOT BOWL,B,X,BX,Оставить,нет,1952.68,2322.29,53.55,1517,197,97,12,0.376,1.29,1024,27.05,84.6,нет,нет,нет,нет,нет,B,2009-12-01,2011-11-01
22477,WATERING CAN GARDEN MARKER,B,Z,BZ,Оставить: сезонный спрос,нет,1950.68,1388.84,17.22,1357,122,63,12,1.424,1.44,1025,27.08,84.62,нет,да,нет,да,нет,B,2010-03-01,2011-11-01
22055,MINI CAKE STAND  HANGING STRAWBERY,B,Y,BY,Оставить,нет,1948.01,6091.05,115.38,1093,195,83,12,0.565,1.78,1026,27.11,84.64,нет,нет,нет,нет,нет,A,2009-12-01,2011-11-01
22897,OVEN MITT APPLES DESIGN,B,X,BX,Оставить,нет,1946.68,852.65,22.92,1308,201,131,12,0.419,1.49,1027,27.13,84.66,нет,нет,нет,нет,нет,B,2010-09-01,2011-11-01
72349B,SET/6 PURPLE BUTTERFLY T-LIGHTS,B,Y,BY,Оставить,нет,1945.14,2728.0,200.06,814,177,48,12,0.836,2.39,1028,27.16,84.68,нет,нет,нет,нет,нет,A,2009-12-01,2011-11-01
22891,TEA FOR ONE POLKADOT,B,Y,BY,Оставить,нет,1940.07,982.77,95.86,389,151,62,12,0.654,4.99,1029,27.19,84.7,нет,нет,нет,нет,нет,B,2010-10-01,2011-11-01
21506,"FANCY FONT BIRTHDAY CARD,",B,X,BX,Оставить,нет,1938.24,2433.48,142.61,4543,309,163,12,0.45,0.43,1030,27.21,84.72,нет,нет,нет,нет,нет,A,2009-12-01,2011-11-01
22414,DOORMAT NEIGHBOURHOOD WITCH,B,Z,BZ,Оставить,нет,1936.97,5165.18,85.22,261,86,34,12,1.4,7.42,1031,27.24,84.74,нет,нет,нет,нет,нет,A,2010-01-01,2011-11-01
22412,METAL SIGN NEIGHBOURHOOD WITCH,B,Y,BY,Оставить: сезонный спрос,нет,1931.85,3208.97,0.0,911,147,73,12,0.591,2.12,1032,27.27,84.76,нет,да,нет,нет,нет,A,2010-01-01,2011-11-01
84968F,SET OF 16 VINTAGE SKY BLUE CUTLERY,B,Z,BZ,Оставить: сезонный спрос,нет,1931.17,1691.58,0.0,178,66,25,12,1.566,10.85,1033,27.29,84.78,нет,да,нет,нет,да,B,2009-12-01,2011-11-01
21592,RETROSPOT CIGAR BOX MATCHES,B,Y,BY,Оставить,нет,1930.28,4373.39,218.79,1588,190,140,12,0.796,1.22,1034,27.32,84.81,нет,нет,нет,нет,нет,A,2009-12-01,2011-11-01
37446,MINI CAKE STAND WITH HANGING CAKES,B,X,BX,Оставить,нет,1929.69,3354.71,46.4,1322,179,92,12,0.496,1.46,1035,27.34,84.83,нет,нет,нет,нет,нет,A,2009-12-01,2011-11-01
22931,BAKING MOULD HEART WHITE CHOCOLATE,B,Z,BZ,Оставить,нет,1925.05,0.0,38.25,798,126,94,12,1.368,2.41,1036,27.37,84.85,нет,нет,нет,нет,нет,не продавался,2010-12-01,2011-11-01
23068,ALUMINIUM STAMPED HEART,B,Y,BY,Оставить,нет,1924.6,0.0,42.33,792,133,104,8,0.884,2.43,1037,27.4,84.87,нет,нет,нет,нет,нет,не продавался,2011-04-01,2011-11-01
21192,WHITE BELL HONEYCOMB PAPER,B,Z,BZ,Оставить,нет,1923.29,1892.75,0.0,1092,88,32,12,1.268,1.76,1038,27.42,84.89,нет,нет,нет,нет,нет,B,2009-12-01,2011-11-01
22571,ROCKING HORSE RED CHRISTMAS,B,Z,BZ,Оставить: сезонный спрос,нет,1921.19,2948.91,184.97,2135,233,143,8,1.266,0.9,1039,27.45,84.91,нет,да,нет,нет,нет,A,2010-07-01,2011-11-01
21591,COSY HOUR CIGAR BOX MATCHES,B,Z,BZ,Оставить: сезонный спрос,нет,1919.89,3976.94,76.25,1313,139,112,11,1.515,1.46,1040,27.48,84.93,нет,да,нет,нет,нет,A,2009-12-01,2011-11-01
21622,VINTAGE UNION JACK CUSHION COVER,B,Y,BY,Оставить,нет,1918.29,17929.55,19.8,367,99,74,12,0.9,5.23,1041,27.5,84.95,нет,нет,нет,нет,нет,A,2009-12-01,2011-11-01
21864,UNION JACK FLAG PASSPORT COVER,B,Y,BY,Оставить: сезонный спрос,нет,1917.1,2389.85,124.59,768,176,64,12,0.783,2.5,1042,27.53,84.97,нет,да,нет,нет,нет,A,2009-12-01,2011-11-01
85038,6 CHOCOLATE LOVE HEART T-LIGHTS,B,Z,BZ,Оставить: сезонный спрос,нет,1916.01,3632.32,255.25,930,133,70,12,1.239,2.06,1043,27.56,84.99,нет,да,нет,нет,нет,A,2009-12-01,2011-11-01
22183,CAKE STAND VICTORIAN FILIGREE MED,B,Z,BZ,Оставить,нет,1913.01,1367.74,0.0,321,128,15,8,1.065,5.96,1044,27.58,85.01,нет,нет,нет,нет,нет,B,2009-12-01,2011-11-01
23094,LE GRAND TRAY CHIC SET,B,Z,BZ,Оставить,нет,1912.42,0.0,0.0,151,78,64,7,1.013,12.67,1045,27.61,85.03,нет,нет,нет,нет,нет,не продавался,2011-05-01,2011-11-01
22602,CHRISTMAS RETROSPOT HEART WOOD,B,Y,BY,Оставить: сезонный спрос,нет,1908.55,3350.92,115.32,2083,259,136,12,0.748,0.92,1046,27.64,85.05,нет,да,нет,нет,нет,A,2010-07-01,2011-11-01
22593,CHRISTMAS GINGHAM STAR,B,Z,BZ,Оставить: сезонный спрос,нет,1905.75,2634.58,179.89,2100,182,102,10,1.355,0.91,1047,27.66,85.07,нет,да,нет,нет,нет,A,2010-07-01,2011-11-01
84596F,SMALL MARSHMALLOWS PINK BOWL,B,Y,BY,Оставить,нет,1903.91,1260.34,72.35,3589,425,163,12,0.521,0.53,1048,27.69,85.09,нет,нет,нет,нет,да,B,2009-12-01,2011-11-01
22364,GLASS JAR DIGESTIVE BISCUITS,B,Y,BY,Оставить: сезонный спрос,нет,1902.95,4417.64,55.17,589,152,68,12,0.529,3.23,1049,27.71,85.11,нет,да,нет,нет,нет,A,2010-03-01,2011-11-01
22824,3 TIER SWEETHEART GARDEN SHELF,B,Y,BY,Оставить,нет,1902.3,215.7,0.0,54,42,41,12,0.651,35.23,1050,27.74,85.13,нет,нет,нет,нет,нет,C,2010-11-01,2011-11-01
21916,SET 12 RETRO WHITE CHALK STICKS,B,Y,BY,Оставить,нет,1899.32,2737.25,54.01,4457,333,150,12,0.645,0.43,1051,27.77,85.15,нет,нет,нет,нет,нет,A,2009-12-01,2011-11-01
23145,ZINC T-LIGHT HOLDER STAR LARGE,B,Y,BY,Оставить,нет,1895.52,0.0,83.96,1998,163,126,8,0.93,0.95,1052,27.79,85.17,нет,нет,нет,нет,нет,не продавался,2011-04-01,2011-11-01
72807A,SET/3 ROSE CANDLE IN JEWELLED BOX,B,Y,BY,Оставить: сезонный спрос,нет,1894.89,2376.44,0.0,397,111,52,12,0.928,4.77,1053,27.82,85.19,нет,да,нет,нет,да,A,2009-12-01,2011-11-01
23274,STAR T-LIGHT HOLDER WILLIE WINKIE,B,Z,BZ,Наблюдать: новый товар,нет,1892.92,0.0,112.08,1124,109,83,6,1.466,1.68,1054,27.85,85.21,да,нет,нет,нет,нет,не продавался,2011-06-01,2011-11-01
22101,MIRROR MOSAIC VOTIVE HOLDER,B,Y,BY,Оставить: сезонный спрос,нет,1889.61,735.0,37.2,1098,66,20,12,0.943,1.72,1055,27.87,85.23,нет,да,нет,нет,нет,B,2009-12-01,2011-11-01
23315,IVORY REFECTORY CLOCK,B,Z,BZ,Наблюдать: новый товар,нет,1886.81,0.0,109.63,193,80,63,6,1.183,9.78,1056,27.9,85.25,да,нет,нет,нет,нет,не продавался,2011-06-01,2011-11-01
15039,SANDALWOOD FAN,B,Z,BZ,Оставить,нет,1886.59,2366.98,75.05,2023,138,57,12,1.05,0.93,1057,27.93,85.27,нет,нет,нет,нет,нет,B,2009-12-01,2011-11-01
22080,RIBBON REEL SPOTS DESIGN,B,Z,BZ,Оставить,нет,1886.35,4457.81,100.63,1137,147,110,8,1.135,1.66,1058,27.95,85.29,нет,нет,нет,нет,нет,A,2009-12-01,2011-11-01
21107,CREAM SLICE FLANNEL PINK SPOT,B,Z,BZ,Оставить: сезонный спрос,нет,1874.92,4132.06,617.79,660,95,48,12,1.062,2.84,1059,27.98,85.32,нет,да,нет,нет,нет,A,2009-12-01,2011-11-01
22291,"SPRING DEC , HANGING CHICK CREAM",B,Z,BZ,Оставить,нет,1871.22,2472.11,0.0,1265,119,71,11,1.107,1.48,1060,28.01,85.34,нет,нет,нет,нет,нет,A,2009-12-01,2011-11-01
22198,LARGE POPCORN HOLDER,B,Z,BZ,Проверить наличие: продажи значимого товара прекратились,нет,1870.91,10868.9,0.0,1025,86,42,3,2.755,1.83,1061,28.03,85.36,нет,нет,да,нет,нет,A,2009-12-01,2011-02-01
15058B,PINK POLKADOT GARDEN PARASOL,B,Z,BZ,Оставить: сезонный спрос,нет,1869.37,1370.85,0.0,226,95,32,11,1.274,8.27,1062,28.06,85.37,нет,да,нет,нет,да,B,2010-01-01,2011-11-01
35004C,SET OF 3 COLOURED  FLYING DUCKS,B,Z,BZ,Проверить наличие: продажи значимого товара прекратились,нет,1866.3,14230.6,0.0,390,37,27,4,2.606,4.79,1063,28.08,85.39,нет,нет,да,нет,да,A,2009-12-01,2011-03-01
22639,SET OF 4 NAPKIN CHARMS HEARTS,B,X,BX,Оставить,нет,1864.41,2070.66,70.75,726,140,94,12,0.485,2.57,1064,28.11,85.41,нет,нет,нет,нет,нет,B,2010-07-01,2011-11-01
22186,RED STAR CARD HOLDER,B,Z,BZ,Оставить: сезонный спрос,нет,1863.39,3273.17,131.14,805,136,106,9,1.613,2.31,1065,28.14,85.43,нет,да,нет,нет,нет,A,2009-12-01,2011-11-01
20992,JAZZ HEARTS PURSE NOTEBOOK,B,Y,BY,Оставить,нет,1863.05,1275.77,81.58,4219,260,155,12,0.963,0.44,1066,28.16,85.45,нет,нет,нет,нет,нет,B,2009-12-01,2011-11-01
51014A,"FEATHER PEN,HOT PINK",B,Y,BY,Оставить,нет,1862.71,2505.44,76.15,3621,224,99,12,0.979,0.51,1067,28.19,85.47,нет,нет,нет,нет,да,A,2009-12-01,2011-11-01
22574,HEART WOODEN CHRISTMAS DECORATION,B,Z,BZ,Оставить: сезонный спрос,нет,1862.16,2209.74,337.43,1992,203,126,11,1.626,0.93,1068,28.22,85.49,нет,да,нет,нет,нет,B,2010-07-01,2011-11-01
23490,T-LIGHT HOLDER HANGING LOVE BIRD,B,Z,BZ,Наблюдать: новый товар,нет,1860.35,0.0,172.42,498,89,77,2,2.427,3.74,1069,28.24,85.51,да,нет,нет,нет,нет,не продавался,2011-10-01,2011-11-01
22858,EASTER TIN KEEPSAKE,B,Z,BZ,Оставить,нет,1855.83,16.56,0.0,1123,136,103,7,1.315,1.65,1070,28.27,85.53,нет,нет,нет,нет,нет,C,2010-11-01,2011-10-01
72807B,SET/3 OCEAN SCENT CANDLE JEWEL BOX,B,Y,BY,Оставить: сезонный спрос,нет,1855.37,3011.44,0.0,399,114,56,12,0.805,4.65,1071,28.3,85.55,нет,да,нет,нет,да,A,2009-12-01,2011-11-01
22059,CERAMIC STRAWBERRY DESIGN MUG,B,Y,BY,Оставить,нет,1855.26,4535.14,199.46,1258,145,66,12,0.513,1.47,1072,28.32,85.57,нет,нет,нет,нет,нет,A,2009-12-01,2011-11-01
23075,PARLOUR CERAMIC WALL HOOK,B,Y,BY,Оставить,нет,1852.4,0.0,74.7,446,75,58,8,0.917,4.15,1073,28.35,85.59,нет,нет,нет,нет,нет,не продавался,2011-04-01,2011-11-01
22928,YELLOW GIANT GARDEN THERMOMETER,B,Y,BY,Оставить,нет,1851.86,47.6,141.89,274,107,60,12,0.948,6.76,1074,28.38,85.61,нет,нет,нет,нет,нет,C,2010-11-01,2011-11-01
21988,PACK OF 6 SKULL PAPER PLATES,B,Y,BY,Оставить,нет,1849.22,3588.71,13.53,2306,190,101,12,0.62,0.8,1075,28.4,85.63,нет,нет,нет,нет,нет,A,2009-12-01,2011-11-01
22312,OFFICE MUG WARMER POLKADOT,B,Z,BZ,Оставить: сезонный спрос,нет,1846.16,2303.56,104.33,596,123,59,12,1.09,3.1,1076,28.43,85.65,нет,да,нет,нет,нет,B,2009-12-01,2011-11-01
22935,BAKING MOULD ROSE MILK CHOCOLATE,B,Y,BY,Оставить,нет,1842.56,0.0,26.26,612,61,45,12,0.779,3.01,1077,28.45,85.67,нет,нет,нет,нет,нет,не продавался,2010-12-01,2011-11-01
15060B,FAIRY CAKE DESIGN UMBRELLA,B,Y,BY,Оставить,нет,1828.67,4646.87,0.0,453,133,68,12,0.685,4.04,1078,28.48,85.69,нет,нет,нет,нет,нет,A,2009-12-01,2011-11-01
22534,MAGIC DRAWING SLATE SPACEBOY,B,Y,BY,Оставить: сезонный спрос,нет,1824.5,3592.43,46.62,4385,254,167,12,0.576,0.42,1079,28.51,85.71,нет,да,нет,нет,нет,A,2010-03-01,2011-11-01
21068,VINTAGE BILLBOARD LOVE/HATE MUG,B,Z,BZ,Оставить,нет,1819.61,2306.58,19.84,1578,190,80,12,1.388,1.15,1080,28.53,85.73,нет,нет,нет,нет,нет,B,2009-12-01,2011-11-01
23235,STORAGE TIN VINTAGE LEAF,B,Z,BZ,Наблюдать: новый товар,нет,1818.25,0.0,129.52,655,94,81,6,1.603,2.78,1081,28.56,85.75,да,нет,нет,нет,нет,не продавался,2011-06-01,2011-11-01
20963,APPLE BATH SPONGE,B,Y,BY,Оставить,нет,1817.9,2752.48,93.27,1273,216,81,12,0.915,1.43,1082,28.59,85.77,нет,нет,нет,нет,нет,A,2009-12-01,2011-11-01
85061W,WHITE JEWELLED HEART DECORATION,B,Y,BY,Оставить,нет,1815.92,3569.34,66.23,2069,156,74,12,0.612,0.88,1083,28.61,85.79,нет,нет,нет,нет,нет,A,2009-12-01,2011-11-01
23359,SET OF 12 T-LIGHTS VINTAGE DOILY,B,Z,BZ,Наблюдать: новый товар,нет,1815.76,0.0,50.7,964,74,69,4,1.431,1.88,1084,28.64,85.81,да,нет,нет,нет,нет,не продавался,2011-08-01,2011-11-01
15044D,RED PAPER PARASOL,B,Y,BY,Оставить,нет,1813.86,2722.19,5.9,642,83,52,12,0.769,2.83,1085,28.67,85.83,нет,нет,нет,нет,да,A,2009-12-01,2011-11-01
22428,ENAMEL FIRE BUCKET CREAM,B,X,BX,Оставить,нет,1812.6,1524.91,42.16,242,110,74,12,0.389,7.49,1086,28.69,85.85,нет,нет,нет,нет,нет,B,2010-04-01,2011-11-01
21713,CITRONELLA CANDLE FLOWERPOT,B,Y,BY,Оставить: сезонный спрос,нет,1807.31,3234.55,10.43,782,154,101,12,0.876,2.31,1087,28.72,85.87,нет,да,нет,нет,нет,A,2009-12-01,2011-11-01
21870,I CAN ONLY PLEASE ONE PERSON MUG,B,Z,BZ,Оставить,нет,1805.21,5722.28,0.0,1370,159,93,8,1.229,1.32,1088,28.75,85.89,нет,нет,нет,нет,нет,A,2009-12-01,2011-08-01
23155,KNICKERBOCKERGLORY MAGNET ASSORTED,B,Y,BY,Оставить,нет,1800.79,0.0,4.98,2083,131,82,9,0.78,0.86,1089,28.77,85.91,нет,нет,нет,нет,нет,не продавался,2011-03-01,2011-11-01
21557,SET OF 6 FUNKY BEAKERS,B,Z,BZ,Оставить,нет,1799.96,1322.83,43.65,540,157,25,12,1.258,3.33,1090,28.8,85.92,нет,нет,нет,нет,нет,B,2009-12-01,2011-11-01
22223,CAKE PLATE LOVEBIRD PINK,B,Z,BZ,Оставить,нет,1796.8,1533.1,24.81,437,76,34,12,1.223,4.11,1091,28.82,85.94,нет,нет,нет,нет,нет,B,2009-12-01,2011-11-01
21534,DAIRY MAID LARGE MILK JUG,B,X,BX,Оставить,нет,1795.03,2864.71,44.55,353,146,89,12,0.424,5.09,1092,28.85,85.96,нет,нет,нет,нет,нет,A,2009-12-01,2011-11-01
22959,WRAP CHRISTMAS VILLAGE,B,Z,BZ,Оставить: сезонный спрос,нет,1793.5,1946.54,84.42,4375,129,123,6,1.466,0.41,1093,28.88,85.98,нет,да,нет,нет,нет,B,2010-09-01,2011-11-01
23486,ANTIQUE HEART SHELF UNIT,B,Z,BZ,Наблюдать: новый товар,нет,1789.29,0.0,2202.28,105,62,53,2,2.365,17.04,1094,28.9,86.0,да,нет,нет,нет,нет,не продавался,2011-10-01,2011-11-01
20982,12 PENCILS TALL TUBE SKULLS,B,Y,BY,Оставить: сезонный спрос,нет,1785.25,2352.93,94.57,2047,239,152,12,0.977,0.87,1095,28.93,86.02,нет,да,нет,нет,нет,B,2009-12-01,2011-11-01
22651,GENTLEMAN SHIRT REPAIR KIT,B,Y,BY,Оставить,нет,1783.34,883.39,54.13,2117,159,71,12,0.711,0.84,1096,28.96,86.04,нет,нет,нет,нет,нет,B,2010-07-01,2011-11-01
22536,MAGIC DRAWING SLATE PURDEY,B,Y,BY,Оставить,нет,1780.43,1782.29,23.52,4696,151,106,12,0.874,0.38,1097,28.98,86.06,нет,нет,нет,нет,нет,B,2010-03-01,2011-11-01
84031A,CHARLIE+LOLA RED HOT WATER BOTTLE,B,Z,BZ,Оставить: сезонный спрос,нет,1778.18,2439.46,198.36,323,147,28,12,1.264,5.51,1098,29.01,86.08,нет,да,нет,нет,да,A,2009-12-01,2011-11-01
70006,LOVE HEART POCKET WARMER,B,Z,BZ,Оставить: сезонный спрос,нет,1774.93,2275.58,89.05,2615,110,65,10,2.042,0.68,1099,29.04,86.1,нет,да,нет,нет,нет,B,2009-12-01,2011-11-01
23160,REGENCY TEA SPOON,B,Z,BZ,Оставить,нет,1774.8,0.0,19.68,1442,74,50,7,1.075,1.23,1100,29.06,86.12,нет,нет,нет,нет,нет,не продавался,2011-05-01,2011-11-01
22594,CHRISTMAS GINGHAM TREE,B,Z,BZ,Оставить: сезонный спрос,нет,1772.63,2471.56,133.14,1898,181,90,10,1.377,0.93,1101,29.09,86.13,нет,да,нет,нет,нет,A,2010-07-01,2011-11-01
47570B,TEA TIME TABLE CLOTH,B,Z,BZ,Проверить наличие: продажи значимого товара прекратились,нет,1769.25,8001.12,0.0,187,33,23,4,1.978,9.46,1102,29.11,86.15,нет,нет,да,нет,нет,A,2009-12-01,2011-03-01
85035C,ROSE 3 WICK MORRIS BOX CANDLE,B,Z,BZ,Оставить,нет,1769.13,941.66,0.0,1138,131,86,11,1.478,1.55,1103,29.14,86.17,нет,нет,нет,нет,да,B,2009-12-01,2011-11-01
22027,TEA PARTY BIRTHDAY CARD,B,X,BX,Оставить: сезонный спрос,нет,1768.15,2917.66,38.6,4100,349,173,12,0.326,0.43,1104,29.17,86.19,нет,да,нет,нет,нет,A,2009-12-01,2011-11-01
22107,PIZZA PLATE IN BOX,B,Z,BZ,Оставить: сезонный спрос,нет,1766.6,2489.05,371.46,454,159,38,12,1.207,3.89,1105,29.19,86.21,нет,да,нет,нет,нет,A,2009-12-01,2011-11-01
21873,IF YOU CAN'T STAND THE HEAT MUG,B,Z,BZ,Оставить,нет,1765.9,525.71,23.16,1522,107,59,12,1.447,1.16,1106,29.22,86.23,нет,нет,нет,да,нет,C,2009-12-01,2011-11-01
23302,KNEELING MAT HOUSEWORK  DESIGN,B,Y,BY,Оставить,нет,1763.26,0.0,367.01,1070,205,129,7,0.937,1.65,1107,29.25,86.25,нет,нет,нет,нет,нет,не продавался,2011-05-01,2011-11-01
21832,CHOCOLATE CALCULATOR,B,Y,BY,Оставить: сезонный спрос,нет,1758.81,4046.66,31.29,941,187,78,12,0.586,1.87,1108,29.27,86.27,нет,да,нет,нет,нет,A,2009-12-01,2011-11-01
22932,BAKING MOULD TOFFEE CUP CHOCOLATE,B,Z,BZ,Оставить,нет,1758.48,0.0,40.8,772,68,50,12,1.047,2.28,1109,29.3,86.29,нет,нет,нет,нет,нет,не продавался,2010-12-01,2011-11-01
23525,WALL ART BUFFALO BILL,B,Z,BZ,Наблюдать: новый товар,нет,1755.11,0.0,86.21,554,45,34,2,2.981,3.17,1110,29.33,86.3,да,нет,нет,да,нет,не продавался,2011-10-01,2011-11-01
22452,MEASURING TAPE BABUSHKA PINK,B,Y,BY,Оставить,нет,1754.41,1562.39,5.9,720,142,52,12,0.985,2.44,1111,29.35,86.32,нет,нет,нет,нет,нет,B,2010-03-01,2011-11-01
21114,LAVENDER SCENTED FABRIC HEART,B,X,BX,Оставить,нет,1753.08,5509.31,12.5,1321,136,103,12,0.281,1.33,1112,29.38,86.34,нет,нет,нет,нет,нет,A,2009-12-01,2011-11-01
23434,3 RAFFIA RIBBONS 50'S CHRISTMAS,B,Z,BZ,Наблюдать: новый товар,нет,1751.89,0.0,124.38,1931,180,119,3,1.811,0.91,1113,29.41,86.36,да,нет,нет,нет,нет,не продавался,2011-09-01,2011-11-01
23378,PACK OF 12 50'S CHRISTMAS TISSUES,B,Z,BZ,Наблюдать: новый товар,нет,1749.32,0.0,90.76,3797,155,119,3,1.808,0.46,1114,29.43,86.38,да,нет,нет,нет,нет,не продавался,2011-09-01,2011-11-01
23228,FILIGREE HEART BIRD WHITE,B,Z,BZ,Оставить,нет,1744.55,0.0,65.69,1309,116,56,7,1.032,1.33,1115,29.46,86.4,нет,нет,нет,нет,нет,не продавался,2011-05-01,2011-11-01
23394,POSTE FRANCE CUSHION COVER,B,Z,BZ,Наблюдать: новый товар,нет,1742.12,0.0,135.53,412,137,83,3,1.793,4.23,1116,29.48,86.42,да,нет,нет,нет,нет,не продавался,2011-09-01,2011-11-01
23148,MINIATURE ANTIQUE ROSE HOOK IVORY,B,Y,BY,Оставить,нет,1741.61,0.0,67.23,2049,233,140,8,0.925,0.85,1117,29.51,86.44,нет,нет,нет,нет,нет,не продавался,2011-04-01,2011-11-01
22199,FRYING PAN RED RETROSPOT,B,X,BX,Оставить,нет,1741.14,4563.76,151.45,366,147,59,12,0.431,4.76,1118,29.54,86.45,нет,нет,нет,нет,нет,A,2009-12-01,2011-11-01
22832,BROCANTE SHELF WITH HOOKS,B,Y,BY,Оставить,нет,1738.82,251.33,0.0,158,74,62,12,0.805,11.01,1119,29.56,86.47,нет,нет,нет,нет,нет,C,2010-11-01,2011-11-01
22744,MAKE YOUR OWN MONSOON CARD KIT,B,X,BX,Оставить,нет,1732.72,2020.22,212.03,560,149,109,12,0.397,3.09,1120,29.59,86.49,нет,нет,нет,нет,нет,B,2010-08-01,2011-11-01
22710,WRAP I LOVE LONDON,B,Y,BY,Оставить,нет,1732.42,1015.36,31.5,4401,100,77,12,0.631,0.39,1121,29.62,86.51,нет,нет,нет,нет,нет,B,2010-05-01,2011-11-01
22200,FRYING PAN PINK POLKADOT,B,Y,BY,Оставить,нет,1730.44,3958.44,62.04,350,129,43,12,0.706,4.94,1122,29.64,86.53,нет,нет,нет,нет,нет,A,2009-12-01,2011-11-01
23358,HOT STUFF HOT WATER BOTTLE,B,Z,BZ,Наблюдать: новый товар,нет,1725.35,0.0,283.03,460,70,54,4,1.827,3.75,1123,29.67,86.55,да,нет,нет,нет,нет,не продавался,2011-08-01,2011-11-01
16169E,WRAP 50'S  CHRISTMAS,B,Z,BZ,Наблюдать: новый товар,нет,1724.04,0.0,115.92,4162,135,129,5,1.577,0.41,1124,29.7,86.56,да,нет,нет,нет,да,не продавался,2011-07-01,2011-11-01
21586,KINGS CHOICE GIANT TUBE MATCHES,B,Z,BZ,Оставить: сезонный спрос,нет,1721.85,4205.1,0.0,743,67,54,11,1.205,2.32,1125,29.72,86.58,нет,да,нет,нет,нет,A,2009-12-01,2011-11-01
23357,HOT WATER BOTTLE SEX BOMB,B,Z,BZ,Наблюдать: новый товар,нет,1721.76,0.0,260.29,367,81,68,4,1.773,4.69,1126,29.75,86.6,да,нет,нет,нет,нет,не продавался,2011-08-01,2011-11-01
21845,DAIRY MAID STRIPE MUG,B,Y,BY,Оставить,нет,1720.3,2014.51,0.0,1906,82,63,12,0.809,0.9,1127,29.78,86.62,нет,нет,нет,нет,нет,B,2009-12-01,2011-11-01
23374,RED SPOT PAPER GIFT BAG,B,Z,BZ,Наблюдать: новый товар,нет,1716.34,0.0,238.29,2132,117,98,4,1.668,0.81,1128,29.8,86.64,да,нет,нет,нет,нет,не продавался,2011-08-01,2011-11-01
22712,CARD DOLLY GIRL,B,Y,BY,Оставить,нет,1711.71,1175.18,100.41,4144,301,136,11,0.74,0.41,1129,29.83,86.66,нет,нет,нет,нет,нет,B,2010-05-01,2011-11-01
22503,CABIN BAG VINTAGE PAISLEY,B,Z,BZ,Оставить,нет,1710.72,1137.95,0.0,87,33,14,9,1.045,19.66,1130,29.85,86.67,нет,нет,нет,нет,нет,B,2010-04-01,2011-11-01
22944,CHRISTMAS METAL POSTCARD WITH BELLS,B,Z,BZ,Оставить: сезонный спрос,нет,1708.34,1429.07,130.62,3237,101,46,8,1.911,0.53,1131,29.88,86.69,нет,да,нет,нет,нет,B,2010-09-01,2011-11-01
23122,PARTY CHARMS 50 PIECES,B,Z,BZ,Наблюдать: новый товар,нет,1707.84,0.0,18.25,2232,126,86,6,1.599,0.77,1132,29.91,86.71,да,нет,нет,нет,нет,не продавался,2011-06-01,2011-11-01
22934,BAKING MOULD EASTER EGG WHITE CHOC,B,Z,BZ,Оставить,нет,1707.47,0.0,0.0,589,78,65,10,1.53,2.9,1133,29.93,86.73,нет,нет,нет,нет,нет,не продавался,2010-12-01,2011-11-01
23096,PETIT TRAY CHIC,B,Z,BZ,Оставить,нет,1707.05,0.0,29.64,1021,138,88,7,1.126,1.67,1134,29.96,86.75,нет,нет,нет,нет,нет,не продавался,2011-05-01,2011-11-01
23101,SILVER STARS TABLE DECORATION,B,Z,BZ,Оставить,нет,1703.26,0.0,36.37,1997,206,172,7,1.219,0.85,1135,29.99,86.77,нет,нет,нет,нет,нет,не продавался,2011-05-01,2011-11-01
85015,SET OF 12  VINTAGE POSTCARD SET,B,Y,BY,Оставить,нет,1700.34,1031.46,18.2,2152,139,99,12,0.694,0.79,1136,30.01,86.78,нет,нет,нет,нет,нет,B,2009-12-01,2011-11-01
21899,"KEY FOB , GARAGE DESIGN",B,Y,BY,Оставить,нет,1699.09,2564.5,58.88,2605,266,147,12,0.907,0.65,1137,30.04,86.8,нет,нет,нет,нет,нет,A,2009-12-01,2011-11-01
21034,REX CASH+CARRY JUMBO SHOPPER,B,X,BX,Оставить: сезонный спрос,нет,1693.85,2014.0,75.05,1783,827,461,12,0.493,0.95,1138,30.07,86.82,нет,да,нет,нет,нет,B,2009-12-01,2011-11-01
21055,TOOL BOX SOFT TOY,B,Y,BY,Оставить: сезонный спрос,нет,1693.04,2065.5,17.9,170,102,62,12,0.82,9.96,1139,30.09,86.84,нет,да,нет,нет,нет,B,2009-12-01,2011-11-01
51008,AFGHAN SLIPPER SOCK PAIR,B,Z,BZ,Оставить,нет,1690.55,5803.25,0.0,519,22,16,8,2.731,3.26,1140,30.12,86.86,нет,нет,нет,нет,нет,A,2009-12-01,2011-11-01
23317,BLUE REFECTORY CLOCK,B,Z,BZ,Наблюдать: новый товар,нет,1687.85,0.0,89.61,165,77,56,6,1.168,10.23,1141,30.15,86.87,да,нет,нет,нет,нет,не продавался,2011-06-01,2011-11-01
20981,12 PENCILS TALL TUBE WOODLAND,B,Y,BY,Оставить,нет,1686.17,2307.34,43.35,1910,242,155,12,0.649,0.88,1142,30.17,86.89,нет,нет,нет,нет,нет,B,2009-12-01,2011-11-01
84510A,SET OF 4 ENGLISH ROSE COASTERS,B,X,BX,Оставить,нет,1680.92,1666.54,79.88,1188,271,98,12,0.413,1.41,1143,30.2,86.91,нет,нет,нет,нет,да,B,2009-12-01,2011-11-01
23399,HOME SWEET HOME HANGING HEART,B,Z,BZ,Наблюдать: новый товар,нет,1679.48,0.0,66.07,1871,210,141,3,1.824,0.9,1144,30.22,86.93,да,нет,нет,нет,нет,не продавался,2011-09-01,2011-11-01
21917,SET 12 KIDS  WHITE CHALK STICKS,B,Y,BY,Оставить,нет,1674.64,1621.03,26.87,4087,214,128,12,0.506,0.41,1145,30.25,86.95,нет,нет,нет,нет,нет,B,2009-12-01,2011-11-01
84968D,SET OF 16 VINTAGE RED CUTLERY,B,Z,BZ,Оставить: сезонный спрос,нет,1673.14,3757.73,50.46,156,54,24,10,1.882,10.73,1146,30.28,86.96,нет,да,нет,нет,да,A,2009-12-01,2011-11-01
21584,RETROSPOT SMALL TUBE MATCHES,B,Y,BY,Оставить,нет,1670.75,4283.8,72.6,1015,139,114,12,0.528,1.65,1147,30.3,86.98,нет,нет,нет,нет,нет,A,2009-12-01,2011-11-01
23501,KEY RING BASEBALL BOOT UNION JACK,B,Z,BZ,Наблюдать: новый товар,нет,1662.6,0.0,555.27,1338,90,65,2,2.318,1.24,1148,30.33,87.0,да,нет,нет,нет,нет,не продавался,2011-10-01,2011-11-01
21207,SKULL AND CROSSBONES  GARLAND,B,Y,BY,Оставить,нет,1661.79,3203.32,23.06,1053,130,74,12,0.674,1.58,1149,30.36,87.02,нет,нет,нет,нет,нет,A,2009-12-01,2011-11-01
22986,GINGHAM ROSE WRAP,B,X,BX,Оставить,нет,1659.6,677.8,42.0,3980,151,122,12,0.253,0.42,1150,30.38,87.04,нет,нет,нет,нет,нет,B,2010-09-01,2011-11-01
23500,KEY RING BASEBALL BOOT ASSORTED,B,Z,BZ,Наблюдать: новый товар,нет,1659.49,0.0,378.84,1351,79,65,2,2.236,1.23,1151,30.41,87.05,да,нет,нет,нет,нет,не продавался,2011-10-01,2011-11-01
23491,VINTAGE JINGLE BELLS HEART,B,Z,BZ,Наблюдать: новый товар,нет,1658.51,0.0,239.25,199,69,59,2,2.375,8.33,1152,30.44,87.07,да,нет,нет,нет,нет,не продавался,2011-10-01,2011-11-01
22227,HANGING HEART MIRROR DECORATION,B,X,BX,Оставить,нет,1657.77,2618.55,49.65,2271,280,80,12,0.365,0.73,1153,30.46,87.09,нет,нет,нет,нет,нет,A,2009-12-01,2011-11-01
84795B,SUNSET CHECK HAMMOCK,B,Y,BY,Оставить,нет,1657.42,1039.39,0.0,192,62,33,11,0.923,8.63,1154,30.49,87.11,нет,нет,нет,нет,да,B,2009-12-01,2011-11-01
85040A,S/4 PINK FLOWER CANDLES IN BOWL,B,Y,BY,Оставить,нет,1656.56,2082.19,46.14,892,173,82,12,0.604,1.86,1155,30.52,87.12,нет,нет,нет,нет,да,B,2009-12-01,2011-11-01
16161U,WRAP SUKI AND FRIENDS,B,Y,BY,Оставить,нет,1656.0,2376.42,21.0,4000,131,104,12,0.54,0.41,1156,30.54,87.14,нет,нет,нет,нет,да,A,2009-12-01,2011-11-01
23372,SET 36 COLOUR PENCILS DOLLY GIRL,B,Z,BZ,Наблюдать: новый товар,нет,1653.31,0.0,76.98,1324,134,73,3,1.99,1.25,1157,30.57,87.16,да,нет,нет,нет,нет,не продавался,2011-09-01,2011-11-01
21578,WOODLAND DESIGN  COTTON TOTE BAG,B,Y,BY,Оставить,нет,1652.8,3405.1,4.96,745,126,68,12,0.807,2.22,1158,30.59,87.18,нет,нет,нет,нет,нет,A,2009-12-01,2011-11-01
15058A,BLUE POLKADOT GARDEN PARASOL,B,Z,BZ,Оставить: сезонный спрос,нет,1652.59,1429.84,0.0,198,88,40,10,1.256,8.35,1159,30.62,87.19,нет,да,нет,нет,да,B,2010-01-01,2011-11-01
21329,DINOSAURS  WRITING SET,B,Y,BY,Оставить: сезонный спрос,нет,1651.21,2017.17,72.48,909,270,116,12,0.724,1.82,1160,30.65,87.21,нет,да,нет,нет,нет,B,2009-12-01,2011-11-01
37340,MULTICOLOUR SPRING FLOWER MUG,B,Y,BY,Оставить,нет,1650.56,1686.27,45.3,2504,129,56,12,0.779,0.66,1161,30.67,87.23,нет,нет,нет,нет,нет,B,2009-12-01,2011-11-01
22332,SKULLS PARTY BAG + STICKER SET,B,Y,BY,Оставить,нет,1649.95,4212.85,13.2,1015,145,92,12,0.604,1.63,1162,30.7,87.25,нет,нет,нет,нет,нет,A,2009-12-01,2011-11-01
84968E,SET OF 16 VINTAGE BLACK CUTLERY,B,Z,BZ,Оставить,нет,1647.32,3120.87,75.42,136,46,13,10,1.136,12.11,1163,30.73,87.27,нет,нет,нет,нет,да,A,2009-12-01,2011-11-01
22674,FRENCH TOILET SIGN BLUE METAL,B,Y,BY,Оставить,нет,1646.71,1263.61,31.01,1315,180,105,12,0.538,1.25,1164,30.75,87.28,нет,нет,нет,нет,нет,B,2010-08-01,2011-11-01
85132A,CHARLIE + LOLA BISCUITS TINS,B,Z,BZ,Проверить наличие: продажи значимого товара прекратились,нет,1644.02,3603.38,0.0,552,117,37,6,1.909,2.98,1165,30.78,87.3,нет,нет,да,нет,да,A,2009-12-01,2011-05-01
23073,GEORGIAN TRINKET BOX,B,Z,BZ,Оставить,нет,1644.0,0.0,50.0,138,58,47,8,1.108,11.91,1166,30.81,87.32,нет,нет,нет,нет,нет,не продавался,2011-04-01,2011-11-01
22852,DOG BOWL VINTAGE CREAM,B,X,BX,Оставить,нет,1643.55,709.23,93.08,365,116,80,12,0.389,4.5,1167,30.83,87.34,нет,нет,нет,нет,нет,B,2010-10-01,2011-11-01
22562,MONSTERS STENCIL CRAFT,B,Y,BY,Оставить: сезонный спрос,нет,1643.49,2918.93,119.88,1320,196,139,12,0.669,1.25,1168,30.86,87.35,нет,да,нет,нет,нет,A,2010-03-01,2011-11-01
23181,BULL DOG BOTTLE TOP WALL CLOCK,B,Y,BY,Оставить,нет,1640.31,0.0,93.26,191,79,60,9,0.67,8.59,1169,30.89,87.37,нет,нет,нет,нет,нет,не продавался,2011-03-01,2011-11-01
23401,RUSTIC MIRROR WITH LACE HEART,B,Z,BZ,Наблюдать: новый товар,нет,1638.84,0.0,716.03,304,74,58,3,2.173,5.39,1170,30.91,87.39,да,нет,нет,нет,нет,не продавался,2011-09-01,2011-11-01
23244,ROUND STORAGE TIN VINTAGE LEAF,B,Z,BZ,Наблюдать: новый товар,нет,1637.74,0.0,94.29,890,101,85,6,1.253,1.84,1171,30.94,87.41,да,нет,нет,нет,нет,не продавался,2011-06-01,2011-11-01
22479,DAISY GARDEN MARKER,B,Z,BZ,Оставить: сезонный спрос,нет,1635.14,1032.62,23.43,1128,95,47,12,1.59,1.45,1172,30.96,87.42,нет,да,нет,да,нет,B,2010-03-01,2011-11-01
85034C,3 ROSE MORRIS BOXED CANDLES,B,Z,BZ,Оставить,нет,1624.59,804.15,107.41,1052,142,98,9,1.874,1.54,1173,30.99,87.44,нет,нет,нет,нет,да,B,2009-12-01,2011-11-01
21812,GARLAND WITH HEARTS AND BELLS,B,Z,BZ,Оставить: сезонный спрос,нет,1624.21,2082.12,52.76,366,92,31,12,1.412,4.44,1174,31.02,87.46,нет,да,нет,нет,нет,B,2009-12-01,2011-11-01
21056,DOCTOR'S BAG SOFT TOY,B,Y,BY,Оставить,нет,1622.14,2510.98,125.36,174,65,45,12,0.99,9.32,1175,31.04,87.48,нет,нет,нет,нет,нет,A,2009-12-01,2011-11-01
22913,RED COAT RACK PARIS FASHION,B,Z,BZ,Оставить,нет,1621.87,434.7,36.43,344,108,77,12,1.196,4.71,1176,31.07,87.49,нет,нет,нет,нет,нет,C,2010-11-01,2011-11-01
22789,T-LIGHT HOLDER SWEETHEART HANGING,B,Y,BY,Оставить,нет,1619.74,762.52,35.33,826,133,100,12,0.551,1.96,1177,31.1,87.51,нет,нет,нет,нет,нет,B,2010-10-01,2011-11-01
21245,GREEN POLKADOT PLATE,B,Y,BY,Оставить,нет,1617.67,2481.16,169.53,962,125,71,12,0.639,1.68,1178,31.12,87.53,нет,нет,нет,нет,нет,A,2009-12-01,2011-11-01
21577,SAVE THE PLANET COTTON TOTE BAG,B,Y,BY,Оставить,нет,1613.1,4038.12,38.3,703,169,92,12,0.547,2.29,1179,31.15,87.54,нет,нет,нет,нет,нет,A,2009-12-01,2011-11-01
21981,PACK OF 12 WOODLAND TISSUES,B,Y,BY,Оставить: сезонный спрос,нет,1612.5,5478.16,38.8,5400,255,140,12,0.629,0.3,1180,31.18,87.56,нет,да,нет,нет,нет,A,2009-12-01,2011-11-01
21206,STRAWBERRY HONEYCOMB  GARLAND,B,Y,BY,Оставить,нет,1610.92,1453.68,0.0,1290,109,55,12,0.896,1.25,1181,31.2,87.58,нет,нет,нет,нет,нет,B,2009-12-01,2011-11-01
23270,SET OF 2 CERAMIC PAINTED HEARTS,B,Z,BZ,Наблюдать: новый товар,нет,1610.03,0.0,36.29,1151,118,93,6,1.218,1.4,1182,31.23,87.6,да,нет,нет,нет,нет,не продавался,2011-06-01,2011-11-01
23214,JINGLE BELL HEART ANTIQUE GOLD,B,Z,BZ,Наблюдать: новый товар,нет,1609.82,0.0,85.22,750,93,74,6,1.409,2.15,1183,31.25,87.61,да,нет,нет,нет,нет,не продавался,2011-06-01,2011-11-01
22161,HEART DECORATION RUSTIC HANGING,B,Y,BY,Оставить,нет,1609.32,1068.21,31.87,4914,333,116,12,0.856,0.33,1184,31.28,87.63,нет,нет,нет,нет,нет,B,2009-12-01,2011-11-01
22335,HEART DECORATION PAINTED ZINC,B,X,BX,Оставить,нет,1607.49,3735.58,61.4,2316,213,86,12,0.497,0.69,1185,31.31,87.65,нет,нет,нет,нет,нет,A,2009-12-01,2011-11-01
23348,CHILDRENS TOY COOKING UTENSIL SET,B,Z,BZ,Оставить,нет,1606.77,0.0,0.0,733,165,94,8,1.573,2.19,1186,31.33,87.67,нет,нет,нет,нет,нет,не продавался,2011-04-01,2011-11-01
22292,HANGING CHICK  YELLOW DECORATION,B,Z,BZ,Оставить,нет,1604.51,2169.23,0.0,1136,112,76,12,1.414,1.41,1187,31.36,87.68,нет,нет,нет,нет,нет,B,2009-12-01,2011-11-01
21394,RED POLKADOT BEAKER,B,Y,BY,Оставить,нет,1596.75,260.86,0.0,3847,129,87,11,0.856,0.42,1188,31.39,87.7,нет,нет,нет,нет,нет,C,2010-01-01,2011-11-01
22544,MINI JIGSAW SPACEBOY,B,Y,BY,Оставить,нет,1589.57,2021.44,125.35,3921,156,90,12,0.508,0.41,1189,31.41,87.72,нет,нет,нет,нет,нет,B,2010-03-01,2011-11-01
22975,SPACEBOY CHILDRENS EGG CUP,B,X,BX,Оставить,нет,1588.74,55.03,35.89,1184,177,109,12,0.496,1.34,1190,31.44,87.73,нет,нет,нет,нет,нет,C,2010-11-01,2011-11-01
22816,CARD MOTORBIKE SANTA,B,Z,BZ,Оставить: сезонный спрос,нет,1585.92,1239.01,105.84,3735,244,150,10,1.501,0.42,1191,31.47,87.75,нет,да,нет,нет,нет,B,2010-09-01,2011-11-01
21544,SKULLS  WATER TRANSFER TATTOOS,B,X,BX,Оставить,нет,1585.25,3361.13,102.43,1857,164,77,12,0.469,0.85,1192,31.49,87.77,нет,нет,нет,нет,нет,A,2009-12-01,2011-11-01
22526,WHEELBARROW FOR CHILDREN,B,Y,BY,Оставить,нет,1581.63,4841.91,87.63,117,74,53,12,0.718,13.52,1193,31.52,87.78,нет,нет,нет,нет,нет,A,2010-03-01,2011-11-01
23368,SET 12 COLOUR PENCILS DOLLY GIRL,B,Z,BZ,Наблюдать: новый товар,нет,1579.65,0.0,99.9,2241,214,132,3,1.998,0.7,1194,31.55,87.8,да,нет,нет,нет,нет,не продавался,2011-09-01,2011-11-01
22671,FRENCH LAUNDRY SIGN BLUE METAL,B,Y,BY,Оставить,нет,1579.05,1202.64,29.65,949,137,74,12,0.959,1.66,1195,31.57,87.82,нет,нет,нет,нет,нет,B,2010-08-01,2011-11-01
22305,COFFEE MUG PINK PAISLEY DESIGN,B,Z,BZ,Оставить,нет,1573.98,3091.65,30.6,681,50,34,12,1.374,2.31,1196,31.6,87.83,нет,нет,нет,да,нет,A,2009-12-01,2011-11-01
22037,ROBOT BIRTHDAY CARD,B,X,BX,Оставить,нет,1572.21,1340.38,123.11,3628,337,166,12,0.438,0.43,1197,31.62,87.85,нет,нет,нет,нет,нет,B,2009-12-01,2011-11-01
22445,PENCIL CASE LIFE IS BEAUTIFUL,B,Y,BY,Оставить,нет,1572.21,2332.95,43.7,524,124,70,12,0.692,3.0,1198,31.65,87.87,нет,нет,нет,нет,нет,B,2010-03-01,2011-11-01
23287,RED VINTAGE SPOT BEAKER,B,Z,BZ,Наблюдать: новый товар,нет,1571.58,0.0,25.01,1848,191,112,6,1.314,0.85,1199,31.68,87.89,да,нет,нет,нет,нет,не продавался,2011-06-01,2011-11-01
85206A,CREAM FELT EASTER EGG BASKET,B,Z,BZ,Оставить: сезонный спрос,нет,1568.93,2404.08,0.0,974,114,99,4,1.759,1.61,1200,31.7,87.9,нет,да,да,нет,да,A,2010-01-01,2011-03-01
21706,FOLDING UMBRELLA RED/WHITE POLKADOT,B,Y,BY,Оставить,нет,1567.25,3325.25,49.56,337,117,53,12,0.671,4.65,1201,31.73,87.92,нет,нет,нет,нет,нет,A,2009-12-01,2011-11-01
22476,EMPIRE UNION JACK TV DINNER TRAY,B,Y,BY,Оставить,нет,1566.17,2379.4,1233.44,244,114,53,12,0.772,6.42,1202,31.76,87.94,нет,нет,нет,нет,нет,A,2010-03-01,2011-11-01
22314,OFFICE MUG WARMER CHOC+BLUE,B,Z,BZ,Оставить,нет,1565.89,2119.46,193.23,465,117,52,12,1.137,3.37,1203,31.78,87.95,нет,нет,нет,нет,нет,B,2009-12-01,2011-11-01
22853,CAT BOWL VINTAGE CREAM,B,X,BX,Оставить,нет,1564.57,549.61,71.89,447,110,74,12,0.445,3.5,1204,31.81,87.97,нет,нет,нет,нет,нет,C,2010-10-01,2011-11-01
22449,SILK PURSE BABUSHKA PINK,B,Y,BY,Оставить,нет,1563.85,2770.4,0.0,485,142,64,12,0.612,3.22,1205,31.84,87.99,нет,нет,нет,нет,нет,A,2010-03-01,2011-11-01
21967,PACK OF 12 SKULL TISSUES,B,Z,BZ,Оставить,нет,1562.1,2819.29,20.05,5232,220,127,12,1.409,0.3,1206,31.86,88.0,нет,нет,нет,нет,нет,A,2009-12-01,2011-11-01
22419,LIPSTICK PEN RED,B,Y,BY,Оставить,нет,1561.38,1569.49,111.72,3154,253,92,12,0.648,0.5,1207,31.89,88.02,нет,нет,нет,нет,нет,B,2010-05-01,2011-11-01
20961,STRAWBERRY BATH SPONGE,B,Y,BY,Оставить,нет,1560.75,2942.22,59.68,1092,216,80,12,0.865,1.43,1208,31.92,88.04,нет,нет,нет,нет,нет,A,2009-12-01,2011-11-01
23090,VINTAGE GLASS T-LIGHT HOLDER,B,Z,BZ,Оставить,нет,1559.09,0.0,310.94,1851,130,86,7,1.081,0.84,1209,31.94,88.05,нет,нет,нет,нет,нет,не продавался,2011-05-01,2011-11-01
21744,SNOWFLAKE PORTABLE TABLE LIGHT,B,Z,BZ,Оставить: сезонный спрос,нет,1557.65,1121.81,0.0,529,127,66,8,1.741,2.94,1210,31.97,88.07,нет,да,нет,нет,нет,B,2009-12-01,2011-11-01
22284,HEN HOUSE DECORATION,B,Z,BZ,Оставить,нет,1554.18,2400.87,23.09,902,128,77,12,1.047,1.72,1211,31.99,88.09,нет,нет,нет,нет,нет,A,2009-12-01,2011-11-01
21626,VINTAGE UNION JACK PENNANT,B,Z,BZ,Оставить,нет,1551.65,1381.57,0.0,777,97,63,12,1.398,2.0,1212,32.02,88.1,нет,нет,нет,нет,нет,B,2009-12-01,2011-11-01
22375,AIRLINE BAG VINTAGE JET SET BROWN,B,X,BX,Оставить,нет,1551.3,1342.75,75.24,334,158,66,12,0.484,4.64,1213,32.05,88.12,нет,нет,нет,нет,нет,B,2010-02-01,2011-11-01
22583,PACK OF 6 HANDBAG GIFT BOXES,B,Y,BY,Оставить,нет,1550.42,3324.15,17.43,568,106,71,12,0.587,2.73,1214,32.07,88.14,нет,нет,нет,нет,нет,A,2010-03-01,2011-11-01
72802B,OCEAN SCENT CANDLE IN JEWELLED BOX,B,Z,BZ,Оставить,нет,1545.48,2261.24,0.0,630,79,53,12,1.609,2.45,1215,32.1,88.15,нет,нет,нет,нет,да,B,2009-12-01,2011-11-01
23505,PLAYING CARDS I LOVE LONDON,B,Z,BZ,Наблюдать: новый товар,нет,1545.12,0.0,106.17,1117,100,86,3,1.956,1.38,1216,32.13,88.17,да,нет,нет,нет,нет,не продавался,2011-09-01,2011-11-01
22473,TV DINNER TRAY VINTAGE PAISLEY,B,Z,BZ,Оставить,нет,1541.14,1447.88,81.9,461,102,53,12,1.598,3.34,1217,32.15,88.18,нет,нет,нет,нет,нет,B,2010-03-01,2011-11-01
21898,POTTING SHED ROSE CANDLE,B,Z,BZ,Проверить наличие: продажи значимого товара прекратились,нет,1541.11,997.7,0.0,493,25,6,3,2.684,3.13,1218,32.18,88.2,нет,нет,да,да,нет,B,2009-12-01,2011-04-01
46000M,POLYESTER FILLER PAD 45x45cm,B,Y,BY,Оставить,нет,1540.7,2317.25,40.3,994,131,89,12,0.697,1.55,1219,32.21,88.22,нет,нет,нет,нет,да,B,2009-12-01,2011-11-01
23273,HEART T-LIGHT HOLDER WILLIE WINKIE,B,Z,BZ,Наблюдать: новый товар,нет,1538.6,0.0,110.45,912,101,84,6,1.227,1.69,1220,32.23,88.23,да,нет,нет,нет,нет,не продавался,2011-06-01,2011-11-01
22176,BLUE OWL SOFT TOY,B,Y,BY,Оставить,нет,1536.88,1988.15,0.0,512,115,62,11,0.813,3.0,1221,32.26,88.25,нет,нет,нет,нет,нет,B,2009-12-01,2011-10-01
10133,COLOURING PENCILS BROWN TUBE,B,Z,BZ,Оставить,нет,1535.4,825.16,0.0,2846,195,100,10,1.185,0.54,1222,32.29,88.27,нет,нет,нет,нет,нет,B,2009-12-01,2011-09-01
22799,SWEETHEART WIRE FRUIT BOWL,B,Y,BY,Оставить,нет,1534.58,397.76,88.5,177,84,65,12,0.599,8.67,1223,32.31,88.28,нет,нет,нет,нет,нет,C,2010-10-01,2011-11-01
21913,VINTAGE SEASIDE JIGSAW PUZZLES,B,Y,BY,Оставить,нет,1532.12,2736.65,26.21,390,144,70,12,0.559,3.93,1224,32.34,88.3,нет,нет,нет,нет,нет,A,2009-12-01,2011-11-01
21509,COWBOYS AND INDIANS BIRTHDAY CARD,B,X,BX,Оставить,нет,1531.19,2009.9,41.09,3650,262,137,12,0.325,0.42,1225,32.36,88.32,нет,нет,нет,нет,нет,B,2009-12-01,2011-11-01
22154,ANGEL DECORATION 3 BUTTONS,B,Z,BZ,Оставить: сезонный спрос,нет,1524.73,1392.97,111.94,3498,145,81,10,1.352,0.44,1226,32.39,88.33,нет,да,нет,нет,нет,B,2009-12-01,2011-11-01
22313,OFFICE MUG WARMER PINK,B,Z,BZ,Оставить,нет,1520.29,1571.34,44.54,535,59,37,12,1.695,2.84,1227,32.42,88.35,нет,нет,нет,нет,нет,B,2009-12-01,2011-11-01
22085,PAPER CHAIN KIT SKULLS,B,Y,BY,Оставить,нет,1516.8,3815.13,50.19,537,92,61,12,0.663,2.82,1228,32.44,88.36,нет,нет,нет,нет,нет,A,2009-12-01,2011-11-01
20665,RED RETROSPOT PURSE,B,X,BX,Оставить,нет,1511.53,2674.67,34.74,455,152,58,12,0.41,3.32,1229,32.47,88.38,нет,нет,нет,нет,нет,A,2009-12-01,2011-11-01
21528,DAIRY MAID TRADITIONAL TEAPOT,B,X,BX,Оставить: сезонный спрос,нет,1511.53,4122.58,13.29,209,106,59,12,0.437,7.23,1230,32.5,88.4,нет,да,нет,нет,нет,A,2009-12-01,2011-11-01
21200,MULTICOLOUR HONEYCOMB PAPER GARLAND,B,Z,BZ,Оставить,нет,1511.4,534.02,19.74,1113,74,33,12,1.078,1.36,1231,32.52,88.41,нет,нет,нет,да,нет,C,2009-12-01,2011-11-01
22676,FRENCH BLUE METAL DOOR SIGN 1,B,X,BX,Оставить,нет,1508.46,885.34,56.18,1101,192,60,12,0.408,1.37,1232,32.55,88.43,нет,нет,нет,нет,нет,B,2010-08-01,2011-11-01
21069,VINTAGE BILLBOARD TEA MUG,B,Z,BZ,Оставить,нет,1507.46,3146.34,0.0,1248,85,35,9,1.756,1.21,1233,32.58,88.45,нет,нет,нет,нет,нет,A,2009-12-01,2011-08-01
22208,WOOD STAMP SET THANK YOU,B,Y,BY,Оставить,нет,1505.21,1445.66,56.32,1441,262,139,12,0.85,1.04,1234,32.6,88.46,нет,нет,нет,нет,нет,B,2009-12-01,2011-11-01
22948,METAL DECORATION NAUGHTY CHILDREN,B,X,BX,Оставить,нет,1504.96,561.4,93.23,1510,129,66,12,0.492,1.0,1235,32.63,88.48,нет,нет,нет,нет,нет,C,2010-09-01,2011-11-01
22494,EMERGENCY FIRST AID TIN,B,X,BX,Оставить,нет,1502.75,2156.15,32.02,1044,232,76,12,0.459,1.44,1236,32.66,88.49,нет,нет,нет,нет,нет,B,2010-01-01,2011-11-01
23391,I LOVE LONDON MINI BACKPACK,B,Z,BZ,Наблюдать: новый товар,нет,1499.57,0.0,128.6,363,79,55,3,1.874,4.13,1237,32.68,88.51,да,нет,нет,нет,нет,не продавался,2011-09-01,2011-11-01
23366,SET 12 COLOURING PENCILS DOILY,B,Z,BZ,Наблюдать: новый товар,нет,1498.5,0.0,169.45,2016,175,110,3,2.093,0.74,1238,32.71,88.53,да,нет,нет,нет,нет,не продавался,2011-09-01,2011-11-01
84971S,SMALL HEART FLOWERS HOOK,B,X,BX,Оставить: сезонный спрос,нет,1497.24,3962.82,43.21,1674,165,68,12,0.324,0.89,1239,32.73,88.54,нет,да,нет,нет,да,A,2009-12-01,2011-11-01
84279P,CHERRY BLOSSOM  DECORATIVE FLASK,B,X,BX,Оставить,нет,1496.63,2862.21,31.58,361,121,76,12,0.459,4.15,1240,32.76,88.56,нет,нет,нет,нет,да,A,2009-12-01,2011-11-01
23226,FILIGREE HEART DAISY WHITE,B,Z,BZ,Оставить,нет,1494.17,0.0,42.5,1165,94,52,7,1.144,1.28,1241,32.79,88.57,нет,нет,нет,нет,нет,не продавался,2011-05-01,2011-11-01
85034B,3 WHITE CHOC MORRIS BOXED CANDLES,B,Z,BZ,Оставить,нет,1494.04,977.86,143.03,871,107,72,9,1.807,1.72,1242,32.81,88.59,нет,нет,нет,нет,да,B,2009-12-01,2011-11-01
21792,CLASSIC FRENCH STYLE BASKET GREEN,B,Z,BZ,Оставить,нет,1493.77,1013.41,0.0,343,75,58,9,1.655,4.36,1243,32.84,88.61,нет,нет,нет,нет,нет,B,2010-01-01,2011-08-01
22318,FIVE HEART HANGING DECORATION,B,X,BX,Оставить,нет,1491.58,3424.66,11.69,446,136,63,12,0.423,3.34,1244,32.87,88.62,нет,нет,нет,нет,нет,A,2009-12-01,2011-11-01
22434,BALLOON PUMP WITH 10 BALLOONS,B,Y,BY,Оставить,нет,1490.23,3163.08,48.98,753,114,87,12,0.63,1.98,1245,32.89,88.64,нет,нет,нет,нет,нет,A,2010-04-01,2011-11-01
84828,JUNGLE POPSICLES ICE LOLLY HOLDERS,B,Y,BY,Оставить: сезонный спрос,нет,1487.89,1763.82,18.47,1067,177,81,12,0.927,1.39,1246,32.92,88.65,нет,да,нет,нет,нет,B,2009-12-01,2011-11-01
22076,6 RIBBONS EMPIRE,B,Y,BY,Оставить,нет,1482.41,1822.31,185.47,906,199,81,12,0.608,1.64,1247,32.95,88.67,нет,нет,нет,нет,нет,B,2009-12-01,2011-11-01
21361,LOVE LARGE WOOD LETTERS,B,Z,BZ,Оставить,нет,1480.46,5702.78,0.0,104,68,41,8,1.249,14.24,1248,32.97,88.69,нет,нет,нет,нет,нет,A,2010-02-01,2011-07-01
22985,"WRAP, BILLBOARD FONTS DESIGN",B,Z,BZ,Оставить,нет,1479.44,394.8,21.0,3732,97,75,12,1.036,0.4,1249,33.0,88.7,нет,нет,нет,нет,нет,C,2010-09-01,2011-11-01
85049C,ROMANTIC PINKS RIBBONS,B,X,BX,Оставить,нет,1476.98,2200.6,26.17,1185,217,159,12,0.436,1.25,1250,33.03,88.72,нет,нет,нет,нет,да,B,2009-12-01,2011-11-01
21447,12 IVORY ROSE PEG PLACE SETTINGS,B,Y,BY,Оставить,нет,1476.85,2363.28,0.0,968,147,56,10,0.724,1.53,1251,33.05,88.73,нет,нет,нет,нет,нет,B,2009-12-01,2011-09-01
20985,HEART CALCULATOR,B,Y,BY,Оставить,нет,1475.91,1475.25,48.43,1135,120,62,12,0.94,1.3,1252,33.08,88.75,нет,нет,нет,нет,нет,B,2009-12-01,2011-11-01
22530,MAGIC DRAWING SLATE DOLLY GIRL,B,Y,BY,Оставить,нет,1474.46,2730.55,31.92,3528,226,138,12,0.709,0.42,1253,33.1,88.76,нет,нет,нет,нет,нет,A,2010-03-01,2011-11-01
22731,3D CHRISTMAS STAMPS STICKERS,B,Z,BZ,Оставить: сезонный спрос,нет,1471.71,2404.38,64.53,1130,131,79,7,1.399,1.3,1254,33.13,88.78,нет,да,нет,нет,нет,A,2010-09-01,2011-11-01
21352,EUCALYPTUS & PINECONE  WREATH,B,Z,BZ,Оставить: сезонный спрос,нет,1470.76,1599.02,0.0,372,76,34,10,1.443,3.95,1255,33.16,88.8,нет,да,нет,нет,нет,B,2009-12-01,2011-11-01
22285,"DECORATION HEN ON NEST, HANGING",B,Y,BY,Оставить,нет,1470.16,2734.96,23.09,857,118,74,12,0.995,1.72,1256,33.18,88.81,нет,нет,нет,нет,нет,A,2009-12-01,2011-11-01
37342,POLKADOT COFFEE CUP & SAUCER PINK,B,Y,BY,Оставить,нет,1468.61,242.39,0.0,1546,108,49,10,0.928,0.95,1257,33.21,88.83,нет,нет,нет,нет,нет,C,2009-12-01,2011-09-01
23528,WALL ART SPACEBOY,B,Z,BZ,Наблюдать: новый товар,нет,1463.4,0.0,41.09,472,46,30,2,2.497,3.1,1258,33.24,88.84,да,нет,нет,да,нет,не продавался,2011-10-01,2011-11-01
23280,FOLDING BUTTERFLY MIRROR HOT PINK,B,Z,BZ,Оставить,нет,1454.72,0.0,159.44,1828,144,84,7,1.137,0.8,1259,33.26,88.86,нет,нет,нет,нет,нет,не продавался,2011-05-01,2011-11-01
22475,SKULL DESIGN TV DINNER TRAY,B,Y,BY,Оставить,нет,1453.75,2236.28,137.07,264,122,40,12,0.941,5.51,1260,33.29,88.87,нет,нет,нет,нет,нет,B,2010-03-01,2011-11-01
22982,PANTRY PASTRY BRUSH,B,Z,BZ,Оставить,нет,1453.12,0.0,60.65,1096,200,116,9,1.007,1.33,1261,33.32,88.89,нет,нет,нет,нет,нет,не продавался,2011-03-01,2011-11-01
37495,FAIRY CAKE BIRTHDAY CANDLE SET,B,X,BX,Оставить,нет,1442.24,3959.16,15.0,392,82,65,12,0.49,3.68,1262,33.34,88.9,нет,нет,нет,нет,нет,A,2009-12-01,2011-11-01
84884A,ANT WHITE WIRE HEART SPIRAL,B,Y,BY,Оставить,нет,1442.1,5139.54,77.53,322,98,51,12,0.705,4.48,1263,33.37,88.92,нет,нет,нет,нет,нет,A,2009-12-01,2011-11-01
22474,SPACEBOY TV DINNER TRAY,B,Y,BY,Оставить,нет,1440.58,2974.26,195.69,236,116,61,12,0.82,6.1,1264,33.39,88.94,нет,нет,нет,нет,нет,A,2010-03-01,2011-11-01
22675,FRENCH KITCHEN SIGN BLUE METAL,B,Y,BY,Оставить,нет,1440.4,1199.79,84.76,1154,152,89,12,0.797,1.25,1265,33.42,88.95,нет,нет,нет,нет,нет,B,2010-08-01,2011-11-01
21829,DINOSAUR KEYRINGS ASSORTED,B,X,BX,Оставить,нет,1438.06,1743.64,0.0,6657,176,103,11,0.495,0.22,1266,33.45,88.97,нет,нет,нет,нет,нет,B,2009-12-01,2011-10-01
23369,SET 36 COLOUR PENCILS LOVE LONDON,B,Z,BZ,Наблюдать: новый товар,нет,1435.33,0.0,145.73,1001,110,74,3,1.875,1.43,1267,33.47,88.98,да,нет,нет,нет,нет,не продавался,2011-09-01,2011-11-01
22591,CARDHOLDER GINGHAM CHRISTMAS TREE,B,Z,BZ,Оставить,нет,1433.23,2186.64,72.93,401,79,52,7,1.634,3.57,1268,33.5,89.0,нет,нет,нет,нет,нет,B,2010-07-01,2011-11-01
22119,PEACE WOODEN BLOCK LETTERS,B,Y,BY,Оставить: сезонный спрос,нет,1431.64,3774.25,275.43,206,85,68,12,0.67,6.95,1269,33.53,89.01,нет,да,нет,нет,нет,A,2009-12-01,2011-11-01
22509,SEWING BOX RETROSPOT DESIGN,B,Y,BY,Оставить,нет,1429.94,2912.12,438.45,81,52,43,12,0.716,17.65,1270,33.55,89.03,нет,нет,нет,нет,нет,A,2010-03-01,2011-11-01
21470,FLOWER VINE RAFFIA FOOD COVER,B,X,BX,Оставить,нет,1429.15,2709.36,41.17,372,136,75,12,0.497,3.84,1271,33.58,89.04,нет,нет,нет,нет,нет,A,2009-12-01,2011-11-01
22398,MAGNETS PACK OF 4 SWALLOWS,B,Y,BY,Оставить,нет,1428.44,2068.36,63.18,2335,232,159,12,0.756,0.61,1272,33.61,89.06,нет,нет,нет,нет,нет,B,2010-03-01,2011-11-01
22818,CARD CHRISTMAS VILLAGE,B,Z,BZ,Оставить: сезонный спрос,нет,1428.18,1150.3,81.9,3342,224,143,10,1.463,0.43,1273,33.63,89.07,нет,да,нет,нет,нет,B,2010-09-01,2011-11-01
22461,SAVOY ART DECO CLOCK,B,Z,BZ,Оставить,нет,1428.08,1922.78,0.0,237,51,34,8,1.527,6.03,1274,33.66,89.09,нет,нет,нет,нет,нет,B,2010-03-01,2011-08-01
85054,FRENCH ENAMEL POT W LID,B,Z,BZ,Оставить,нет,1427.68,1058.49,0.0,586,114,66,12,1.079,2.44,1275,33.69,89.1,нет,нет,нет,нет,нет,B,2009-12-01,2011-11-01
22095,LADS ONLY TISSUE BOX,B,Z,BZ,Оставить,нет,1427.37,1463.91,178.59,1487,134,70,12,1.163,0.96,1276,33.71,89.12,нет,нет,нет,да,нет,B,2009-12-01,2011-11-01
22770,MIRROR CORNICE,B,X,BX,Оставить,нет,1425.98,283.94,29.9,88,56,40,12,0.345,16.2,1277,33.74,89.13,нет,нет,нет,нет,нет,C,2010-10-01,2011-11-01
21327,SKULLS WRITING SET,B,Y,BY,Оставить: сезонный спрос,нет,1425.69,1894.38,58.44,835,240,98,12,0.637,1.71,1278,33.76,89.15,нет,да,нет,нет,нет,B,2009-12-01,2011-11-01
15044A,PINK PAPER PARASOL,B,Y,BY,Оставить,нет,1424.49,11771.83,14.53,455,99,52,12,0.684,3.13,1279,33.79,89.16,нет,нет,нет,нет,да,A,2009-12-01,2011-11-01
22458,CAST IRON HOOK GARDEN FORK,B,Z,BZ,Проверить наличие: продажи значимого товара прекратились,нет,1421.83,2368.64,0.0,523,23,12,5,2.169,2.72,1280,33.82,89.18,нет,нет,да,да,нет,B,2010-03-01,2011-04-01
22696,WICKER WREATH LARGE,B,Y,BY,Оставить: сезонный спрос,нет,1419.4,1338.28,33.15,712,142,101,12,0.936,1.99,1281,33.84,89.2,нет,да,нет,нет,нет,B,2010-07-01,2011-11-01
15058C,ICE CREAM DESIGN GARDEN PARASOL,B,Z,BZ,Оставить: сезонный спрос,нет,1419.03,1323.9,10.79,239,71,26,10,1.441,5.94,1282,33.87,89.21,нет,да,нет,нет,да,B,2010-01-01,2011-11-01
23334,IVORY WICKER HEART SMALL,B,Z,BZ,Наблюдать: новый товар,нет,1416.99,0.0,74.76,2173,115,78,4,1.512,0.65,1283,33.9,89.23,да,нет,нет,нет,нет,не продавался,2011-08-01,2011-11-01
23217,LAUREL HEART ANTIQUE SILVER,B,Z,BZ,Наблюдать: новый товар,нет,1416.96,0.0,196.86,1137,90,61,6,1.442,1.25,1284,33.92,89.24,да,нет,нет,нет,нет,не продавался,2011-06-01,2011-11-01
22220,CAKE STAND LOVEBIRD 2 TIER WHITE,B,Y,BY,Оставить,нет,1416.9,4837.19,250.75,126,64,45,11,0.68,11.25,1285,33.95,89.26,нет,нет,нет,нет,нет,A,2009-12-01,2011-11-01
21407,BROWN CHECK CAT DOORSTOP,B,Y,BY,Оставить,нет,1416.86,4457.97,0.0,289,137,79,12,0.567,4.9,1286,33.98,89.27,нет,нет,нет,нет,нет,A,2009-12-01,2011-11-01
84580,MOUSE TOY WITH PINK T-SHIRT,B,Y,BY,Оставить: сезонный спрос,нет,1416.78,2554.51,65.65,372,157,88,12,0.549,3.81,1287,34.0,89.29,нет,да,нет,нет,нет,A,2009-12-01,2011-11-01
23034,DRAWER KNOB CERAMIC BLACK,B,Z,BZ,Наблюдать: новый товар,нет,1416.66,0.0,23.31,962,84,54,6,1.166,1.47,1288,34.03,89.3,да,нет,нет,нет,нет,не продавался,2011-06-01,2011-11-01
23365,SET 12 COLOUR PENCILS LOVE LONDON,B,Z,BZ,Наблюдать: новый товар,нет,1416.58,0.0,46.5,1791,154,101,3,1.922,0.79,1289,34.06,89.32,да,нет,нет,нет,нет,не продавался,2011-09-01,2011-11-01
35953,FOLKART STAR CHRISTMAS DECORATIONS,B,Z,BZ,Оставить: сезонный спрос,нет,1415.49,373.55,188.18,3167,112,72,7,2.114,0.45,1290,34.08,89.33,нет,да,нет,нет,нет,C,2009-12-01,2011-11-01
22713,CARD I LOVE LONDON,B,Y,BY,Оставить,нет,1414.71,1173.72,22.65,3390,210,105,12,0.56,0.42,1291,34.11,89.35,нет,нет,нет,нет,нет,B,2010-05-01,2011-11-01
23271,CHRISTMAS TABLE SILVER CANDLE SPIKE,B,Z,BZ,Наблюдать: новый товар,нет,1411.17,0.0,85.72,1647,96,64,6,1.588,0.86,1292,34.13,89.36,да,нет,нет,нет,нет,не продавался,2011-06-01,2011-11-01
85114C,RED ENCHANTED FOREST PLACEMAT,B,Y,BY,Оставить: сезонный спрос,нет,1405.46,1420.82,49.42,656,102,34,12,0.784,2.14,1293,34.16,89.38,нет,да,нет,нет,да,B,2009-12-01,2011-11-01
22600,CHRISTMAS RETROSPOT STAR WOOD,B,Z,BZ,Оставить: сезонный спрос,нет,1401.05,2646.27,142.18,1550,171,111,9,1.313,0.9,1294,34.19,89.39,нет,да,нет,нет,нет,A,2010-07-01,2011-11-01
21424,WOODLAND STORAGE BOX LARGE,B,Y,BY,Оставить,нет,1401.02,1338.22,0.0,346,70,19,11,0.787,4.05,1295,34.21,89.41,нет,нет,нет,нет,нет,B,2009-12-01,2011-10-01
21111,"SWISS ROLL TOWEL, CHOCOLATE  SPOTS",B,Z,BZ,Оставить,нет,1399.32,1518.44,251.7,700,83,35,11,1.407,2.0,1296,34.24,89.42,нет,нет,нет,нет,нет,B,2009-12-01,2011-11-01
84818,DANISH ROSE PHOTO FRAME,B,Z,BZ,Оставить,нет,1397.82,890.84,0.0,1370,95,75,11,1.015,1.02,1297,34.27,89.44,нет,нет,нет,нет,нет,B,2009-12-01,2011-10-01
22949,36 DOILIES DOLLY GIRL,B,Y,BY,Оставить,нет,1397.23,1440.64,2.92,943,103,80,12,0.748,1.48,1298,34.29,89.45,нет,нет,нет,нет,нет,B,2010-09-01,2011-11-01
21872,GLAMOROUS  MUG,B,Z,BZ,Оставить,нет,1391.69,3686.32,63.29,1243,133,78,12,1.225,1.12,1299,34.32,89.47,нет,нет,нет,нет,нет,A,2009-12-01,2011-11-01
23267,SET OF 4 SANTA PLACE SETTINGS,B,Z,BZ,Наблюдать: новый товар,нет,1389.93,0.0,82.02,1100,98,76,6,1.452,1.26,1300,34.35,89.48,да,нет,нет,нет,нет,не продавался,2011-06-01,2011-11-01
23524,WALL ART HORSE & PONY,B,Z,BZ,Наблюдать: новый товар,нет,1389.12,0.0,146.01,442,50,37,2,2.291,3.14,1301,34.37,89.5,да,нет,нет,нет,нет,не продавался,2011-10-01,2011-11-01
22531,MAGIC DRAWING SLATE CIRCUS PARADE,B,Y,BY,Оставить,нет,1385.53,2095.35,26.88,3318,196,124,12,0.583,0.42,1302,34.4,89.51,нет,нет,нет,нет,нет,B,2010-03-01,2011-11-01
23086,ZINC  STAR T-LIGHT HOLDER,B,Z,BZ,Оставить,нет,1384.05,0.0,47.38,1174,43,28,7,1.255,1.18,1303,34.43,89.53,нет,нет,нет,нет,нет,не продавался,2011-05-01,2011-11-01
84031B,CHARLIE LOLA BLUE HOT WATER BOTTLE,B,Y,BY,Оставить: сезонный спрос,нет,1383.93,1827.31,68.42,270,132,24,12,0.938,5.13,1304,34.45,89.54,нет,да,нет,нет,да,B,2009-12-01,2011-11-01
22443,GROW YOUR OWN HERBS SET OF 3,B,Y,BY,Оставить,нет,1375.84,3977.84,0.0,162,88,59,9,0.909,8.49,1305,34.48,89.56,нет,нет,нет,нет,нет,A,2010-03-01,2011-08-01
21382,SET/4 SPRING FLOWER DECORATION,B,Y,BY,Оставить,нет,1374.28,289.13,2.25,1140,127,63,12,0.899,1.21,1306,34.5,89.57,нет,нет,нет,нет,нет,C,2010-05-01,2011-11-01
21071,VINTAGE BILLBOARD DRINK ME MUG,B,Y,BY,Оставить,нет,1373.92,3611.68,0.0,985,176,72,11,0.813,1.39,1307,34.53,89.58,нет,нет,нет,нет,нет,A,2009-12-01,2011-10-01
23250,VINTAGE RED TRIM ENAMEL BOWL,B,Z,BZ,Наблюдать: новый товар,нет,1373.53,0.0,65.0,1053,100,59,6,1.109,1.3,1308,34.56,89.6,да,нет,нет,нет,нет,не продавался,2011-06-01,2011-11-01
23483,HANGING  BUTTERFLY T-LIGHT HOLDER,B,Z,BZ,Наблюдать: новый товар,нет,1373.31,0.0,263.05,1105,64,50,2,2.247,1.24,1309,34.58,89.61,да,нет,нет,нет,нет,не продавался,2011-10-01,2011-11-01
22714,CARD BIRTHDAY COWBOY,B,Y,BY,Оставить,нет,1367.22,706.18,17.55,3370,217,123,12,0.539,0.41,1310,34.61,89.63,нет,нет,нет,нет,нет,B,2010-05-01,2011-11-01
23470,CARD HOLDER LOVE BIRD LARGE,B,Z,BZ,Наблюдать: новый товар,нет,1366.79,0.0,56.21,218,77,64,2,2.349,6.27,1311,34.64,89.64,да,нет,нет,нет,нет,не продавался,2011-10-01,2011-11-01
21619,4 VANILLA BOTANICAL CANDLES,B,Z,BZ,Оставить,нет,1365.41,592.62,110.99,905,147,93,12,1.879,1.51,1312,34.66,89.66,нет,нет,нет,нет,нет,C,2009-12-01,2011-11-01
22471,TV DINNER TRAY AIR HOSTESS,B,Z,BZ,Оставить,нет,1364.94,1066.74,137.08,367,97,49,10,1.367,3.72,1313,34.69,89.67,нет,нет,нет,нет,нет,B,2010-03-01,2011-11-01
51014C,"FEATHER PEN,COAL BLACK",B,Y,BY,Оставить,нет,1364.35,1293.92,36.68,2599,164,66,12,0.983,0.52,1314,34.72,89.69,нет,нет,нет,нет,да,B,2009-12-01,2011-11-01
21507,"ELEPHANT, BIRTHDAY CARD,",B,X,BX,Оставить,нет,1363.2,2035.17,46.96,3192,248,133,12,0.339,0.43,1315,34.74,89.7,нет,нет,нет,нет,нет,B,2009-12-01,2011-11-01
23249,VINTAGE RED ENAMEL TRIM PLATE,B,Z,BZ,Наблюдать: новый товар,нет,1358.45,0.0,16.5,801,75,52,6,1.152,1.7,1316,34.77,89.72,да,нет,нет,нет,нет,не продавался,2011-06-01,2011-11-01
21519,GIN & TONIC DIET GREETING CARD,B,X,BX,Оставить,нет,1358.15,1760.71,15.95,3226,239,98,12,0.256,0.42,1317,34.8,89.73,нет,нет,нет,нет,нет,B,2009-12-01,2011-11-01
21564,PINK  HEART SHAPE LOVE BUCKET,B,Y,BY,Оставить,нет,1357.04,2689.93,471.63,444,111,54,12,0.81,3.06,1318,34.82,89.75,нет,нет,нет,нет,нет,A,2009-12-01,2011-11-01
23119,PACK OF 6 LARGE FRUIT STRAWS,B,Z,BZ,Наблюдать: новый товар,нет,1356.97,0.0,22.41,2219,140,93,6,1.419,0.61,1319,34.85,89.76,да,нет,нет,нет,нет,не продавался,2011-06-01,2011-11-01
84536A,ENGLISH ROSE NOTEBOOK A7 SIZE,B,X,BX,Оставить,нет,1356.82,888.74,50.7,3011,330,138,12,0.498,0.45,1320,34.87,89.77,нет,нет,нет,нет,да,B,2009-12-01,2011-11-01
22436,12 COLOURED PARTY BALLOONS,B,X,BX,Оставить,нет,1356.31,1284.64,29.2,2070,157,102,12,0.454,0.66,1321,34.9,89.79,нет,нет,нет,нет,нет,B,2010-04-01,2011-11-01
22203,MILK PAN RED RETROSPOT,B,X,BX,Оставить,нет,1353.33,3975.13,126.05,326,130,66,12,0.342,4.15,1322,34.93,89.8,нет,нет,нет,нет,нет,A,2009-12-01,2011-11-01
23462,ROCOCO WALL MIRROR WHITE,B,Z,BZ,Наблюдать: новый товар,нет,1347.69,0.0,39.9,67,36,33,2,2.272,20.11,1323,34.95,89.82,да,нет,нет,нет,нет,не продавался,2011-10-01,2011-11-01
23527,WALL ART ANIMALS AND NATURE,B,Z,BZ,Наблюдать: новый товар,нет,1346.06,0.0,60.0,398,41,35,2,2.448,3.38,1324,34.98,89.83,да,нет,нет,нет,нет,не продавался,2011-10-01,2011-11-01
22664,TOY TIDY DOLLY GIRL DESIGN,B,X,BX,Оставить,нет,1344.66,1481.34,107.19,580,152,57,12,0.394,2.32,1325,35.01,89.85,нет,нет,нет,нет,нет,B,2010-07-01,2011-11-01
21363,HOME SMALL WOOD LETTERS,B,Y,BY,Оставить,нет,1344.54,3892.54,0.0,231,122,65,10,0.937,5.82,1326,35.03,89.86,нет,нет,нет,нет,нет,A,2010-01-01,2011-09-01
22912,YELLOW COAT RACK PARIS FASHION,B,Y,BY,Оставить,нет,1342.39,128.7,0.0,287,100,74,12,0.834,4.68,1327,35.06,89.87,нет,нет,нет,нет,нет,C,2010-11-01,2011-11-01
22047,EMPIRE GIFT WRAP,B,X,BX,Оставить,нет,1342.0,1899.0,21.0,3300,103,91,12,0.467,0.41,1328,35.09,89.89,нет,нет,нет,нет,нет,B,2009-12-01,2011-11-01
21191,LARGE WHITE HONEYCOMB PAPER BELL,B,Z,BZ,Оставить,нет,1339.12,1956.79,112.7,518,88,36,12,1.1,2.59,1329,35.11,89.9,нет,нет,нет,нет,нет,B,2009-12-01,2011-11-01
22976,CIRCUS PARADE CHILDRENS EGG CUP,B,Y,BY,Оставить,нет,1339.05,61.25,34.96,1027,137,75,12,0.557,1.3,1330,35.14,89.92,нет,нет,нет,нет,нет,C,2010-11-01,2011-11-01
23414,ZINC BOX SIGN HOME,B,Z,BZ,Наблюдать: новый товар,нет,1338.95,0.0,0.0,137,63,57,3,1.753,9.77,1331,35.17,89.93,да,нет,нет,нет,нет,не продавался,2011-09-01,2011-11-01
22677,FRENCH BLUE METAL DOOR SIGN 2,B,X,BX,Оставить,нет,1337.77,752.71,37.55,959,183,57,12,0.414,1.39,1332,35.19,89.95,нет,нет,нет,нет,нет,B,2010-08-01,2011-11-01
21246,RED RETROSPOT BIG BOWL,B,Y,BY,Оставить,нет,1336.78,2319.15,0.0,286,96,33,10,0.829,4.67,1333,35.22,89.96,нет,нет,нет,нет,нет,B,2009-12-01,2011-09-01
22293,HANGING CHICK GREEN DECORATION,B,Y,BY,Оставить,нет,1335.87,1489.53,0.0,903,122,63,12,0.966,1.48,1334,35.24,89.98,нет,нет,нет,нет,нет,B,2009-12-01,2011-11-01
21537,RED RETROSPOT PUDDING BOWL,B,Y,BY,Оставить,нет,1332.71,2921.0,51.0,319,58,48,12,0.819,4.18,1335,35.27,89.99,нет,нет,нет,нет,нет,A,2009-12-01,2011-11-01
22905,CALENDAR IN SEASON DESIGN,B,Z,BZ,Оставить: сезонный спрос,нет,1332.64,1454.88,169.65,484,96,47,12,1.097,2.75,1336,35.3,90.0,нет,да,нет,нет,нет,B,2010-09-01,2011-11-01
22306,SILVER MUG BONE CHINA TREE OF LIFE,B,Z,BZ,Оставить: сезонный спрос,нет,1326.73,900.35,65.72,1088,105,82,7,1.575,1.22,1337,35.32,90.02,нет,да,нет,нет,нет,B,2009-12-01,2011-11-01
21987,PACK OF 6 SKULL PAPER CUPS,B,Y,BY,Оставить,нет,1326.49,2454.21,12.36,2085,167,105,12,0.669,0.64,1338,35.35,90.03,нет,нет,нет,нет,нет,A,2009-12-01,2011-11-01
20668,DISCO BALL CHRISTMAS DECORATION,B,Z,BZ,Оставить: сезонный спрос,нет,1326.08,953.36,175.2,11408,195,104,12,1.32,0.12,1339,35.38,90.05,нет,да,нет,нет,нет,B,2009-12-01,2011-11-01
22609,PENS ASSORTED SPACEBALL,B,Y,BY,Оставить,нет,1326.07,954.64,35.19,5721,148,85,11,0.716,0.23,1340,35.4,90.06,нет,нет,нет,нет,нет,B,2010-02-01,2011-11-01
22472,TV DINNER TRAY DOLLY GIRL,B,Y,BY,Оставить,нет,1325.46,3618.46,196.6,247,90,50,12,0.869,5.37,1341,35.43,90.07,нет,нет,нет,нет,нет,A,2010-03-01,2011-11-01
23392,SPACEBOY ROCKET LOLLY MAKERS,B,Z,BZ,Наблюдать: новый товар,нет,1323.85,0.0,101.26,611,100,64,3,1.741,2.17,1342,35.46,90.09,да,нет,нет,нет,нет,не продавался,2011-09-01,2011-11-01
22182,CAKE STAND VICTORIAN FILIGREE SMALL,B,Z,BZ,Оставить,нет,1320.58,735.87,100.0,292,117,26,12,1.191,4.52,1343,35.48,90.1,нет,нет,нет,нет,нет,B,2009-12-01,2011-11-01
21039,RED SPOTTY SHOPPING BAG,B,Y,BY,Оставить,нет,1320.54,2069.96,2.55,510,87,56,12,0.857,2.59,1344,35.51,90.12,нет,нет,нет,нет,нет,B,2009-12-01,2011-11-01
23104,IVORY CAFE HANGING LAMP,B,Z,BZ,Оставить,нет,1317.92,0.0,87.5,111,40,33,7,1.48,11.87,1345,35.54,90.13,нет,нет,нет,нет,нет,не продавался,2011-05-01,2011-11-01
22716,CARD CIRCUS PARADE,B,X,BX,Оставить,нет,1316.5,845.46,44.41,3106,276,163,12,0.263,0.42,1346,35.56,90.15,нет,нет,нет,нет,нет,B,2010-06-01,2011-11-01
72802A,ROSE SCENT CANDLE IN JEWELLED BOX,B,Y,BY,Оставить: сезонный спрос,нет,1315.11,2451.43,68.58,311,63,43,12,0.818,4.23,1347,35.59,90.16,нет,да,нет,нет,да,A,2009-12-01,2011-11-01
22911,PAPER CHAIN KIT LONDON,B,Y,BY,Оставить,нет,1313.84,1078.56,26.55,448,91,66,11,0.745,2.93,1348,35.61,90.17,нет,нет,нет,нет,нет,B,2010-09-01,2011-11-01
21179,NO JUNK MAIL METAL SIGN,B,Z,BZ,Оставить,нет,1313.79,2204.11,0.0,1940,266,122,10,1.317,0.68,1349,35.64,90.19,нет,нет,нет,нет,нет,B,2009-12-01,2011-09-01
21686,MEDINA STAMPED METAL STOOL,B,Z,BZ,Оставить,нет,1311.69,858.85,0.0,34,19,6,9,1.115,38.58,1350,35.67,90.2,нет,нет,нет,нет,нет,B,2009-12-01,2011-10-01
22362,GLASS JAR PEACOCK BATH SALTS,B,Y,BY,Оставить,нет,1309.01,1051.59,20.43,403,129,60,12,0.905,3.25,1351,35.69,90.22,нет,нет,нет,нет,нет,B,2010-03-01,2011-11-01
23538,WALL ART VINTAGE HEART,B,Z,BZ,Наблюдать: новый товар,нет,1308.85,0.0,20.69,328,30,24,2,3.072,3.99,1352,35.72,90.23,да,нет,нет,да,нет,не продавался,2011-10-01,2011-11-01
21195,PINK  HONEYCOMB PAPER BALL,B,Z,BZ,Проверить наличие: продажи значимого товара прекратились,нет,1308.56,814.1,0.0,693,80,21,6,1.594,1.89,1353,35.75,90.24,нет,нет,да,нет,нет,B,2009-12-01,2011-05-01
21439,BASKET OF TOADSTOOLS,B,Y,BY,Оставить: сезонный спрос,нет,1308.46,1070.39,26.21,1002,124,47,12,0.779,1.31,1354,35.77,90.26,нет,да,нет,нет,нет,B,2009-12-01,2011-11-01
23000,TRAVEL CARD WALLET TRANSPORT,B,Y,BY,Оставить,нет,1308.4,0.0,49.8,3044,264,123,10,0.542,0.43,1355,35.8,90.27,нет,нет,нет,нет,нет,не продавался,2011-02-01,2011-11-01
85183B,CHARLIE & LOLA WASTEPAPER BIN FLORA,B,X,BX,Оставить,нет,1308.37,1408.39,15.0,984,117,84,12,0.439,1.33,1356,35.83,90.29,нет,нет,нет,нет,да,B,2009-12-01,2011-11-01
84813,SET OF 4 DIAMOND NAPKIN RINGS,B,Z,BZ,Оставить,нет,1308.24,1906.97,85.55,137,34,17,9,1.194,9.55,1357,35.85,90.3,нет,нет,нет,нет,нет,B,2009-12-01,2011-11-01
22802,FAUX FUR CHOCOLATE THROW,B,Y,BY,Оставить,нет,1303.74,458.85,171.0,67,43,25,11,0.985,19.46,1358,35.88,90.31,нет,нет,нет,нет,нет,C,2010-10-01,2011-11-01
82567,"AIRLINE LOUNGE,METAL SIGN",B,X,BX,Оставить,нет,1302.22,1090.91,105.85,655,275,81,12,0.335,1.99,1359,35.9,90.33,нет,нет,нет,нет,нет,B,2009-12-01,2011-11-01
21627,ELEPHANT CARNIVAL POUFFE,B,X,BX,Оставить,нет,1299.83,2466.52,0.0,63,47,14,11,0.486,20.63,1360,35.93,90.34,нет,нет,нет,нет,нет,A,2009-12-01,2011-10-01
22735,RIBBON REEL SOCKS AND MITTENS,B,Z,BZ,Оставить: сезонный спрос,нет,1299.8,1162.17,79.41,723,128,73,7,1.316,1.8,1361,35.96,90.35,нет,да,нет,нет,нет,B,2010-09-01,2011-11-01
21123,SET/10 IVORY POLKADOT PARTY CANDLES,B,Y,BY,Оставить,нет,1299.65,1982.22,51.19,1072,142,62,12,0.511,1.21,1362,35.98,90.37,нет,нет,нет,нет,нет,B,2009-12-01,2011-11-01
22421,LIPSTICK PEN FUSCHIA,B,Y,BY,Оставить,нет,1299.51,989.64,47.59,2512,203,79,12,0.765,0.52,1363,36.01,90.38,нет,нет,нет,нет,нет,B,2010-05-01,2011-11-01
23061,VINTAGE EMBOSSED HEART,B,Y,BY,Оставить,нет,1297.76,0.0,34.92,989,112,74,8,0.869,1.31,1364,36.04,90.4,нет,нет,нет,нет,нет,не продавался,2011-04-01,2011-11-01
21422,PORCELAIN ROSE SMALL,B,Z,BZ,Оставить,нет,1295.0,1324.17,0.0,1607,63,32,12,1.096,0.81,1365,36.06,90.41,нет,нет,нет,нет,нет,B,2009-12-01,2011-11-01
22073,RED RETROSPOT STORAGE JAR,B,Z,BZ,Проверить наличие: продажи значимого товара прекратились,нет,1294.89,7099.25,0.0,323,67,37,6,1.355,4.01,1366,36.09,90.42,нет,нет,да,нет,нет,A,2009-12-01,2011-05-01
22399,MAGNETS PACK OF 4 CHILDHOOD MEMORY,B,Y,BY,Оставить,нет,1294.58,3387.52,30.0,1110,94,68,12,0.88,1.17,1367,36.12,90.44,нет,нет,нет,нет,нет,A,2010-03-01,2011-11-01
85227,SET OF 6 3D KIT CARDS FOR KIDS,B,X,BX,Оставить,нет,1293.16,1706.64,66.24,1411,206,106,12,0.48,0.92,1368,36.14,90.45,нет,нет,нет,нет,нет,B,2009-12-01,2011-11-01
21615,4 LAVENDER BOTANICAL DINNER CANDLES,B,Z,BZ,Оставить,нет,1292.52,960.75,55.4,867,125,84,12,1.8,1.49,1369,36.17,90.47,нет,нет,нет,нет,нет,B,2009-12-01,2011-11-01
23546,WRAP PAISLEY PARK,B,Z,BZ,Наблюдать: новый товар,нет,1291.5,0.0,73.5,3075,114,101,5,1.233,0.42,1370,36.2,90.48,да,нет,нет,нет,нет,не продавался,2011-07-01,2011-11-01
22917,HERB MARKER ROSEMARY,B,Y,BY,Оставить,нет,1290.79,46.43,41.63,1870,227,130,12,0.59,0.69,1371,36.22,90.49,нет,нет,нет,нет,нет,C,2010-11-01,2011-11-01
21793,CLASSIC FRENCH STYLE BASKET BROWN,B,Y,BY,Оставить,нет,1289.15,330.75,7.46,303,73,57,12,0.818,4.25,1372,36.25,90.51,нет,нет,нет,нет,нет,C,2010-01-01,2011-11-01
23376,PACK OF 12 VINTAGE CHRISTMAS TISSUE,B,Z,BZ,Наблюдать: новый товар,нет,1286.7,0.0,88.85,2812,136,94,3,1.783,0.46,1373,36.27,90.52,да,нет,нет,нет,нет,не продавался,2011-09-01,2011-11-01
23552,BICYCLE PUNCTURE REPAIR KIT,B,Z,BZ,Наблюдать: новый товар,нет,1286.12,0.0,2595.79,623,46,42,1,3.317,2.06,1374,36.3,90.53,да,нет,нет,нет,нет,не продавался,2011-11-01,2011-11-01
21818,GLITTER CHRISTMAS HEART,B,Z,BZ,Оставить: сезонный спрос,нет,1284.89,1229.04,35.52,2653,151,107,11,1.638,0.48,1375,36.33,90.55,нет,да,нет,нет,нет,B,2009-12-01,2011-11-01
22028,PENNY FARTHING BIRTHDAY CARD,B,X,BX,Оставить,нет,1284.87,1360.99,19.27,3001,255,124,12,0.419,0.43,1376,36.35,90.56,нет,нет,нет,нет,нет,B,2009-12-01,2011-11-01
23469,CARD HOLDER LOVE BIRD SMALL,B,Z,BZ,Наблюдать: новый товар,нет,1280.59,0.0,74.65,319,67,59,3,2.342,4.01,1377,36.38,90.58,да,нет,нет,нет,нет,не продавался,2011-09-01,2011-11-01
22915,ASSORTED BOTTLE TOP  MAGNETS,B,Y,BY,Оставить,нет,1278.86,68.1,120.0,2630,165,100,12,0.542,0.49,1378,36.41,90.59,нет,нет,нет,нет,нет,C,2010-11-01,2011-11-01
22166,WALL MIRROR RECTANGLE DIAMANTE PINK,B,Y,BY,Оставить,нет,1275.88,1906.4,330.57,107,82,11,12,0.794,11.92,1379,36.43,90.6,нет,нет,нет,нет,нет,B,2009-12-01,2011-11-01
21211,SET OF 72 SKULL PAPER  DOILIES,B,Y,BY,Оставить,нет,1270.07,2078.17,0.0,883,103,58,12,0.829,1.44,1380,36.46,90.62,нет,нет,нет,нет,нет,B,2009-12-01,2011-11-01
22920,HERB MARKER BASIL,B,Y,BY,Оставить,нет,1269.36,45.85,42.93,1839,227,131,12,0.63,0.69,1381,36.49,90.63,нет,нет,нет,нет,нет,C,2010-11-01,2011-11-01
21897,POTTING SHED CANDLE CITRONELLA,B,Z,BZ,Проверить наличие: продажи значимого товара прекратились,нет,1268.19,1373.17,0.0,405,3,1,3,2.797,3.13,1382,36.51,90.64,нет,нет,да,да,нет,B,2009-12-01,2011-04-01
22576,SWALLOW WOODEN CHRISTMAS DECORATION,B,Z,BZ,Оставить: сезонный спрос,нет,1264.56,1420.62,149.9,1380,157,95,9,1.446,0.92,1383,36.54,90.66,нет,да,нет,нет,нет,B,2010-07-01,2011-11-01
22310,IVORY KNITTED MUG COSY,B,Z,BZ,Оставить: сезонный спрос,нет,1261.65,1797.91,34.58,654,103,28,11,1.267,1.93,1384,36.57,90.67,нет,да,нет,нет,нет,B,2009-12-01,2011-11-01
22916,HERB MARKER THYME,B,Y,BY,Оставить,нет,1260.55,49.17,45.86,1833,227,128,12,0.608,0.69,1385,36.59,90.68,нет,нет,нет,нет,нет,C,2010-11-01,2011-11-01
23559,WOODLAND BUNNIES LOLLY MAKERS,B,Z,BZ,Наблюдать: новый товар,нет,1258.43,0.0,223.98,563,105,64,3,1.815,2.24,1386,36.62,90.7,да,нет,нет,нет,нет,не продавался,2011-09-01,2011-11-01
22304,COFFEE MUG BLUE PAISLEY DESIGN,B,Z,BZ,Оставить,нет,1257.02,3306.08,95.86,718,58,36,11,2.06,1.75,1387,36.64,90.71,нет,нет,нет,нет,нет,A,2009-12-01,2011-11-01
37447,CERAMIC CAKE DESIGN SPOTTED PLATE,B,X,BX,Оставить,нет,1256.35,3194.79,39.05,783,111,49,12,0.476,1.6,1388,36.67,90.72,нет,нет,нет,нет,нет,A,2009-12-01,2011-11-01
85114A,BLACK ENCHANTED FOREST PLACEMAT,B,Y,BY,Оставить,нет,1253.71,1029.63,13.2,690,70,20,12,0.891,1.82,1389,36.7,90.74,нет,нет,нет,нет,да,B,2009-12-01,2011-11-01
22650,CERAMIC PIRATE CHEST MONEY BANK,B,X,BX,Оставить,нет,1252.89,1347.88,67.81,822,134,76,12,0.457,1.52,1390,36.72,90.75,нет,нет,нет,нет,нет,B,2010-05-01,2011-11-01
21866,UNION JACK FLAG LUGGAGE TAG,B,X,BX,Оставить,нет,1251.45,2284.12,40.93,722,184,77,12,0.423,1.73,1391,36.75,90.76,нет,нет,нет,нет,нет,B,2009-12-01,2011-11-01
90057,DIAMANTE RING ASSORTED IN BOX.,B,Z,BZ,Оставить,нет,1251.36,1364.52,60.0,960,20,19,5,1.64,1.3,1392,36.78,90.78,нет,нет,нет,нет,нет,B,2009-12-01,2011-11-01
85059,FRENCH ENAMEL WATER BASIN,B,Z,BZ,Оставить,нет,1250.69,1126.78,22.42,407,125,62,12,1.429,3.07,1393,36.8,90.79,нет,нет,нет,нет,нет,B,2009-12-01,2011-11-01
23040,PAPER LANTERN 9 POINT SNOW STAR,B,Z,BZ,Оставить,нет,1249.89,0.0,144.14,231,34,30,8,1.936,5.41,1394,36.83,90.8,нет,нет,нет,нет,нет,не продавался,2011-04-01,2011-11-01
21624,VINTAGE UNION JACK DOORSTOP,B,Y,BY,Оставить,нет,1248.8,9192.74,70.86,204,90,71,12,0.588,6.12,1395,36.86,90.82,нет,нет,нет,нет,нет,A,2009-12-01,2011-11-01
23373,VINTAGE CHRISTMAS PAPER GIFT BAG,B,Z,BZ,Наблюдать: новый товар,нет,1246.39,0.0,67.0,1550,94,82,4,1.732,0.8,1396,36.88,90.83,да,нет,нет,нет,нет,не продавался,2011-08-01,2011-11-01
21090,SET/6 COLLAGE PAPER PLATES,B,Z,BZ,Оставить,нет,1246.05,454.9,14.1,2351,210,95,12,1.042,0.53,1397,36.91,90.84,нет,нет,нет,нет,нет,C,2009-12-01,2011-11-01
22572,ROCKING HORSE GREEN CHRISTMAS,B,Z,BZ,Оставить: сезонный спрос,нет,1244.67,1842.51,0.0,1380,179,114,9,1.424,0.9,1398,36.94,90.86,нет,да,нет,нет,нет,B,2010-07-01,2011-11-01
22828,REGENCY MIRROR WITH SHUTTERS,B,Z,BZ,Оставить,нет,1240.0,745.0,0.0,8,6,6,5,1.414,155.0,1399,36.96,90.87,нет,нет,нет,нет,нет,B,2010-10-01,2011-11-01
22977,DOLLY GIRL CHILDRENS EGG CUP,B,Y,BY,Оставить,нет,1239.06,61.25,13.55,944,130,97,12,0.767,1.31,1400,36.99,90.88,нет,нет,нет,нет,нет,C,2010-11-01,2011-11-01
35924,HANGING FAIRY CAKE DECORATION,B,Y,BY,Оставить,нет,1236.81,2565.1,4.13,675,71,25,12,0.782,1.83,1401,37.01,90.9,нет,нет,нет,да,нет,A,2009-12-01,2011-11-01
23057,BEADED CHANDELIER T-LIGHT HOLDER,B,Z,BZ,Оставить,нет,1233.47,0.0,0.0,437,41,36,8,1.235,2.82,1402,37.04,90.91,нет,нет,нет,нет,нет,не продавался,2011-04-01,2011-11-01
85132B,CHARLIE AND LOLA TABLE TINS,B,Z,BZ,Оставить,нет,1230.78,1632.59,0.0,538,84,44,7,1.725,2.29,1403,37.07,90.92,нет,нет,нет,нет,да,B,2009-12-01,2011-06-01
47503A,ASS FLORAL PRINT MULTI SCREWDRIVER,B,Y,BY,Оставить,нет,1229.04,151.39,0.0,2698,161,121,12,0.756,0.46,1404,37.09,90.94,нет,нет,нет,нет,да,C,2009-12-01,2011-11-01
21902,"KEY FOB , FRONT  DOOR",B,Y,BY,Оставить,нет,1224.96,2130.06,32.21,1915,201,113,12,0.997,0.64,1405,37.12,90.95,нет,нет,нет,нет,нет,B,2009-12-01,2011-11-01
21901,"KEY FOB , BACK DOOR",B,X,BX,Оставить,нет,1224.86,2736.82,53.03,1763,293,142,12,0.294,0.69,1406,37.15,90.96,нет,нет,нет,нет,нет,A,2009-12-01,2011-11-01
23067,HANGING ENGRAVED METAL HEART,B,Z,BZ,Оставить,нет,1224.21,0.0,12.45,291,75,60,8,1.038,4.21,1407,37.17,90.98,нет,нет,нет,нет,нет,не продавался,2011-04-01,2011-11-01
22918,HERB MARKER PARSLEY,B,Y,BY,Оставить,нет,1221.69,47.51,45.86,1797,226,128,12,0.59,0.68,1408,37.2,90.99,нет,нет,нет,нет,нет,C,2010-11-01,2011-11-01
22372,AIRLINE BAG VINTAGE WORLD CHAMPION,B,Y,BY,Оставить,нет,1217.87,1766.94,67.37,265,138,79,12,0.582,4.6,1409,37.23,91.0,нет,нет,нет,нет,нет,B,2010-02-01,2011-11-01
82599,FANNY'S REST STOPMETAL SIGN,B,Z,BZ,Проверить наличие: продажи значимого товара прекратились,нет,1217.73,4261.71,0.0,508,141,67,6,1.298,2.4,1410,37.25,91.02,нет,нет,да,нет,нет,A,2009-12-01,2011-05-01
22575,METAL MERRY CHRISTMAS WREATH,B,Z,BZ,Оставить: сезонный спрос,нет,1214.27,5345.79,1.95,635,89,60,7,1.316,1.91,1411,37.28,91.03,нет,да,нет,нет,нет,A,2010-07-01,2011-11-01
22315,200 RED + WHITE BENDY STRAWS,B,Y,BY,Оставить,нет,1213.97,1530.58,4.96,913,169,88,12,0.504,1.33,1412,37.31,91.04,нет,нет,нет,нет,нет,B,2009-12-01,2011-11-01
71038,WHITE HANGING BEADS CANDLE HOLDER,B,X,BX,Оставить,нет,1212.25,2517.05,0.0,233,46,34,11,0.5,5.2,1413,37.33,91.05,нет,нет,нет,нет,нет,A,2009-12-01,2011-11-01
23142,IVORY WIRE KITCHEN ORGANISER,B,Z,BZ,Оставить,нет,1210.42,0.0,0.0,120,39,33,8,1.952,10.09,1414,37.36,91.07,нет,нет,нет,нет,нет,не продавался,2011-04-01,2011-11-01
23221,REINDEER HEART DECORATION SILVER,B,Z,BZ,Оставить,нет,1207.9,0.0,115.3,1378,128,80,7,1.541,0.88,1415,37.38,91.08,нет,нет,нет,нет,нет,не продавался,2011-05-01,2011-11-01
23138,SINGLE WIRE HOOK IVORY HEART,B,Z,BZ,Оставить,нет,1207.53,0.0,6.58,865,80,60,8,1.364,1.4,1416,37.41,91.09,нет,нет,нет,нет,нет,не продавался,2011-04-01,2011-11-01
21620,SET OF 4 ROSE BOTANICAL CANDLES,B,Z,BZ,Оставить,нет,1207.51,754.74,221.98,731,140,86,11,1.513,1.65,1417,37.44,91.11,нет,нет,нет,нет,нет,B,2009-12-01,2011-11-01
22999,TRAVEL CARD WALLET RETRO PETALS,B,Y,BY,Оставить,нет,1204.84,0.0,47.75,2793,210,107,10,0.678,0.43,1418,37.46,91.12,нет,нет,нет,нет,нет,не продавался,2011-02-01,2011-11-01
23511,EMBROIDERED RIBBON REEL EMILY,B,Z,BZ,Наблюдать: новый товар,нет,1204.29,0.0,47.72,552,90,79,3,2.031,2.18,1419,37.49,91.13,да,нет,нет,нет,нет,не продавался,2011-09-01,2011-11-01
22922,FRIDGE MAGNETS US DINER ASSORTED,B,X,BX,Оставить,нет,1203.6,366.3,117.6,1299,95,69,12,0.439,0.93,1420,37.52,91.14,нет,нет,нет,нет,нет,C,2010-11-01,2011-11-01
21820,GLITTER HEART GARLAND WITH BELLS,B,Z,BZ,Оставить: сезонный спрос,нет,1203.47,1763.92,52.5,285,83,44,11,1.495,4.22,1421,37.54,91.16,нет,да,нет,нет,нет,B,2009-12-01,2011-11-01
72817,SET OF 2 CHRISTMAS DECOUPAGE CANDLE,B,Z,BZ,Оставить: сезонный спрос,нет,1202.27,439.01,0.0,1188,160,74,10,1.599,1.01,1422,37.57,91.17,нет,да,нет,нет,нет,C,2009-12-01,2011-11-01
21262,WHITE GOOSE FEATHER CHRISTMAS TREE,B,Y,BY,Оставить: сезонный спрос,нет,1200.76,1115.86,32.45,321,74,40,11,0.983,3.74,1423,37.6,91.18,нет,да,нет,нет,нет,B,2009-12-01,2011-11-01
22439,6 ROCKET BALLOONS,B,X,BX,Оставить,нет,1200.12,1305.79,51.5,1764,185,112,12,0.41,0.68,1424,37.62,91.2,нет,нет,нет,нет,нет,B,2010-04-01,2011-11-01
22063,CERAMIC BOWL WITH STRAWBERRY DESIGN,B,Y,BY,Оставить,нет,1194.92,4973.86,169.58,380,108,48,12,0.753,3.14,1425,37.65,91.21,нет,нет,нет,нет,нет,A,2009-12-01,2011-11-01
22754,SMALL RED BABUSHKA NOTEBOOK,B,Y,BY,Оставить,нет,1191.29,1684.19,159.18,1335,228,100,12,0.604,0.89,1426,37.68,91.22,нет,нет,нет,нет,нет,B,2010-08-01,2011-11-01
22071,SMALL WHITE RETROSPOT MUG IN BOX,B,Z,BZ,Оставить,нет,1188.84,2964.08,37.46,440,79,60,12,1.62,2.7,1427,37.7,91.23,нет,нет,нет,нет,нет,A,2009-12-01,2011-11-01
22613,PACK OF 20 SPACEBOY NAPKINS,B,Y,BY,Оставить,нет,1186.13,1197.15,36.48,1496,139,78,12,0.769,0.79,1428,37.73,91.25,нет,нет,нет,нет,нет,B,2010-05-01,2011-11-01
22416,SET OF 36 DOILIES SPACEBOY DESIGN,B,Z,BZ,Оставить,нет,1184.72,1552.54,26.1,850,74,52,12,1.36,1.39,1429,37.75,91.26,нет,нет,нет,нет,нет,B,2010-02-01,2011-11-01
21986,PACK OF 12 PINK POLKADOT TISSUES,B,Z,BZ,Оставить,нет,1181.83,3581.44,15.9,4033,182,116,12,1.061,0.29,1430,37.78,91.27,нет,нет,нет,нет,нет,A,2009-12-01,2011-11-01
23539,WALL ART LOVES' SECRET,B,Z,BZ,Наблюдать: новый товар,нет,1179.79,0.0,48.16,240,38,31,2,2.818,4.92,1431,37.81,91.28,да,нет,нет,нет,нет,не продавался,2011-10-01,2011-11-01
23405,HOME SWEET HOME 2 DRAWER CABINET,B,Z,BZ,Наблюдать: новый товар,нет,1178.33,0.0,133.15,231,64,51,3,1.803,5.1,1432,37.83,91.3,да,нет,нет,нет,нет,не продавался,2011-09-01,2011-11-01
22919,HERB MARKER MINT,B,Y,BY,Оставить,нет,1176.98,33.58,37.08,1693,228,130,12,0.693,0.7,1433,37.86,91.31,нет,нет,нет,нет,нет,C,2010-11-01,2011-11-01
21070,VINTAGE BILLBOARD MUG,B,Z,BZ,Оставить,нет,1172.68,898.48,12.3,1101,104,51,12,1.711,1.07,1434,37.89,91.32,нет,нет,нет,нет,нет,B,2009-12-01,2011-11-01
22129,PARTY CONES CANDY TREE DECORATION,B,Y,BY,Оставить,нет,1172.3,1868.7,54.12,1166,93,33,12,0.864,1.01,1435,37.91,91.34,нет,нет,нет,нет,нет,B,2009-12-01,2011-11-01
84313C,ORANGE TV TRAY TABLE,B,Z,BZ,Оставить,нет,1165.91,276.48,0.0,504,43,17,7,1.586,2.31,1436,37.94,91.35,нет,нет,нет,нет,да,C,2010-01-01,2011-06-01
23026,DRAWER KNOB VINTAGE GLASS STAR,B,Z,BZ,Наблюдать: новый товар,нет,1161.52,0.0,12.48,538,60,42,6,1.103,2.16,1437,37.97,91.36,да,нет,нет,нет,нет,не продавался,2011-06-01,2011-11-01
22686,FRENCH BLUE METAL DOOR SIGN No,B,Y,BY,Оставить,нет,1161.46,534.01,131.92,858,153,38,12,0.869,1.35,1438,37.99,91.37,нет,нет,нет,нет,нет,C,2010-08-01,2011-11-01
20984,12 PENCILS TALL TUBE POSY,B,Z,BZ,Оставить,нет,1159.11,774.89,0.0,3761,169,134,11,1.313,0.31,1439,38.02,91.38,нет,нет,нет,нет,нет,B,2009-12-01,2011-10-01
23056,FLOWERS CHANDELIER T-LIGHT HOLDER,B,Z,BZ,Оставить,нет,1153.8,0.0,0.0,483,35,31,8,2.047,2.39,1440,38.04,91.4,нет,нет,нет,нет,нет,не продавался,2011-04-01,2011-11-01
23431,NATURAL HANGING QUILTED HEARTS,B,Z,BZ,Наблюдать: новый товар,нет,1151.31,0.0,9.96,1425,70,61,4,1.646,0.81,1441,38.07,91.41,да,нет,нет,нет,нет,не продавался,2011-08-01,2011-11-01
22711,WRAP CIRCUS PARADE,B,X,BX,Оставить,нет,1150.34,1007.5,42.0,2777,99,85,12,0.481,0.41,1442,38.1,91.42,нет,нет,нет,нет,нет,B,2010-05-01,2011-11-01
22334,DINOSAUR PARTY BAG + STICKER SET,B,Y,BY,Оставить,нет,1147.51,2371.85,13.2,699,100,76,12,0.706,1.64,1443,38.12,91.43,нет,нет,нет,нет,нет,B,2009-12-01,2011-11-01
22168,ORGANISER WOOD ANTIQUE WHITE,B,Z,BZ,Проверить наличие: продажи значимого товара прекратились,нет,1145.8,4092.13,0.0,136,72,66,5,1.714,8.42,1444,38.15,91.45,нет,нет,да,нет,нет,A,2009-12-01,2011-04-01
20801,LARGE PINK GLASS SUNDAE DISH,B,Z,BZ,Проверить наличие: продажи значимого товара прекратились,нет,1145.8,264.2,0.0,997,80,46,6,1.421,1.15,1445,38.18,91.46,нет,нет,да,нет,нет,C,2010-01-01,2011-05-01
85106,CUT GLASS HEXAGON T-LIGHT HOLDER,B,Z,BZ,Оставить,нет,1142.31,1128.93,0.0,649,20,9,7,2.572,1.76,1446,38.2,91.47,нет,нет,нет,да,нет,B,2009-12-01,2011-11-01
21616,4 PEAR BOTANICAL DINNER CANDLES,B,Z,BZ,Оставить,нет,1142.08,1170.24,146.26,764,123,80,11,1.994,1.49,1447,38.23,91.48,нет,нет,нет,нет,нет,B,2009-12-01,2011-11-01
85199S,SMALL HANGING IVORY/RED WOOD BIRD,B,Z,BZ,Оставить,нет,1141.66,1486.97,150.57,2380,240,94,12,1.21,0.48,1448,38.26,91.5,нет,нет,нет,нет,да,B,2009-12-01,2011-11-01
21043,APRON MODERN VINTAGE COTTON,B,Z,BZ,Оставить,нет,1139.86,763.32,0.0,492,90,52,7,1.529,2.32,1449,38.28,91.51,нет,нет,нет,нет,нет,B,2009-12-01,2011-06-01
22603,CHRISTMAS RETROSPOT TREE WOOD,B,Z,BZ,Оставить: сезонный спрос,нет,1139.81,2316.71,95.57,1292,154,105,8,1.33,0.88,1450,38.31,91.52,нет,да,нет,нет,нет,B,2010-07-01,2011-11-01
22921,HERB MARKER CHIVES,B,Y,BY,Оставить,нет,1137.62,45.85,35.45,1657,198,114,12,0.655,0.69,1451,38.34,91.53,нет,нет,нет,нет,нет,C,2010-11-01,2011-11-01
21773,DECORATIVE ROSE BATHROOM BOTTLE,B,Z,BZ,Оставить,нет,1136.95,730.23,17.22,1163,160,50,12,1.458,0.98,1452,38.36,91.54,нет,нет,нет,нет,нет,B,2009-12-01,2011-11-01
21395,BLUE POLKADOT BEAKER,B,Z,BZ,Оставить,нет,1136.72,243.04,0.0,2832,89,62,8,1.029,0.4,1453,38.39,91.56,нет,нет,нет,нет,нет,C,2009-12-01,2011-11-01
22497,SET OF 2 TINS VINTAGE BATHROOM,B,Y,BY,Оставить,нет,1136.65,3081.17,4.25,223,99,50,12,0.524,5.1,1454,38.41,91.57,нет,нет,нет,нет,нет,A,2010-01-01,2011-11-01
23508,MINI PLAYING CARDS DOLLY GIRL,B,Z,BZ,Наблюдать: новый товар,нет,1132.88,0.0,30.57,2563,111,91,3,2.36,0.44,1455,38.44,91.58,да,нет,нет,нет,нет,не продавался,2011-09-01,2011-11-01
23507,MINI PLAYING CARDS BUFFALO BILL,B,Z,BZ,Наблюдать: новый товар,нет,1131.37,0.0,24.3,2830,107,86,3,2.002,0.4,1456,38.47,91.59,да,нет,нет,нет,нет,не продавался,2011-09-01,2011-11-01
85087,CANDY SPOT CUSHION COVER,B,Z,BZ,Оставить,нет,1129.99,259.7,0.0,339,125,7,10,1.01,3.33,1457,38.49,91.6,нет,нет,нет,нет,нет,C,2009-12-01,2011-10-01
85039B,S/4 IVORY MINI ROSE CANDLE IN BOWL,B,Y,BY,Оставить,нет,1128.97,997.53,45.66,778,164,37,12,0.713,1.45,1458,38.52,91.62,нет,нет,нет,нет,да,B,2009-12-01,2011-11-01
22589,CARDHOLDER GINGHAM STAR,B,Z,BZ,Оставить: сезонный спрос,нет,1128.5,2368.06,84.32,362,74,46,7,1.437,3.12,1459,38.55,91.63,нет,да,нет,нет,нет,B,2010-07-01,2011-11-01
22074,6 RIBBONS SHIMMERING PINKS,B,Z,BZ,Оставить,нет,1125.43,976.67,94.44,1204,177,50,12,1.475,0.93,1460,38.57,91.64,нет,нет,нет,нет,нет,B,2009-12-01,2011-11-01
21774,DECORATIVE CATS BATHROOM BOTTLE,B,Z,BZ,Оставить,нет,1125.34,977.41,27.06,1084,178,39,12,1.25,1.04,1461,38.6,91.65,нет,нет,нет,нет,нет,B,2009-12-01,2011-11-01
21947,SET OF 6 HEART CHOPSTICKS,B,Z,BZ,Оставить,нет,1124.85,1163.16,14.8,804,145,62,12,1.017,1.4,1462,38.63,91.66,нет,нет,нет,нет,нет,B,2009-12-01,2011-11-01
23515,EMBROIDERED RIBBON REEL DAISY,B,Z,BZ,Наблюдать: новый товар,нет,1123.41,0.0,41.57,560,67,55,3,2.375,2.01,1463,38.65,91.68,да,нет,нет,нет,нет,не продавался,2011-09-01,2011-11-01
85159B,"WHITE TEA,COFFEE,SUGAR JARS",B,X,BX,Оставить,нет,1119.85,382.0,0.0,619,57,44,12,0.391,1.81,1464,38.68,91.69,нет,нет,нет,нет,да,C,2009-12-01,2011-11-01
21628,TRIANGULAR POUFFE VINTAGE,B,Z,BZ,Оставить,нет,1116.8,2023.63,14.95,60,31,12,10,1.007,18.61,1465,38.71,91.7,нет,нет,нет,нет,нет,B,2009-12-01,2011-11-01
22325,MOBILE VINTAGE HEARTS,B,Z,BZ,Оставить: сезонный спрос,нет,1116.65,1845.14,0.0,243,91,49,12,1.124,4.6,1466,38.73,91.71,нет,да,нет,нет,нет,B,2009-12-01,2011-11-01
47585A,PINK FAIRY CAKE CUSHION COVER,B,Z,BZ,Оставить,нет,1114.44,1468.44,15.0,260,82,22,12,1.027,4.29,1467,38.76,91.72,нет,нет,нет,нет,нет,B,2009-12-01,2011-11-01
84912B,GREEN ROSE WASHBAG,B,X,BX,Оставить,нет,1113.11,1939.79,19.74,317,157,32,12,0.308,3.51,1468,38.78,91.74,нет,нет,нет,нет,да,B,2009-12-01,2011-11-01
22060,LARGE CAKE STAND HANGING HEARTS,B,Z,BZ,Проверить наличие: продажи значимого товара прекратились,нет,1111.05,4520.66,0.0,231,34,31,6,1.555,4.81,1469,38.81,91.75,нет,нет,да,нет,нет,A,2009-12-01,2011-05-01
22299,PIG KEYRING WITH LIGHT & SOUND,B,Z,BZ,Оставить,нет,1109.38,3013.85,247.59,826,68,27,12,1.064,1.34,1470,38.84,91.76,нет,нет,нет,нет,нет,A,2009-12-01,2011-11-01
20956,PORCELAIN T-LIGHT HOLDERS ASSORTED,B,Z,BZ,Оставить: сезонный спрос,нет,1109.02,1937.3,37.5,792,98,49,12,1.166,1.4,1471,38.86,91.77,нет,да,нет,нет,нет,B,2009-12-01,2011-11-01
22708,WRAP DOLLY GIRL,B,X,BX,Оставить,нет,1107.5,980.5,42.0,2675,95,75,12,0.379,0.41,1472,38.89,91.78,нет,нет,нет,нет,нет,B,2010-06-01,2011-11-01
22444,GROW YOUR OWN PLANT IN A CAN,B,Z,BZ,Проверить наличие: продажи значимого товара прекратились,нет,1106.62,12659.98,0.0,838,57,29,6,1.789,1.32,1473,38.92,91.8,нет,нет,да,нет,нет,A,2010-03-01,2011-05-01
22597,MUSICAL ZINC HEART DECORATION,B,Z,BZ,Оставить: сезонный спрос,нет,1106.07,1518.59,112.52,2507,163,83,12,1.738,0.44,1474,38.94,91.81,нет,да,нет,нет,нет,B,2010-07-01,2011-11-01
21809,CHRISTMAS HANGING TREE WITH BELL,B,Z,BZ,Оставить,нет,1105.05,1309.97,12.87,1931,113,69,8,1.743,0.57,1475,38.97,91.82,нет,нет,нет,нет,нет,B,2009-12-01,2011-11-01
23269,SET OF 2 CERAMIC CHRISTMAS TREES,B,Z,BZ,Наблюдать: новый товар,нет,1104.99,0.0,47.99,753,84,59,6,1.736,1.47,1476,39.0,91.83,да,нет,нет,нет,нет,не продавался,2011-06-01,2011-11-01
21846,PINK DIAMANTE PEN IN GIFT BOX,B,Z,BZ,Оставить,нет,1104.51,2591.48,43.06,406,98,11,11,1.856,2.72,1477,39.02,91.84,нет,нет,нет,нет,нет,A,2009-12-01,2011-11-01
23510,MINI PLAYING CARDS GYMKHANA,B,Z,BZ,Наблюдать: новый товар,нет,1102.94,0.0,15.86,2493,108,87,3,2.106,0.44,1478,39.05,91.85,да,нет,нет,нет,нет,не продавался,2011-09-01,2011-11-01
21688,SILVER PLATE CANDLE BOWL SMALL,B,Y,BY,Оставить,нет,1101.28,1726.67,0.0,348,57,36,12,0.691,3.16,1479,39.08,91.87,нет,нет,нет,нет,нет,B,2009-12-01,2011-11-01
22742,MAKE YOUR OWN PLAYTIME CARD KIT,B,Y,BY,Оставить,нет,1100.74,1145.83,222.83,366,86,64,12,0.569,3.01,1480,39.1,91.88,нет,нет,нет,нет,нет,B,2010-08-01,2011-11-01
22094,RED RETROSPOT TISSUE BOX,B,Z,BZ,Оставить,нет,1099.12,1469.05,21.84,2074,191,109,12,1.083,0.53,1481,39.13,91.89,нет,нет,нет,нет,нет,B,2009-12-01,2011-11-01
23523,WALL ART TREASURE AHOY,B,Z,BZ,Наблюдать: новый товар,нет,1098.81,0.0,52.5,340,36,31,2,2.733,3.23,1482,39.15,91.9,да,нет,нет,нет,нет,не продавался,2011-10-01,2011-11-01
85039A,SET/4 RED MINI ROSE CANDLE IN BOWL,B,Y,BY,Оставить,нет,1098.33,728.09,44.1,718,181,24,12,0.766,1.53,1483,39.18,91.91,нет,нет,нет,нет,да,B,2009-12-01,2011-11-01
23418,LAVENDER TOILETTE BOTTLE,B,Z,BZ,Наблюдать: новый товар,нет,1097.39,0.0,68.61,525,71,50,3,1.967,2.09,1484,39.21,91.93,да,нет,нет,нет,нет,не продавался,2011-09-01,2011-11-01
22376,AIRLINE BAG VINTAGE JET SET WHITE,B,X,BX,Оставить,нет,1095.16,1498.98,38.04,244,118,64,12,0.477,4.49,1485,39.23,91.94,нет,нет,нет,нет,нет,B,2010-02-01,2011-11-01
22081,RIBBON REEL FLORA + FAUNA,B,X,BX,Оставить: сезонный спрос,нет,1094.05,1533.39,65.95,599,131,69,12,0.417,1.83,1486,39.26,91.95,нет,да,нет,нет,нет,B,2009-12-01,2011-11-01
72800E,4 IVORY DINNER CANDLES SILVER FLOCK,B,Y,BY,Оставить,нет,1093.61,1398.7,112.03,431,119,54,12,0.855,2.54,1487,39.29,91.96,нет,нет,нет,нет,да,B,2009-12-01,2011-11-01
21984,PACK OF 12 PINK PAISLEY TISSUES,B,Y,BY,Оставить,нет,1093.09,5897.43,19.51,3417,204,121,12,0.629,0.32,1488,39.31,91.97,нет,нет,нет,нет,нет,A,2009-12-01,2011-11-01
22678,FRENCH BLUE METAL DOOR SIGN 3,B,X,BX,Оставить,нет,1092.88,723.97,46.18,798,153,58,12,0.435,1.37,1489,39.34,91.98,нет,нет,нет,нет,нет,B,2010-08-01,2011-11-01
22680,FRENCH BLUE METAL DOOR SIGN 5,B,X,BX,Оставить,нет,1089.07,662.66,31.22,788,147,59,12,0.457,1.38,1490,39.37,92.0,нет,нет,нет,нет,нет,C,2010-08-01,2011-11-01
21830,ASSORTED CREEPY CRAWLIES,B,Y,BY,Оставить,нет,1086.91,1861.09,0.0,2573,97,62,12,0.511,0.42,1491,39.39,92.01,нет,нет,нет,нет,нет,B,2009-12-01,2011-11-01
23411,TRELLIS COAT RACK,B,Z,BZ,Наблюдать: новый товар,нет,1083.96,0.0,29.7,220,54,40,3,1.995,4.93,1492,39.42,92.02,да,нет,нет,нет,нет,не продавался,2011-09-01,2011-11-01
22817,CARD SUKI BIRTHDAY,B,X,BX,Оставить,нет,1082.89,320.09,31.92,2563,281,78,12,0.443,0.42,1493,39.45,92.03,нет,нет,нет,нет,нет,C,2010-09-01,2011-11-01
21065,BOOM BOX SPEAKER GIRLS,B,Z,BZ,Оставить: сезонный спрос,нет,1082.87,259.08,77.71,539,77,27,12,1.124,2.01,1494,39.47,92.04,нет,да,нет,нет,нет,C,2009-12-01,2011-11-01
21705,BAG 500g SWIRLY MARBLES,B,Y,BY,Оставить,нет,1081.69,1663.74,360.68,613,111,70,12,0.742,1.76,1495,39.5,92.05,нет,нет,нет,нет,нет,B,2009-12-01,2011-11-01
22608,PENS ASSORTED FUNKY JEWELED,B,Y,BY,Оставить,нет,1080.26,428.57,34.38,5070,134,60,11,0.703,0.21,1496,39.52,92.06,нет,нет,нет,нет,нет,C,2010-02-01,2011-11-01
22984,CARD GINGHAM ROSE,B,Y,BY,Оставить,нет,1080.14,274.64,15.95,2656,159,90,12,0.534,0.41,1497,39.55,92.08,нет,нет,нет,нет,нет,C,2010-09-01,2011-11-01
84459B,YELLOW METAL CHICKEN HEART,B,Z,BZ,Оставить: сезонный спрос,нет,1079.67,1226.34,0.0,721,91,54,5,1.543,1.5,1498,39.58,92.09,нет,да,да,нет,да,B,2009-12-01,2011-04-01
47480,HANGING PHOTO CLIP ROPE LADDER,B,Y,BY,Оставить,нет,1079.04,1420.01,195.13,633,79,29,12,0.69,1.7,1499,39.6,92.1,нет,нет,нет,нет,нет,B,2009-12-01,2011-11-01
22611,VINTAGE UNION JACK SHOPPING BAG,B,Z,BZ,Оставить,нет,1077.03,3246.75,0.0,225,46,36,9,1.143,4.79,1500,39.63,92.11,нет,нет,нет,нет,нет,A,2010-03-01,2011-11-01
23513,EMBROIDERED RIBBON REEL SUSIE,B,Z,BZ,Наблюдать: новый товар,нет,1076.85,0.0,24.93,549,65,56,3,2.4,1.96,1501,39.66,92.12,да,нет,нет,нет,нет,не продавался,2011-09-01,2011-11-01
22453,MEASURING TAPE BABUSHKA BLUE,B,Z,BZ,Оставить,нет,1076.64,1009.43,109.15,405,74,35,12,1.258,2.66,1502,39.68,92.13,нет,нет,нет,нет,нет,B,2010-03-01,2011-11-01
84012,MAGIC SHEEP WOOL GROWING FROM PAPER,B,Z,BZ,Оставить,нет,1076.59,1344.48,105.4,1021,101,69,12,1.221,1.05,1503,39.71,92.15,нет,нет,нет,нет,нет,B,2009-12-01,2011-11-01
47580,TEA TIME DES TEA COSY,B,Y,BY,Оставить,нет,1075.92,3166.58,10.2,372,106,53,12,0.785,2.89,1504,39.74,92.16,нет,нет,нет,нет,нет,A,2009-12-01,2011-11-01
21466,RED FLOWER CROCHET FOOD COVER,B,Y,BY,Оставить,нет,1075.72,2362.9,41.17,295,108,69,12,0.567,3.65,1505,39.76,92.17,нет,нет,нет,нет,нет,B,2009-12-01,2011-11-01
82578,KITCHEN METAL SIGN,B,X,BX,Оставить,нет,1073.85,1911.39,137.4,1746,293,137,12,0.388,0.62,1506,39.79,92.18,нет,нет,нет,нет,нет,B,2009-12-01,2011-11-01
23506,MINI PLAYING CARDS SPACEBOY,B,Z,BZ,Наблюдать: новый товар,нет,1073.34,0.0,55.78,2598,131,107,3,2.49,0.41,1507,39.82,92.19,да,нет,нет,нет,нет,не продавался,2011-09-01,2011-11-01
22819,"BIRTHDAY CARD, RETRO SPOT",B,X,BX,Оставить,нет,1073.31,313.31,31.5,2533,260,93,12,0.407,0.42,1508,39.84,92.2,нет,нет,нет,нет,нет,C,2010-09-01,2011-11-01
22755,SMALL PURPLE BABUSHKA NOTEBOOK,B,Y,BY,Оставить,нет,1073.08,1799.47,114.88,1213,217,91,12,0.535,0.88,1509,39.87,92.21,нет,нет,нет,нет,нет,B,2010-08-01,2011-11-01
22815,CARD PSYCHEDELIC APPLES,B,X,BX,Оставить,нет,1073.06,349.69,45.78,2519,257,78,12,0.448,0.43,1510,39.89,92.23,нет,нет,нет,нет,нет,C,2010-09-01,2011-11-01
21693,SMALL HAMMERED SILVER CANDLEPOT,B,Y,BY,Оставить: сезонный спрос,нет,1072.51,1540.71,35.4,349,48,38,12,0.721,3.07,1511,39.92,92.24,нет,да,нет,нет,нет,B,2009-12-01,2011-11-01
22338,STAR DECORATION PAINTED ZINC,B,Z,BZ,Оставить: сезонный спрос,нет,1071.56,871.28,150.65,4134,156,86,8,1.899,0.26,1512,39.95,92.25,нет,да,нет,нет,нет,B,2009-12-01,2011-11-01
23102,SILVER HEARTS TABLE DECORATION,B,Z,BZ,Оставить,нет,1070.05,0.0,4.98,1268,155,127,7,1.005,0.84,1513,39.97,92.26,нет,нет,нет,нет,нет,не продавался,2011-05-01,2011-11-01
22245,"HOOK, 1 HANGER ,MAGIC GARDEN",B,Z,BZ,Оставить,нет,1070.0,2918.85,0.0,1262,98,44,9,1.374,0.85,1514,40.0,92.27,нет,нет,нет,нет,нет,A,2009-12-01,2011-09-01
22320,BIRDS MOBILE VINTAGE DESIGN,B,Y,BY,Оставить,нет,1069.92,2308.5,17.85,176,66,52,12,0.687,6.08,1515,40.03,92.28,нет,нет,нет,нет,нет,B,2009-12-01,2011-11-01
23087,ZINC  HEART T-LIGHT HOLDER,B,Z,BZ,Оставить,нет,1068.52,0.0,22.14,859,64,43,7,1.128,1.24,1516,40.05,92.29,нет,нет,нет,нет,нет,не продавался,2011-05-01,2011-11-01
21824,PAINTED METAL STAR WITH HOLLY BELLS,B,Z,BZ,Оставить: сезонный спрос,нет,1067.62,1249.04,0.0,1892,116,62,7,1.905,0.56,1517,40.08,92.31,нет,да,нет,нет,нет,B,2009-12-01,2011-11-01
23375,50'S CHRISTMAS PAPER GIFT BAG,B,Z,BZ,Наблюдать: новый товар,нет,1066.29,0.0,34.4,1304,95,81,4,1.852,0.82,1518,40.11,92.32,да,нет,нет,нет,нет,не продавался,2011-08-01,2011-11-01
85035B,CHOCOLATE 3 WICK MORRIS BOX CANDLE,B,Z,BZ,Оставить,нет,1062.57,1527.54,0.0,620,71,38,10,2.213,1.71,1519,40.13,92.33,нет,нет,нет,нет,да,B,2009-12-01,2011-10-01
85127,SMALL SQUARE CUT GLASS CANDLESTICK,B,Y,BY,Оставить: сезонный спрос,нет,1061.87,604.13,19.92,180,48,16,12,0.898,5.9,1520,40.16,92.34,нет,да,нет,нет,нет,C,2009-12-01,2011-11-01
22539,MINI JIGSAW DOLLY GIRL,B,Y,BY,Оставить,нет,1060.0,1138.81,69.32,2570,126,70,12,0.594,0.41,1521,40.18,92.35,нет,нет,нет,нет,нет,B,2010-03-01,2011-11-01
21469,POLKA DOT RAFFIA FOOD COVER,B,Y,BY,Оставить,нет,1059.07,2396.69,26.25,283,87,57,12,0.909,3.74,1522,40.21,92.36,нет,нет,нет,нет,нет,A,2009-12-01,2011-11-01
23033,DRAWER KNOB CERAMIC RED,B,Z,BZ,Наблюдать: новый товар,нет,1057.45,0.0,1.45,713,73,41,6,1.259,1.48,1523,40.24,92.37,да,нет,нет,нет,нет,не продавался,2011-06-01,2011-11-01
23433,HANGING QUILTED PATCHWORK APPLES,B,Z,BZ,Наблюдать: новый товар,нет,1055.46,0.0,23.24,1194,84,71,4,1.888,0.88,1524,40.26,92.39,да,нет,нет,нет,нет,не продавался,2011-08-01,2011-11-01
23402,HOME SWEET HOME 3 PEG HANGER,B,Z,BZ,Наблюдать: новый товар,нет,1053.81,0.0,93.47,278,61,46,3,1.841,3.79,1525,40.29,92.4,да,нет,нет,нет,нет,не продавался,2011-09-01,2011-11-01
23225,CHERUB HEART DECORATION SILVER,B,Z,BZ,Наблюдать: новый товар,нет,1051.38,0.0,65.03,1222,76,41,6,1.606,0.86,1526,40.32,92.41,да,нет,нет,нет,нет,не продавался,2011-06-01,2011-11-01
21391,FRENCH LAVENDER SCENT HEART,B,Z,BZ,Оставить,нет,1049.29,756.3,0.0,1066,105,68,12,1.555,0.98,1527,40.34,92.42,нет,нет,нет,нет,нет,B,2009-12-01,2011-11-01
21742,LARGE ROUND WICKER PLATTER,B,Z,BZ,Оставить: сезонный спрос,нет,1048.58,1479.7,119.0,174,81,67,12,1.173,6.03,1528,40.37,92.43,нет,да,нет,нет,нет,B,2009-12-01,2011-11-01
23432,PRETTY HANGING QUILTED HEARTS,B,Z,BZ,Наблюдать: новый товар,нет,1048.52,0.0,39.84,1228,70,61,4,2.242,0.85,1529,40.4,92.44,да,нет,нет,нет,нет,не продавался,2011-08-01,2011-11-01
23327,HANGING CLEAR MINI BOTTLE,B,Z,BZ,Наблюдать: новый товар,нет,1046.1,0.0,2.52,1726,39,31,4,1.535,0.61,1530,40.42,92.45,да,нет,нет,нет,нет,не продавался,2011-08-01,2011-11-01
22309,TEA COSY RED  STRIPE,B,Z,BZ,Оставить,нет,1045.99,2301.73,45.06,357,114,47,11,1.056,2.93,1531,40.45,92.46,нет,нет,нет,нет,нет,B,2009-12-01,2011-11-01
22342,HOME GARLAND PAINTED ZINC,B,Y,BY,Оставить,нет,1045.06,1350.27,26.32,953,124,47,12,0.613,1.1,1532,40.48,92.47,нет,нет,нет,нет,нет,B,2009-12-01,2011-11-01
85116,BLACK CANDELABRA T-LIGHT HOLDER,B,Z,BZ,Оставить,нет,1043.88,1099.36,0.0,911,87,30,11,1.163,1.15,1533,40.5,92.49,нет,нет,нет,нет,нет,B,2009-12-01,2011-10-01
84944,SET OF 6 KASHMIR FOLKART BAUBLES,B,Z,BZ,Оставить,нет,1041.06,2033.62,0.0,662,82,61,8,2.026,1.57,1534,40.53,92.5,нет,нет,нет,нет,нет,B,2009-12-01,2011-11-01
22152,PLACE SETTING WHITE STAR,B,Z,BZ,Оставить: сезонный спрос,нет,1040.48,1589.2,12.6,2377,102,68,12,1.188,0.44,1535,40.55,92.51,нет,да,нет,нет,нет,B,2009-12-01,2011-11-01
21224,SET/4 SKULL BADGES,B,X,BX,Оставить,нет,1039.63,1599.41,20.37,877,154,54,12,0.31,1.19,1536,40.58,92.52,нет,нет,нет,нет,нет,B,2009-12-01,2011-11-01
22066,LOVE HEART TRINKET POT,B,Y,BY,Оставить,нет,1038.57,1678.55,6.24,2223,133,98,12,0.629,0.47,1537,40.61,92.53,нет,нет,нет,нет,нет,B,2009-12-01,2011-11-01
23444,Next Day Carriage,B,Z,BZ,Оставить,нет,1035.0,0.0,150.0,68,68,54,7,1.251,15.22,1538,40.63,92.54,нет,нет,нет,нет,нет,не продавался,2011-05-01,2011-11-01
21064,BOOM BOX SPEAKER BOYS,B,Z,BZ,Оставить,нет,1032.17,3098.17,249.03,195,82,34,12,1.327,5.29,1539,40.66,92.55,нет,нет,нет,нет,нет,A,2009-12-01,2011-11-01
21949,SET OF 6 STRAWBERRY CHOPSTICKS,B,Y,BY,Оставить,нет,1031.05,2109.74,23.39,791,135,45,12,0.904,1.3,1540,40.69,92.56,нет,нет,нет,нет,нет,B,2009-12-01,2011-11-01
35648,VINTAGE BEAD PINK PURSE,B,Y,BY,Оставить,нет,1029.58,204.27,17.16,943,120,38,10,0.641,1.09,1541,40.71,92.57,нет,нет,нет,нет,нет,C,2009-12-01,2011-11-01
20967,GREY FLORAL FELTCRAFT SHOULDER BAG,B,Z,BZ,Оставить,нет,1027.94,2946.9,0.0,265,83,63,7,1.421,3.88,1542,40.74,92.59,нет,нет,нет,нет,нет,A,2009-12-01,2011-10-01
22211,WOOD STAMP SET FLOWERS,B,Y,BY,Оставить,нет,1027.21,899.96,25.58,944,184,95,12,0.751,1.09,1543,40.77,92.6,нет,нет,нет,нет,нет,B,2009-12-01,2011-11-01
22997,TRAVEL CARD WALLET UNION JACK,B,Y,BY,Оставить,нет,1024.46,0.0,50.31,2386,204,96,10,0.534,0.43,1544,40.79,92.61,нет,нет,нет,нет,нет,не продавался,2011-02-01,2011-11-01
23113,PANTRY CHOPPING BOARD,B,Z,BZ,Наблюдать: новый товар,нет,1023.17,0.0,62.07,203,50,37,3,2.05,5.04,1545,40.82,92.62,да,нет,нет,нет,нет,не продавался,2011-09-01,2011-11-01
20966,SANDWICH BATH SPONGE,B,Z,BZ,Оставить,нет,1022.8,3241.19,0.0,719,97,28,9,2.012,1.42,1546,40.85,92.63,нет,нет,нет,нет,нет,A,2009-12-01,2011-08-01
22363,GLASS JAR MARMALADE,B,Z,BZ,Оставить: сезонный спрос,нет,1022.14,901.94,32.01,346,72,43,12,1.19,2.95,1547,40.87,92.64,нет,да,нет,нет,нет,B,2010-03-01,2011-11-01
22286,"DECORATION , WOBBLY RABBIT , METAL",B,Y,BY,Оставить,нет,1022.1,1178.26,0.39,1122,114,63,11,0.711,0.91,1548,40.9,92.65,нет,нет,нет,нет,нет,B,2009-12-01,2011-11-01
21188,3D HEARTS  HONEYCOMB PAPER GARLAND,B,Y,BY,Оставить,нет,1021.9,1749.44,0.0,326,50,27,9,0.859,3.13,1549,40.92,92.66,нет,нет,нет,нет,нет,B,2009-12-01,2011-08-01
22155,STAR DECORATION RUSTIC,B,Z,BZ,Оставить: сезонный спрос,нет,1021.17,1538.2,92.28,2237,126,60,12,1.36,0.46,1550,40.95,92.67,нет,да,нет,нет,нет,B,2009-12-01,2011-11-01
18097C,WHITE TALL PORCELAIN T-LIGHT HOLDER,B,Y,BY,Оставить,нет,1019.49,2333.91,9.92,405,66,42,12,0.705,2.52,1551,40.98,92.68,нет,нет,нет,нет,да,B,2009-12-01,2011-11-01
21408,SPOTTY PINK DUCK DOORSTOP,B,Y,BY,Оставить,нет,1019.05,1762.5,263.76,179,99,41,12,0.549,5.69,1552,41.0,92.69,нет,нет,нет,нет,нет,B,2009-12-01,2011-11-01
22459,CAST IRON HOOK GARDEN TROWEL,B,Z,BZ,Проверить наличие: продажи значимого товара прекратились,нет,1018.19,2371.55,0.0,386,25,12,5,2.239,2.64,1553,41.03,92.71,нет,нет,да,да,нет,B,2010-03-01,2011-04-01
22860,EASTER TIN CHICKS PINK DAISY,B,Z,BZ,Оставить,нет,1017.77,33.18,0.0,589,107,82,7,1.57,1.73,1554,41.06,92.72,нет,нет,нет,нет,нет,C,2010-10-01,2011-11-01
22091,EMPIRE TISSUE BOX,B,Z,BZ,Оставить,нет,1017.53,1395.76,12.57,1972,160,95,12,1.205,0.52,1555,41.08,92.73,нет,нет,нет,нет,нет,B,2009-12-01,2011-11-01
15044C,PURPLE PAPER PARASOL,B,Y,BY,Оставить: сезонный спрос,нет,1017.09,2004.27,5.9,311,86,42,12,0.819,3.27,1556,41.11,92.74,нет,да,нет,нет,да,B,2009-12-01,2011-11-01
21508,VINTAGE KID DOLLY CARD,B,X,BX,Оставить,нет,1013.42,1766.68,23.48,2414,204,104,12,0.271,0.42,1557,41.14,92.75,нет,нет,нет,нет,нет,B,2009-12-01,2011-11-01
21819,GLITTER CHRISTMAS STAR,B,Z,BZ,Оставить: сезонный спрос,нет,1012.91,1180.49,53.74,2344,108,83,7,2.079,0.43,1558,41.16,92.76,нет,да,нет,нет,нет,B,2009-12-01,2011-11-01
20931,BLUE POT PLANT CANDLE,B,Z,BZ,Оставить,нет,1010.61,1162.17,50.29,280,60,32,11,1.215,3.61,1559,41.19,92.77,нет,нет,нет,нет,нет,B,2009-12-01,2011-11-01
23516,EMBROIDERED RIBBON REEL SOPHIE,B,Z,BZ,Наблюдать: новый товар,нет,1009.85,0.0,48.75,283,39,36,3,2.526,3.57,1560,41.22,92.78,да,нет,нет,нет,нет,не продавался,2011-09-01,2011-11-01
21617,4 LILY  BOTANICAL DINNER CANDLES,B,Z,BZ,Оставить,нет,1009.26,1125.75,0.0,525,102,62,12,1.237,1.92,1561,41.24,92.79,нет,нет,нет,нет,нет,B,2009-12-01,2011-11-01
21803,CHRISTMAS TREE STAR DECORATION,B,Z,BZ,Оставить: сезонный спрос,нет,1008.52,922.94,7.5,2341,194,45,11,1.181,0.43,1562,41.27,92.8,нет,да,нет,нет,нет,B,2009-12-01,2011-11-01
84558A,3D DOG PICTURE PLAYING CARDS,B,Y,BY,Оставить,нет,1007.98,2736.56,8.74,336,84,49,11,0.794,3.0,1563,41.29,92.81,нет,нет,нет,нет,нет,A,2009-12-01,2011-11-01
22808,SET OF 6 T-LIGHTS EASTER CHICKS,B,Z,BZ,Оставить,нет,1006.37,205.01,32.5,319,72,48,8,1.185,3.15,1564,41.32,92.82,нет,нет,нет,нет,нет,C,2010-09-01,2011-11-01
85180A,RED HEARTS LIGHT CHAIN,B,Z,BZ,Оставить: сезонный спрос,нет,1005.63,593.76,9.13,496,61,31,10,1.912,2.03,1565,41.35,92.84,нет,да,нет,нет,да,C,2009-12-01,2011-11-01
22929,SCHOOL DESK AND CHAIR,B,Z,BZ,Оставить,нет,1004.75,260.0,0.0,16,11,11,7,1.031,62.8,1566,41.37,92.85,нет,нет,нет,нет,нет,C,2010-11-01,2011-10-01
84459A,PINK METAL CHICKEN HEART,B,Z,BZ,Оставить: сезонный спрос,нет,1004.54,929.87,0.0,680,89,48,10,1.528,1.48,1567,41.4,92.86,нет,да,нет,нет,да,B,2009-12-01,2011-10-01
21464,DISCO BALL ROTATOR BATTERY OPERATED,B,Y,BY,Оставить: сезонный спрос,нет,1004.25,1184.75,12.75,237,99,53,12,0.68,4.24,1568,41.43,92.87,нет,да,нет,нет,нет,B,2009-12-01,2011-11-01
21991,BOHEMIAN COLLAGE STATIONERY SET,B,Y,BY,Оставить,нет,1002.67,846.72,63.15,587,197,77,12,0.735,1.71,1569,41.45,92.88,нет,нет,нет,нет,нет,B,2009-12-01,2011-11-01
22995,TRAVEL CARD WALLET SUKI,B,Y,BY,Оставить,нет,1000.08,0.0,38.4,2265,249,87,10,0.543,0.44,1570,41.48,92.89,нет,нет,нет,нет,нет,не продавался,2011-02-01,2011-11-01
21679,SKULLS  STICKERS,B,Y,BY,Оставить,нет,997.34,2363.45,31.24,1106,131,65,12,0.502,0.9,1571,41.51,92.9,нет,нет,нет,нет,нет,B,2009-12-01,2011-11-01
23121,PACK OF 6 COCKTAIL PARASOL STRAWS,B,Z,BZ,Наблюдать: новый товар,нет,997.08,0.0,3.36,2493,108,78,6,1.711,0.4,1572,41.53,92.91,да,нет,нет,нет,нет,не продавался,2011-06-01,2011-11-01
22757,LARGE RED BABUSHKA NOTEBOOK,B,Y,BY,Оставить,нет,995.59,1902.44,172.15,728,129,60,12,0.567,1.37,1573,41.56,92.92,нет,нет,нет,нет,нет,B,2010-08-01,2011-11-01
22024,RAINY LADIES BIRTHDAY CARD,B,X,BX,Оставить,нет,994.44,1223.19,19.21,2347,202,86,12,0.346,0.42,1574,41.59,92.93,нет,нет,нет,нет,нет,B,2009-12-01,2011-11-01
23347,I LOVE LONDON BEAKER,B,Z,BZ,Наблюдать: новый товар,нет,992.58,0.0,49.72,799,87,50,5,1.778,1.24,1575,41.61,92.94,да,нет,нет,нет,нет,не продавался,2011-07-01,2011-11-01
22402,MAGNETS PACK OF 4 VINTAGE COLLAGE,B,Y,BY,Оставить,нет,991.61,1979.62,34.05,1654,141,101,12,0.797,0.6,1576,41.64,92.95,нет,нет,нет,нет,нет,B,2010-03-01,2011-11-01
21467,CHERRY CROCHET FOOD COVER,B,Y,BY,Оставить,нет,989.43,2248.11,11.21,261,101,56,12,0.765,3.79,1577,41.66,92.96,нет,нет,нет,нет,нет,B,2009-12-01,2011-11-01
21355,TOAST ITS - I LOVE YOU,B,Z,BZ,Оставить: сезонный спрос,нет,988.83,3210.47,3.75,786,117,92,11,1.863,1.26,1578,41.69,92.97,нет,да,нет,нет,нет,A,2009-12-01,2011-11-01
21788,KIDS RAIN MAC BLUE,B,Y,BY,Оставить,нет,988.44,1652.5,40.8,1245,83,57,12,0.59,0.79,1579,41.72,92.98,нет,нет,нет,нет,нет,B,2009-12-01,2011-11-01
22221,CAKE STAND LOVEBIRD 2 TIER PINK,B,Y,BY,Оставить,нет,988.39,5557.99,116.15,94,45,32,12,0.671,10.51,1580,41.74,93.0,нет,нет,нет,нет,нет,A,2009-12-01,2011-11-01
16016,LARGE CHINESE STYLE SCISSOR,B,Y,BY,Оставить,нет,985.45,817.25,68.0,1193,60,40,12,0.773,0.83,1581,41.77,93.01,нет,нет,нет,нет,нет,B,2009-12-01,2011-11-01
21821,GLITTER STAR GARLAND WITH BELLS,B,Z,BZ,Оставить: сезонный спрос,нет,984.59,1825.8,7.46,238,60,34,7,1.73,4.14,1582,41.8,93.02,нет,да,нет,нет,нет,B,2009-12-01,2011-11-01
20802,SMALL GLASS SUNDAE DISH CLEAR,B,Z,BZ,Оставить,нет,984.47,612.34,0.0,739,63,40,12,1.009,1.33,1583,41.82,93.03,нет,нет,нет,нет,нет,C,2009-12-01,2011-11-01
23544,WALL ART MID CENTURY MODERN,B,Z,BZ,Наблюдать: новый товар,нет,983.13,0.0,24.4,159,16,15,2,3.033,6.18,1584,41.85,93.04,да,нет,нет,да,нет,не продавался,2011-10-01,2011-11-01
23331,DECORATIVE WICKER HEART SMALL,B,Z,BZ,Наблюдать: новый товар,нет,983.08,0.0,79.2,1488,96,64,4,1.509,0.66,1585,41.88,93.05,да,нет,нет,нет,нет,не продавался,2011-08-01,2011-11-01
21354,TOAST ITS - BEST MUM,B,Y,BY,Оставить: сезонный спрос,нет,982.51,1971.75,25.2,775,94,55,11,0.942,1.27,1586,41.9,93.06,нет,да,нет,нет,нет,B,2009-12-01,2011-11-01
22679,FRENCH BLUE METAL DOOR SIGN 4,B,X,BX,Оставить,нет,982.5,672.65,28.03,710,144,52,12,0.484,1.38,1587,41.93,93.07,нет,нет,нет,нет,нет,C,2010-08-01,2011-11-01
16237,SLEEPING CAT ERASERS,B,Y,BY,Оставить,нет,982.08,1166.11,46.95,4678,271,103,12,0.524,0.21,1588,41.96,93.08,нет,нет,нет,нет,нет,B,2009-12-01,2011-11-01
22614,PACK OF 12 SPACEBOY TISSUES,B,Y,BY,Оставить,нет,982.08,902.24,37.46,2942,207,129,12,0.523,0.33,1589,41.98,93.09,нет,нет,нет,нет,нет,B,2010-05-01,2011-11-01
23419,HOME SWEET HOME BOTTLE,B,Z,BZ,Наблюдать: новый товар,нет,977.37,0.0,64.27,448,77,53,3,1.797,2.18,1590,42.01,93.1,да,нет,нет,нет,нет,не продавался,2011-09-01,2011-11-01
85064,CREAM SWEETHEART LETTER RACK,B,Z,BZ,Проверить наличие: продажи значимого товара прекратились,нет,976.25,6505.91,0.0,215,30,20,2,3.089,4.54,1591,42.03,93.11,нет,нет,да,да,нет,A,2009-12-01,2011-01-01
23153,ZINC SWEETHEART WIRE LETTER RACK,B,Y,BY,Оставить,нет,975.73,0.0,29.96,252,86,65,8,0.843,3.87,1592,42.06,93.12,нет,нет,нет,нет,нет,не продавался,2011-04-01,2011-11-01
21648,ASSORTED TUTTI FRUTTI SMALL PURSE,B,Z,BZ,Оставить,нет,975.41,2716.79,7.38,726,64,26,11,1.194,1.34,1593,42.09,93.13,нет,нет,нет,нет,нет,A,2009-12-01,2011-11-01
72816,SET/3 CHRISTMAS DECOUPAGE CANDLES,B,Z,BZ,Оставить,нет,975.32,666.2,0.0,868,68,26,9,1.988,1.12,1594,42.11,93.14,нет,нет,нет,нет,нет,C,2009-12-01,2011-10-01
51014L,"FEATHER PEN,LIGHT PINK",B,Y,BY,Оставить,нет,974.58,1102.21,28.68,1915,140,69,12,0.807,0.51,1595,42.14,93.15,нет,нет,нет,нет,да,B,2009-12-01,2011-11-01
20886,BOX OF 9 PEBBLE CANDLES,B,Y,BY,Оставить,нет,974.53,2553.99,0.0,479,102,55,12,0.765,2.03,1596,42.17,93.16,нет,нет,нет,нет,нет,A,2009-12-01,2011-11-01
22153,ANGEL DECORATION STARS ON DRESS,B,Z,BZ,Оставить: сезонный спрос,нет,974.09,1299.63,134.96,2299,113,56,8,1.366,0.42,1597,42.19,93.17,нет,да,нет,нет,нет,B,2009-12-01,2011-11-01
22673,FRENCH GARDEN SIGN BLUE METAL,B,X,BX,Оставить,нет,972.33,549.66,28.75,756,125,82,12,0.475,1.29,1598,42.22,93.18,нет,нет,нет,нет,нет,C,2010-08-01,2011-11-01
10125,MINI FUNKY DESIGN TAPES,B,Y,BY,Оставить,нет,971.89,721.79,22.1,1269,89,48,11,0.64,0.77,1599,42.25,93.19,нет,нет,нет,нет,нет,B,2009-12-01,2011-11-01
23517,EMBROIDERED RIBBON REEL REBECCA,B,Z,BZ,Наблюдать: новый товар,нет,970.36,0.0,26.02,326,60,48,3,2.273,2.98,1600,42.27,93.2,да,нет,нет,нет,нет,не продавался,2011-09-01,2011-11-01
22190,LOCAL CAFE MUG,B,Y,BY,Оставить,нет,970.32,1533.96,87.39,535,102,33,12,0.866,1.81,1601,42.3,93.21,нет,нет,нет,нет,нет,B,2009-12-01,2011-11-01
23088,ZINC HEART FLOWER T-LIGHT HOLDER,B,Z,BZ,Оставить,нет,969.0,0.0,64.28,761,70,51,7,1.126,1.27,1602,42.32,93.23,нет,нет,нет,нет,нет,не продавался,2011-05-01,2011-11-01
22231,JIGSAW TREE WITH BIRDHOUSE,B,Y,BY,Оставить,нет,967.71,1648.51,25.21,945,137,89,12,0.612,1.02,1603,42.35,93.24,нет,нет,нет,нет,нет,B,2009-12-01,2011-11-01
21288,STRIPEY CHOCOLATE NESTING BOXES,B,Y,BY,Оставить,нет,967.31,1496.06,32.9,321,103,33,12,0.691,3.01,1604,42.38,93.25,нет,нет,нет,нет,нет,B,2009-12-01,2011-11-01
85114B,IVORY ENCHANTED FOREST PLACEMAT,B,Y,BY,Оставить,нет,967.01,2783.46,51.04,491,84,35,12,0.708,1.97,1605,42.4,93.26,нет,нет,нет,нет,да,A,2009-12-01,2011-11-01
23041,PAPER LANTERN 9 POINT SNOW STAR,B,Z,BZ,Оставить,нет,966.91,0.0,111.97,229,48,43,8,1.254,4.22,1606,42.43,93.27,нет,нет,нет,нет,нет,не продавался,2011-04-01,2011-11-01
22581,WOOD STOCKING CHRISTMAS SCANDISPOT,B,Z,BZ,Оставить: сезонный спрос,нет,966.56,1715.35,170.72,1199,149,67,7,1.608,0.81,1607,42.46,93.28,нет,да,нет,нет,нет,B,2010-07-01,2011-11-01
35651,VINTAGE BEAD PINK SCARF,B,Z,BZ,Оставить,нет,966.04,71.78,0.0,439,57,29,8,1.113,2.2,1608,42.48,93.29,нет,нет,нет,нет,нет,C,2009-12-01,2011-11-01
21948,SET OF 6 CAKE CHOPSTICKS,B,Z,BZ,Оставить,нет,965.93,1943.13,12.3,635,150,37,12,1.116,1.52,1609,42.51,93.3,нет,нет,нет,нет,нет,B,2009-12-01,2011-11-01
22857,ASSORTED EASTER GIFT TAGS,B,Z,BZ,Оставить,нет,965.86,82.42,0.0,1145,61,56,7,1.459,0.84,1610,42.54,93.31,нет,нет,нет,нет,нет,C,2010-10-01,2011-10-01
22123,PING MICROWAVE APRON,B,Y,BY,Оставить,нет,960.65,560.36,107.73,397,104,50,12,0.554,2.42,1611,42.56,93.32,нет,нет,нет,нет,нет,C,2009-12-01,2011-11-01
23107,WHITE HEARTS WIRE PLANT POT HOLDER,B,Z,BZ,Оставить,нет,958.48,0.0,51.03,322,67,55,7,1.183,2.98,1612,42.59,93.33,нет,нет,нет,нет,нет,не продавался,2011-05-01,2011-11-01
79302M,"ART LIGHTS,FUNK MONKEY",B,Y,BY,Оставить,нет,957.04,757.46,80.5,340,58,25,11,0.882,2.81,1613,42.62,93.34,нет,нет,нет,нет,нет,B,2009-12-01,2011-11-01
22098,BOUDOIR SQUARE TISSUE BOX,B,Z,BZ,Оставить: сезонный спрос,нет,956.73,935.49,30.78,1893,162,94,12,1.441,0.51,1614,42.64,93.35,нет,да,нет,нет,нет,B,2009-12-01,2011-11-01
22242,"HOOK, 5 HANGER , MAGIC TOADSTOOL",B,Z,BZ,Проверить наличие: продажи значимого товара прекратились,нет,954.78,6565.53,0.0,616,33,22,3,2.425,1.55,1615,42.67,93.36,нет,нет,да,нет,нет,A,2009-12-01,2011-02-01
22279,POCKET BAG BLUE PAISLEY RED SPOT,B,Y,BY,Оставить,нет,953.92,1056.22,49.48,804,119,40,12,0.991,1.19,1616,42.69,93.37,нет,нет,нет,нет,нет,B,2009-12-01,2011-11-01
84913A,SOFT PINK ROSE TOWEL,B,Y,BY,Оставить,нет,952.83,1258.71,0.0,273,124,10,11,0.792,3.49,1617,42.72,93.38,нет,нет,нет,нет,да,B,2009-12-01,2011-11-01
22163,HEART STRING MEMO HOLDER HANGING,B,Z,BZ,Оставить,нет,952.4,1033.04,71.42,801,112,39,12,1.758,1.19,1618,42.75,93.39,нет,нет,нет,нет,нет,B,2009-12-01,2011-11-01
21389,IVORY HANGING DECORATION  BIRD,B,Y,BY,Оставить: сезонный спрос,нет,952.33,1033.66,11.9,1099,126,80,12,0.965,0.87,1619,42.77,93.4,нет,да,нет,нет,нет,B,2009-12-01,2011-11-01
23545,WRAP RED VINTAGE DOILY,B,Z,BZ,Наблюдать: новый товар,нет,952.1,0.0,73.5,2305,79,72,5,1.257,0.41,1620,42.8,93.41,да,нет,нет,нет,нет,не продавался,2011-07-01,2011-11-01
21058,PARTY INVITES WOODLAND,B,Y,BY,Оставить,нет,949.65,1089.93,5.81,1137,117,66,12,0.981,0.84,1621,42.83,93.42,нет,нет,нет,нет,нет,B,2009-12-01,2011-11-01
23512,EMBROIDERED RIBBON REEL ROSIE,B,Z,BZ,Наблюдать: новый товар,нет,948.23,0.0,27.01,488,51,42,3,2.524,1.94,1622,42.85,93.43,да,нет,нет,нет,нет,не продавался,2011-09-01,2011-11-01
23533,WALL ART GARDEN HAVEN,B,Z,BZ,Наблюдать: новый товар,нет,947.64,0.0,51.0,195,30,21,2,3.049,4.86,1623,42.88,93.44,да,нет,нет,нет,нет,не продавался,2011-10-01,2011-11-01
21717,EASTER TIN BUCKET,B,Z,BZ,Проверить наличие: продажи значимого товара прекратились,нет,946.93,3092.7,0.0,408,41,34,4,1.985,2.32,1624,42.91,93.45,нет,нет,да,нет,нет,A,2009-12-01,2011-03-01
15044B,BLUE PAPER PARASOL,B,Z,BZ,Оставить,нет,946.83,3697.3,0.0,321,60,36,9,1.207,2.95,1625,42.93,93.46,нет,нет,нет,нет,да,A,2009-12-01,2011-09-01
23518,EMBROIDERED RIBBON REEL RACHEL,B,Z,BZ,Наблюдать: новый товар,нет,945.73,0.0,17.34,349,42,38,3,2.558,2.71,1626,42.96,93.47,да,нет,нет,нет,нет,не продавался,2011-09-01,2011-11-01
23566,EGG CUP MILKMAID HEIDI,B,Z,BZ,Наблюдать: новый товар,нет,945.31,0.0,211.62,703,71,42,2,2.245,1.34,1627,42.99,93.48,да,нет,нет,нет,нет,не продавался,2011-10-01,2011-11-01
23540,WALL ART THE MAGIC FOREST,B,Z,BZ,Наблюдать: новый товар,нет,944.51,0.0,2.55,149,13,8,2,3.127,6.34,1628,43.01,93.49,да,нет,нет,да,нет,не продавался,2011-10-01,2011-11-01
85232D,SET/3 DECOUPAGE STACKING TINS,B,Y,BY,Оставить,нет,942.9,2639.46,34.77,185,64,42,10,0.927,5.1,1629,43.04,93.5,нет,нет,нет,нет,да,A,2009-12-01,2011-11-01
22262,FELT EGG COSY CHICKEN,B,Z,BZ,Оставить: сезонный спрос,нет,940.54,987.16,9.92,1015,133,62,12,1.038,0.93,1630,43.06,93.51,нет,да,нет,нет,нет,B,2009-12-01,2011-11-01
22681,FRENCH BLUE METAL DOOR SIGN 6,B,X,BX,Оставить,нет,940.12,586.37,19.28,686,121,45,12,0.429,1.37,1631,43.09,93.52,нет,нет,нет,нет,нет,C,2010-08-01,2011-11-01
84843,WHITE SOAP RACK WITH 2 BOTTLES,B,Y,BY,Оставить,нет,940.05,755.31,23.8,167,46,35,12,0.912,5.63,1632,43.12,93.53,нет,нет,нет,нет,нет,B,2009-12-01,2011-11-01
22246,"GARLAND, MAGIC GARDEN 1.8M",B,Y,BY,Оставить,нет,939.37,1301.78,0.0,419,89,30,12,0.567,2.24,1633,43.14,93.54,нет,нет,нет,нет,нет,B,2009-12-01,2011-11-01
84596G,SMALL CHOCOLATES PINK BOWL,B,Y,BY,Оставить,нет,939.33,496.7,17.13,1826,238,83,12,0.607,0.51,1634,43.17,93.55,нет,нет,нет,нет,да,C,2009-12-01,2011-11-01
84509G,SET OF 4 FAIRY CAKE PLACEMATS,B,Z,BZ,Оставить,нет,937.91,1094.96,27.5,497,63,38,11,1.619,1.89,1635,43.2,93.56,нет,нет,нет,нет,да,B,2009-12-01,2011-11-01
23514,EMBROIDERED RIBBON REEL SALLY,B,Z,BZ,Наблюдать: новый товар,нет,937.87,0.0,27.04,459,70,54,3,2.024,2.04,1636,43.22,93.57,да,нет,нет,нет,нет,не продавался,2011-09-01,2011-11-01
85034A,3 GARDENIA MORRIS BOXED CANDLES,B,Z,BZ,Оставить,нет,936.27,1453.42,0.0,501,77,58,11,2.162,1.87,1637,43.25,93.58,нет,нет,нет,нет,да,B,2009-12-01,2011-11-01
21683,MEDIUM MEDINA STAMPED METAL BOWL,B,Y,BY,Оставить,нет,931.0,1808.77,17.7,304,57,38,12,0.659,3.06,1638,43.28,93.59,нет,нет,нет,нет,нет,B,2009-12-01,2011-11-01
35471D,SET OF 3 BIRD LIGHT PINK FEATHER,B,Z,BZ,Оставить: сезонный спрос,нет,927.29,611.5,51.82,1746,212,110,12,1.35,0.53,1639,43.3,93.6,нет,да,нет,нет,нет,C,2009-12-01,2011-11-01
21198,WHITE HEART CONFETTI IN TUBE,B,Z,BZ,Оставить,нет,927.26,465.48,19.8,944,68,45,12,1.148,0.98,1640,43.33,93.61,нет,нет,нет,нет,нет,C,2009-12-01,2011-11-01
22270,HAPPY EASTER HANGING DECORATION,B,Z,BZ,Оставить: сезонный спрос,нет,927.2,1640.22,0.0,239,52,34,9,1.307,3.88,1641,43.36,93.62,нет,да,нет,нет,нет,B,2009-12-01,2011-11-01
21682,LARGE MEDINA STAMPED METAL BOWL,B,Y,BY,Оставить,нет,926.01,1831.68,4.95,181,54,42,12,0.81,5.12,1642,43.38,93.63,нет,нет,нет,нет,нет,B,2009-12-01,2011-11-01
22281,EASTER TREE YELLOW BIRDS,B,Z,BZ,Оставить,нет,923.49,2273.12,5.95,130,62,34,7,1.509,7.1,1643,43.41,93.64,нет,нет,нет,нет,нет,B,2009-12-01,2011-11-01
23179,CLOCK MAGNET MUM'S KITCHEN,B,Z,BZ,Оставить,нет,922.19,0.0,8.29,321,50,35,9,1.508,2.87,1644,43.43,93.65,нет,нет,нет,нет,нет,не продавался,2011-03-01,2011-11-01
22446,PIN CUSHION BABUSHKA PINK,B,Z,BZ,Оставить,нет,922.16,596.65,213.02,330,118,21,11,1.076,2.79,1645,43.46,93.66,нет,нет,нет,нет,нет,C,2010-03-01,2011-11-01
18098C,PORCELAIN BUTTERFLY OIL BURNER,B,Z,BZ,Оставить: сезонный спрос,нет,921.87,3718.07,0.0,265,61,24,8,2.265,3.48,1646,43.49,93.67,нет,да,нет,нет,нет,A,2009-12-01,2011-08-01
21802,CHRISTMAS TREE HEART DECORATION,B,Z,BZ,Оставить,нет,919.14,998.06,0.0,2122,180,45,12,1.107,0.43,1647,43.51,93.68,нет,нет,нет,нет,нет,B,2009-12-01,2011-11-01
20752,BLUE POLKADOT WASHING UP GLOVES,B,X,BX,Оставить: сезонный спрос,нет,918.35,1945.65,0.0,406,147,91,12,0.456,2.26,1648,43.54,93.69,нет,да,нет,нет,нет,B,2009-12-01,2011-11-01
22893,MINI CAKE STAND T-LIGHT HOLDER,B,Y,BY,Оставить,нет,917.16,375.07,11.34,1839,139,45,12,0.724,0.5,1649,43.57,93.7,нет,нет,нет,нет,нет,C,2010-10-01,2011-11-01
23380,PACK OF 12 VINTAGE DOILY TISSUES,B,Z,BZ,Наблюдать: новый товар,нет,914.41,0.0,59.73,2177,109,81,3,1.893,0.42,1650,43.59,93.71,да,нет,нет,нет,нет,не продавался,2011-09-01,2011-11-01
22924,FRIDGE MAGNETS LA VIE EN ROSE,B,Y,BY,Оставить,нет,913.7,168.82,149.4,995,78,59,12,0.613,0.92,1651,43.62,93.72,нет,нет,нет,нет,нет,C,2010-11-01,2011-11-01
20686,DOLLY MIXTURE CHILDREN'S UMBRELLA,B,Y,BY,Оставить,нет,912.92,1080.17,6.5,264,74,50,12,0.775,3.46,1652,43.65,93.73,нет,нет,нет,нет,нет,B,2009-12-01,2011-11-01
22923,FRIDGE MAGNETS LES ENFANTS ASSORTED,B,Y,BY,Оставить,нет,912.07,184.12,127.2,1066,73,60,12,0.668,0.86,1653,43.67,93.74,нет,нет,нет,нет,нет,C,2010-11-01,2011-11-01
22540,MINI JIGSAW CIRCUS PARADE,B,Y,BY,Оставить,нет,911.89,1449.43,48.97,2268,84,47,12,0.7,0.4,1654,43.7,93.75,нет,нет,нет,нет,нет,B,2010-03-01,2011-11-01
22519,CHILDS GARDEN BRUSH PINK,B,Y,BY,Оставить,нет,906.75,2036.82,0.0,411,88,53,7,0.968,2.21,1655,43.73,93.76,нет,нет,нет,нет,нет,B,2010-03-01,2011-06-01
22132,RED LOVE HEART SHAPE CUP,B,Y,BY,Оставить: сезонный спрос,нет,906.3,2050.78,22.53,1005,148,56,12,0.819,0.9,1656,43.75,93.77,нет,да,нет,нет,нет,B,2009-12-01,2011-11-01
23178,JAM CLOCK MAGNET,B,Z,BZ,Оставить,нет,902.42,0.0,31.58,308,62,47,9,1.312,2.93,1657,43.78,93.78,нет,нет,нет,нет,нет,не продавался,2011-03-01,2011-11-01
85131A,BEADED PEARL HEART WHITE ON STICK,B,Y,BY,Оставить,нет,901.48,716.5,0.0,996,119,19,10,0.866,0.91,1658,43.8,93.79,нет,нет,нет,нет,да,B,2009-12-01,2011-10-01
85185B,PINK HORSE SOCK PUPPET,B,Y,BY,Оставить,нет,900.39,943.07,0.0,297,71,51,12,0.551,3.03,1659,43.83,93.8,нет,нет,нет,нет,да,B,2009-12-01,2011-11-01
35646,VINTAGE BEAD PINK EVENING BAG,B,Y,BY,Оставить,нет,900.35,106.19,36.9,604,86,32,11,0.807,1.49,1660,43.86,93.81,нет,нет,нет,нет,нет,C,2009-12-01,2011-11-01
23183,MOTHER'S KITCHEN SPOON REST,B,Y,BY,Оставить,нет,899.91,0.0,44.76,214,80,44,9,0.95,4.21,1661,43.88,93.82,нет,нет,нет,нет,нет,не продавался,2011-03-01,2011-11-01
37501,TEA TIME TEA SET IN GIFT BOX,B,Z,BZ,Оставить,нет,899.88,2424.82,0.0,132,48,27,8,1.092,6.82,1662,43.91,93.83,нет,нет,нет,нет,нет,A,2009-12-01,2011-07-01
22785,SQUARECUSHION COVER PINK UNION FLAG,B,Y,BY,Оставить,нет,897.56,1119.54,190.01,122,65,41,11,0.777,7.36,1663,43.94,93.84,нет,нет,нет,нет,нет,B,2010-10-01,2011-11-01
20846,ZINC HEART LATTICE T-LIGHT HOLDER,B,Y,BY,Оставить,нет,897.48,999.49,59.84,672,84,47,12,0.745,1.34,1664,43.96,93.84,нет,нет,нет,нет,нет,B,2009-12-01,2011-11-01
21631,HIPPY CHIC DECORATIVE PARASOL,B,Z,BZ,Оставить,нет,896.01,675.74,0.0,169,27,15,6,2.308,5.3,1665,43.99,93.85,нет,нет,нет,нет,нет,B,2009-12-01,2011-11-01
21894,POTTING SHED SEED ENVELOPES,B,X,BX,Оставить,нет,895.83,934.06,6.25,587,127,55,12,0.451,1.53,1666,44.02,93.86,нет,нет,нет,нет,нет,B,2009-12-01,2011-11-01
21633,SUNFLOWER DECORATIVE PARASOL,B,Z,BZ,Оставить,нет,895.46,754.9,0.0,125,42,13,9,1.821,7.16,1667,44.04,93.87,нет,нет,нет,нет,нет,B,2009-12-01,2011-11-01
22719,GUMBALL MONOCHROME COAT RACK,B,Z,BZ,Проверить наличие: продажи значимого товара прекратились,нет,894.47,1089.61,0.0,619,108,25,6,1.256,1.45,1668,44.07,93.88,нет,нет,да,нет,нет,B,2010-04-01,2011-05-01
22307,GOLD MUG BONE CHINA TREE OF LIFE,B,Z,BZ,Оставить: сезонный спрос,нет,894.25,822.77,39.03,710,69,50,5,1.611,1.26,1669,44.1,93.89,нет,да,нет,нет,нет,B,2009-12-01,2011-11-01
22994,TRAVEL CARD WALLET RETROSPOT,B,Y,BY,Оставить,нет,891.11,0.0,55.75,2048,205,85,10,0.657,0.44,1670,44.12,93.9,нет,нет,нет,нет,нет,не продавался,2011-02-01,2011-11-01
84823,DANISH ROSE FOLDING CHAIR,B,Z,BZ,Проверить наличие: продажи значимого товара прекратились,нет,890.4,319.6,0.0,112,25,25,3,2.89,7.95,1671,44.15,93.91,нет,нет,да,нет,нет,C,2010-04-01,2011-02-01
23452,HEART MINI PORTRAIT FRAME,B,Z,BZ,Наблюдать: новый товар,нет,890.19,0.0,131.57,455,74,62,2,2.312,1.96,1672,44.17,93.92,да,нет,нет,нет,нет,не продавался,2011-10-01,2011-11-01
23072,MARIE ANTOINETTE TRINKET BOX SILVER,B,Z,BZ,Оставить,нет,889.76,0.0,0.0,262,28,20,6,2.894,3.4,1673,44.2,93.93,нет,нет,нет,нет,нет,не продавался,2011-05-01,2011-10-01
23281,FOLDING BUTTERFLY MIRROR RED,B,Z,BZ,Оставить,нет,887.74,0.0,113.08,1133,92,54,7,1.293,0.78,1674,44.23,93.94,нет,нет,нет,нет,нет,не продавался,2011-05-01,2011-11-01
21743,STAR PORTABLE TABLE LIGHT,B,Z,BZ,Оставить,нет,887.65,2879.43,0.0,299,49,28,10,2.043,2.97,1675,44.25,93.95,нет,нет,нет,нет,нет,A,2009-12-01,2011-09-01
22046,TEA PARTY  WRAPPING PAPER,B,X,BX,Оставить,нет,887.0,1684.5,31.5,2150,71,59,12,0.406,0.41,1676,44.28,93.96,нет,нет,нет,нет,нет,B,2009-12-01,2011-11-01
70007,HI TEC ALPINE HAND WARMER,B,Z,BZ,Оставить,нет,885.97,728.22,50.59,780,98,40,8,1.753,1.14,1677,44.31,93.97,нет,нет,нет,нет,нет,B,2009-12-01,2011-11-01
84519A,TOMATO CHARLIE+LOLA COASTER SET,B,Y,BY,Оставить: сезонный спрос,нет,884.76,1882.9,20.79,499,80,40,12,0.723,1.77,1678,44.33,93.98,нет,да,нет,нет,да,B,2009-12-01,2011-11-01
22524,CHILDRENS GARDEN GLOVES BLUE,B,Z,BZ,Проверить наличие: продажи значимого товара прекратились,нет,883.2,1815.03,0.0,642,81,55,6,1.138,1.38,1679,44.36,93.99,нет,нет,да,нет,нет,B,2010-03-01,2011-05-01
22251,BIRDHOUSE DECORATION MAGIC GARDEN,B,Z,BZ,Оставить,нет,882.11,1428.15,7.38,709,135,66,12,1.007,1.24,1680,44.39,94.0,нет,нет,нет,нет,нет,B,2009-12-01,2011-11-01
22317,FIVE CATS HANGING DECORATION,B,Z,BZ,Оставить,нет,879.67,947.97,0.0,286,89,35,12,1.044,3.08,1681,44.41,94.01,нет,нет,нет,нет,нет,B,2009-12-01,2011-11-01
21465,PINK FLOWER CROCHET FOOD COVER,B,Y,BY,Оставить,нет,875.3,1970.34,22.5,231,78,54,12,0.544,3.79,1682,44.44,94.02,нет,нет,нет,нет,нет,B,2009-12-01,2011-11-01
22209,WOOD STAMP SET HAPPY BIRTHDAY,B,Y,BY,Оставить,нет,874.61,763.32,79.65,840,163,94,12,0.683,1.04,1683,44.46,94.03,нет,нет,нет,нет,нет,B,2009-12-01,2011-11-01
22758,LARGE PURPLE BABUSHKA NOTEBOOK,B,Y,BY,Оставить,нет,873.05,1493.1,237.2,658,142,64,12,0.594,1.33,1684,44.49,94.03,нет,нет,нет,нет,нет,B,2010-08-01,2011-11-01
21786,POLKADOT RAIN HAT,B,Y,BY,Оставить,нет,871.23,2111.88,45.76,1855,214,55,12,0.69,0.47,1685,44.52,94.04,нет,нет,нет,нет,нет,B,2009-12-01,2011-11-01
22069,BROWN  PIRATE TREASURE CHEST,B,Y,BY,Оставить: сезонный спрос,нет,870.69,1171.13,122.81,295,129,21,12,0.805,2.95,1686,44.54,94.05,нет,да,нет,нет,нет,B,2009-12-01,2011-11-01
22761,CHEST 7 DRAWER MA CAMPAGNE,B,Y,BY,Оставить,нет,870.43,287.4,24.95,35,25,21,11,0.747,24.87,1687,44.57,94.06,нет,нет,нет,нет,нет,C,2010-10-01,2011-11-01
22210,WOOD STAMP SET BEST WISHES,B,Z,BZ,Оставить,нет,869.29,920.58,88.75,916,175,110,12,1.167,0.95,1688,44.6,94.07,нет,нет,нет,нет,нет,B,2009-12-01,2011-11-01
84536B,FAIRY CAKES NOTEBOOK A7 SIZE,B,Y,BY,Оставить,нет,867.04,675.78,4.99,2052,173,71,12,0.904,0.42,1689,44.62,94.08,нет,нет,нет,нет,да,B,2009-12-01,2011-11-01
23532,WALL ART WORK REST AND PLAY,B,Z,BZ,Наблюдать: новый товар,нет,865.44,0.0,36.14,196,27,22,2,2.87,4.42,1690,44.65,94.09,да,нет,нет,да,нет,не продавался,2011-10-01,2011-11-01
22277,COSMETIC BAG VINTAGE ROSE PAISLEY,B,Y,BY,Оставить,нет,864.35,2029.75,33.39,404,95,52,12,0.975,2.14,1691,44.68,94.1,нет,нет,нет,нет,нет,B,2009-12-01,2011-11-01
47504H,ENGLISH ROSE SPIRIT LEVEL,B,Z,BZ,Оставить,нет,862.09,148.69,102.29,877,107,62,12,1.245,0.98,1692,44.7,94.11,нет,нет,нет,нет,да,C,2009-12-01,2011-11-01
85036C,ROSE 1 WICK MORRIS BOXED CANDLE,B,Z,BZ,Оставить,нет,860.41,557.91,0.0,549,81,65,11,1.711,1.57,1693,44.73,94.12,нет,нет,нет,нет,да,C,2009-12-01,2011-11-01
47593B,SCOTTIE DOGS BABY BIB,B,Y,BY,Оставить,нет,858.8,374.86,92.31,1780,237,66,12,0.726,0.48,1694,44.76,94.13,нет,нет,нет,нет,да,C,2009-12-01,2011-11-01
22321,BIRD DECORATION RED RETROSPOT,B,Y,BY,Оставить,нет,856.04,1479.02,4.89,890,130,45,12,0.679,0.96,1695,44.78,94.14,нет,нет,нет,нет,нет,B,2009-12-01,2011-11-01
84849D,HOT BATHS SOAP HOLDER,B,Y,BY,Оставить,нет,855.62,1755.89,3.38,492,113,64,12,0.733,1.74,1696,44.81,94.15,нет,нет,нет,нет,да,B,2010-01-01,2011-11-01
21823,PAINTED METAL HEART WITH HOLLY BELL,B,Z,BZ,Оставить: сезонный спрос,нет,854.35,1558.57,0.0,1372,97,61,11,1.984,0.62,1697,44.83,94.15,нет,да,нет,нет,нет,B,2009-12-01,2011-11-01
22500,SET OF 2 TINS JARDIN DE PROVENCE,B,X,BX,Оставить,нет,853.3,1660.46,113.75,157,77,60,12,0.455,5.44,1698,44.86,94.16,нет,нет,нет,нет,нет,B,2010-01-01,2011-11-01
23502,PLAYING CARDS VINTAGE DOILY,B,Z,BZ,Наблюдать: новый товар,нет,852.66,0.0,43.75,679,87,74,3,1.94,1.26,1699,44.89,94.17,да,нет,нет,нет,нет,не продавался,2011-09-01,2011-11-01
21695,SMALL SILVER FLOWER CANDLE POT,B,Y,BY,Оставить,нет,851.89,1091.55,5.79,283,40,35,12,0.825,3.01,1700,44.91,94.18,нет,нет,нет,нет,нет,B,2009-12-01,2011-11-01
21209,MULTICOLOUR HONEYCOMB FAN,B,Y,BY,Оставить,нет,850.45,458.7,15.99,1171,84,45,12,0.859,0.73,1701,44.94,94.19,нет,нет,нет,нет,нет,C,2009-12-01,2011-11-01
21199,PINK  HEART CONFETTI IN TUBE,B,Z,BZ,Оставить: сезонный спрос,нет,848.37,607.37,19.8,906,76,43,11,1.446,0.94,1702,44.97,94.2,нет,да,нет,нет,нет,C,2009-12-01,2011-11-01
21708,FOLDING UMBRELLA CREAM POLKADOT,B,Y,BY,Оставить,нет,848.2,1458.52,9.96,188,62,27,10,0.808,4.51,1703,44.99,94.21,нет,нет,нет,нет,нет,B,2009-12-01,2011-11-01
22683,FRENCH BLUE METAL DOOR SIGN 8,B,X,BX,Оставить,нет,847.09,630.17,11.9,624,117,54,12,0.44,1.36,1704,45.02,94.22,нет,нет,нет,нет,нет,C,2010-08-01,2011-11-01
23461,SWEETHEART BIRD HOUSE,B,Z,BZ,Наблюдать: новый товар,нет,845.88,0.0,2178.73,198,82,68,3,2.274,4.27,1705,45.05,94.23,да,нет,нет,нет,нет,не продавался,2011-09-01,2011-11-01
23002,TRAVEL CARD WALLET SKULLS,B,Y,BY,Оставить,нет,845.16,0.0,38.97,1963,175,80,10,0.649,0.43,1706,45.07,94.24,нет,нет,нет,нет,нет,не продавался,2011-02-01,2011-11-01
22682,FRENCH BLUE METAL DOOR SIGN 7,B,X,BX,Оставить,нет,844.85,625.11,39.4,635,108,50,12,0.407,1.33,1707,45.1,94.25,нет,нет,нет,нет,нет,C,2010-08-01,2011-11-01
84535B,FAIRY CAKES NOTEBOOK A6 SIZE,B,Y,BY,Оставить: сезонный спрос,нет,843.22,897.56,6.98,1325,150,78,12,0.676,0.64,1708,45.13,94.25,нет,да,нет,нет,да,B,2009-12-01,2011-11-01
21204,DAISIES  HONEYCOMB GARLAND,B,Y,BY,Оставить: сезонный спрос,нет,842.05,1743.3,26.39,484,82,42,12,0.688,1.74,1709,45.15,94.26,нет,да,нет,нет,нет,B,2009-12-01,2011-11-01
21880,RED RETROSPOT TAPE,B,Y,BY,Оставить,нет,840.62,423.25,10.36,1874,235,82,12,0.799,0.45,1710,45.18,94.27,нет,нет,нет,нет,нет,C,2009-12-01,2011-11-01
37327,ASSTD MULTICOLOUR CIRCLES MUG,B,Y,BY,Оставить,нет,840.08,211.61,0.0,1578,81,36,11,0.814,0.53,1711,45.2,94.28,нет,нет,нет,нет,нет,C,2009-12-01,2011-11-01
17091J,VANILLA INCENSE IN TIN,B,Y,BY,Оставить,нет,838.59,1283.68,82.08,1868,87,58,12,0.51,0.45,1712,45.23,94.29,нет,нет,нет,нет,да,B,2009-12-01,2011-11-01
23004,TRAVEL CARD WALLET PANTRY,B,Y,BY,Оставить,нет,838.23,0.0,54.85,1864,207,70,10,0.54,0.45,1713,45.26,94.3,нет,нет,нет,нет,нет,не продавался,2011-02-01,2011-11-01
22565,FELTCRAFT HAIRBANDS PINK AND WHITE,B,Y,BY,Оставить: сезонный спрос,нет,837.52,1029.52,35.15,910,136,82,12,0.517,0.92,1714,45.28,94.31,нет,да,нет,нет,нет,B,2010-03-01,2011-11-01
85183A,CHARLIE & LOLA WASTEPAPER BIN BLUE,B,Y,BY,Оставить,нет,835.79,1423.71,16.25,654,84,59,10,0.671,1.28,1715,45.31,94.32,нет,нет,нет,нет,да,B,2009-12-01,2011-11-01
85049H,URBAN BLACK RIBBONS,B,Y,BY,Оставить,нет,835.07,1198.08,34.03,807,174,58,12,0.927,1.03,1716,45.34,94.33,нет,нет,нет,нет,да,B,2009-12-01,2011-11-01
21399,BLUE POLKADOT COFFEE MUG,B,Z,BZ,Оставить,нет,832.17,680.83,0.0,1958,69,49,7,1.788,0.43,1717,45.36,94.33,нет,нет,нет,нет,нет,B,2009-12-01,2011-06-01
22695,WICKER WREATH SMALL,B,Z,BZ,Оставить: сезонный спрос,нет,830.43,1068.66,171.06,531,98,64,11,1.187,1.56,1718,45.39,94.34,нет,да,нет,нет,нет,B,2010-07-01,2011-11-01
21359,RELAX LARGE WOOD LETTERS,B,Z,BZ,Оставить,нет,828.33,1240.3,0.0,128,28,22,7,1.895,6.47,1719,45.42,94.35,нет,нет,нет,нет,нет,B,2009-12-01,2011-08-01
23423,PANTRY 3 HOOK ROLLING PIN HANGER,B,Z,BZ,Наблюдать: новый товар,нет,828.27,0.0,48.63,209,61,45,3,1.866,3.96,1720,45.44,94.36,да,нет,нет,нет,нет,не продавался,2011-09-01,2011-11-01
84660C,PINK STITCHED WALL CLOCK,B,Z,BZ,Оставить,нет,828.24,393.72,0.0,679,61,20,10,1.462,1.22,1721,45.47,94.37,нет,нет,нет,нет,да,C,2009-12-01,2011-09-01
22862,LOVE HEART NAPKIN BOX,B,Z,BZ,Проверить наличие: продажи значимого товара прекратились,нет,826.95,2529.27,0.0,171,66,42,2,2.292,4.84,1722,45.5,94.38,нет,нет,да,нет,нет,A,2010-09-01,2011-01-01
21294,ETCHED GLASS COASTER,B,Z,BZ,Оставить,нет,825.49,828.26,0.0,1618,71,46,11,1.21,0.51,1723,45.52,94.39,нет,нет,нет,нет,нет,B,2009-12-01,2011-10-01
85176,SEWING SUSAN 21 NEEDLE SET,B,X,BX,Оставить,нет,825.06,1402.33,55.41,873,160,49,12,0.467,0.95,1724,45.55,94.4,нет,нет,нет,нет,нет,B,2009-12-01,2011-11-01
22599,CHRISTMAS MUSICAL ZINC STAR,B,Z,BZ,Оставить: сезонный спрос,нет,824.45,1009.12,122.91,1692,103,50,6,1.915,0.49,1725,45.57,94.41,нет,да,нет,нет,нет,B,2010-07-01,2011-11-01
21694,SMALL REGAL  SILVER CANDLEPOT,B,Z,BZ,Оставить,нет,822.63,752.83,17.7,301,23,17,10,2.119,2.73,1726,45.6,94.41,нет,нет,нет,да,нет,B,2009-12-01,2011-11-01
23071,MARIE ANTOINETTE TRINKET BOX GOLD,B,Z,BZ,Оставить,нет,821.1,0.0,0.0,243,17,15,6,2.694,3.38,1727,45.63,94.42,нет,нет,нет,нет,нет,не продавался,2011-04-01,2011-10-01
22276,WASH BAG VINTAGE ROSE PAISLEY,B,Y,BY,Оставить,нет,820.32,4043.45,18.54,284,82,51,12,0.885,2.89,1728,45.65,94.43,нет,нет,нет,нет,нет,A,2009-12-01,2011-11-01
21291,SMALL POLKADOT CHOCOLATE GIFT BAG,B,Y,BY,Оставить,нет,819.64,1230.24,0.0,943,52,32,12,0.933,0.87,1729,45.68,94.44,нет,нет,нет,нет,нет,B,2009-12-01,2011-11-01
46776F,WOVEN ROSE GARDEN CUSHION COVER,B,Y,BY,Оставить,нет,817.89,792.61,94.14,195,82,6,12,0.999,4.19,1730,45.71,94.45,нет,нет,нет,нет,да,B,2009-12-01,2011-11-01
22162,HEART GARLAND RUSTIC PADDED,B,Z,BZ,Оставить,нет,817.64,2893.71,0.0,256,90,20,11,1.372,3.19,1731,45.73,94.46,нет,нет,нет,нет,нет,A,2009-12-01,2011-11-01
22308,TEA COSY BLUE STRIPE,B,Y,BY,Оставить,нет,817.58,1141.37,59.8,236,94,26,12,0.8,3.46,1732,45.76,94.47,нет,нет,нет,нет,нет,B,2009-12-01,2011-11-01
21804,WHITE CHRISTMAS GARLAND STARS TREES,B,Z,BZ,Оставить: сезонный спрос,нет,815.03,1410.96,15.0,221,64,36,4,2.118,3.69,1733,45.79,94.48,нет,да,нет,нет,нет,B,2009-12-01,2011-11-01
84660A,WHITE STITCHED WALL CLOCK,B,Z,BZ,Оставить,нет,813.29,94.67,0.0,847,44,30,9,1.5,0.96,1734,45.81,94.48,нет,нет,нет,нет,да,C,2009-12-01,2011-10-01
23220,REINDEER HEART DECORATION GOLD,B,Z,BZ,Наблюдать: новый товар,нет,813.07,0.0,56.08,937,89,52,6,1.61,0.87,1735,45.84,94.49,да,нет,нет,нет,нет,не продавался,2011-06-01,2011-11-01
23099,FRENCH CARRIAGE LANTERN,B,Z,BZ,Оставить,нет,812.32,0.0,73.13,122,50,43,7,1.051,6.66,1736,45.87,94.5,нет,нет,нет,нет,нет,не продавался,2011-05-01,2011-11-01
22249,DECORATION WHITE CHICK MAGIC GARDEN,B,Z,BZ,Оставить: сезонный спрос,нет,811.23,621.8,1.63,927,144,73,10,1.371,0.88,1737,45.89,94.51,нет,да,нет,нет,нет,C,2009-12-01,2011-11-01
22341,LOVE GARLAND PAINTED ZINC,B,Y,BY,Оставить,нет,811.18,3046.06,16.45,448,75,37,12,0.668,1.81,1738,45.92,94.52,нет,нет,нет,нет,нет,A,2009-12-01,2011-11-01
21125,SET 6 FOOTBALL CELEBRATION CANDLES,B,Y,BY,Оставить,нет,811.1,1362.9,18.63,644,95,57,12,0.595,1.26,1739,45.94,94.53,нет,нет,нет,нет,нет,B,2009-12-01,2011-11-01
84509B,SET OF 4 FAIRY CAKE PLACEMATS,B,Y,BY,Оставить,нет,809.59,1631.63,33.75,213,80,35,12,0.768,3.8,1740,45.97,94.54,нет,нет,нет,нет,да,B,2009-12-01,2011-11-01
22442,GROW YOUR OWN FLOWERS SET OF 3,B,Y,BY,Оставить,нет,809.15,3508.12,400.35,99,54,47,10,0.645,8.17,1741,46.0,94.54,нет,нет,нет,нет,нет,A,2010-03-01,2011-11-01
22537,MAGIC DRAWING SLATE DINOSAUR,B,Y,BY,Оставить,нет,807.04,1576.91,16.8,1841,166,111,12,0.629,0.44,1742,46.02,94.55,нет,нет,нет,нет,нет,B,2010-03-01,2011-11-01
22254,FELT TOADSTOOL LARGE,B,Z,BZ,Оставить: сезонный спрос,нет,806.8,880.41,30.0,633,59,31,12,1.253,1.27,1743,46.05,94.56,нет,да,нет,нет,нет,B,2009-12-01,2011-11-01
85194L,HANGING SPRING FLOWER EGG LARGE,B,Z,BZ,Оставить: сезонный спрос,нет,805.89,737.74,0.0,927,71,51,6,1.456,0.87,1744,46.08,94.57,нет,да,нет,нет,да,B,2009-12-01,2011-11-01
20986,BLUE CALCULATOR RULER,B,Z,BZ,Оставить,нет,803.65,701.21,26.09,637,105,36,12,1.358,1.26,1745,46.1,94.58,нет,нет,нет,нет,нет,B,2009-12-01,2011-11-01
22814,CARD PARTY GAMES,B,X,BX,Оставить,нет,803.45,259.3,85.02,1906,224,73,12,0.351,0.42,1746,46.13,94.59,нет,нет,нет,нет,нет,C,2010-09-01,2011-11-01
23479,WIRE EGG BASKET,B,Z,BZ,Наблюдать: новый товар,нет,802.47,0.0,69.91,105,39,33,2,2.511,7.64,1747,46.16,94.6,да,нет,нет,нет,нет,не продавался,2011-10-01,2011-11-01
22268,EASTER DECORATION SITTING BUNNY,B,Y,BY,Оставить,нет,802.34,468.95,0.0,2009,158,73,11,0.808,0.4,1748,46.18,94.61,нет,нет,нет,нет,нет,C,2009-12-01,2011-11-01
85169A,IVORY LOVE BIRD CANDLE,B,Z,BZ,Оставить,нет,801.93,572.8,11.09,807,85,43,12,1.543,0.99,1749,46.21,94.61,нет,нет,нет,нет,да,C,2009-12-01,2011-11-01
23055,IVORY CHANDELIER T-LIGHT HOLDER,B,Z,BZ,Оставить,нет,800.46,0.0,0.0,321,34,31,8,1.754,2.49,1750,46.24,94.62,нет,нет,нет,нет,нет,не продавался,2011-04-01,2011-11-01
22093,MOTORING TISSUE BOX,B,Z,BZ,Оставить,нет,799.9,554.58,22.23,1773,153,110,11,1.191,0.45,1751,46.26,94.63,нет,нет,нет,нет,нет,C,2009-12-01,2011-11-01
23186,FRENCH STYLE STORAGE JAR CAFE,B,Z,BZ,Оставить,нет,796.3,0.0,15.66,1922,67,56,7,1.4,0.41,1752,46.29,94.64,нет,нет,нет,нет,нет,не продавался,2011-03-01,2011-11-01
72818,CHRISTMAS DECOUPAGE CANDLE,B,Z,BZ,Оставить,нет,796.06,461.15,0.0,1809,75,51,7,2.44,0.44,1753,46.31,94.65,нет,нет,нет,нет,нет,C,2009-12-01,2011-10-01
22706,WRAP COWBOYS,B,Y,BY,Оставить,нет,795.44,845.3,42.0,1932,66,60,12,0.733,0.41,1754,46.34,94.66,нет,нет,нет,нет,нет,B,2010-06-01,2011-11-01
22438,BALLOON ART MAKE YOUR OWN FLOWERS,B,Y,BY,Оставить,нет,794.59,878.32,240.31,412,78,48,12,0.865,1.93,1755,46.37,94.66,нет,нет,нет,нет,нет,B,2010-04-01,2011-11-01
23519,EMBROIDERED RIBBON REEL CLAIRE,B,Z,BZ,Наблюдать: новый товар,нет,792.31,0.0,0.0,224,24,18,3,2.332,3.54,1756,46.39,94.67,да,нет,нет,нет,нет,не продавался,2011-09-01,2011-11-01
21642,ASSORTED TUTTI FRUTTI PEN,B,Z,BZ,Оставить,нет,792.31,1647.55,10.58,2357,95,76,10,1.268,0.34,1757,46.42,94.68,нет,нет,нет,нет,нет,B,2009-12-01,2011-11-01
23564,EGG CUP MILKMAID INGRID,B,Z,BZ,Наблюдать: новый товар,нет,789.29,0.0,52.02,614,64,38,2,2.341,1.29,1758,46.45,94.69,да,нет,нет,нет,нет,не продавался,2011-10-01,2011-11-01
23551,PACK OF 12 PAISLEY PARK TISSUES,B,Z,BZ,Наблюдать: новый товар,нет,787.61,0.0,52.23,1723,123,85,3,1.8,0.46,1759,46.47,94.7,да,нет,нет,нет,нет,не продавался,2011-09-01,2011-11-01
20839,FRENCH PAISLEY CUSHION COVER,B,Y,BY,Оставить,нет,785.55,177.67,54.89,542,98,41,11,0.925,1.45,1760,46.5,94.71,нет,нет,нет,нет,нет,C,2009-12-01,2011-11-01
84006,MAGIC TREE -PAPER FLOWERS,B,Z,BZ,Оставить: сезонный спрос,нет,784.1,889.37,64.6,842,98,45,12,1.24,0.93,1761,46.53,94.72,нет,да,нет,нет,нет,B,2009-12-01,2011-11-01
22701,PINK DOG BOWL,B,Y,BY,Оставить,нет,783.61,397.68,109.78,455,93,31,12,0.898,1.72,1762,46.55,94.72,нет,нет,нет,нет,нет,C,2010-06-01,2011-11-01
22518,CHILDS GARDEN BRUSH BLUE,B,Z,BZ,Проверить наличие: продажи значимого товара прекратились,нет,783.54,2116.26,0.0,363,81,44,6,1.172,2.16,1763,46.58,94.73,нет,нет,да,нет,нет,B,2010-03-01,2011-05-01
23324,RUSTIC STRAWBERRY JAM POT LARGE,B,Z,BZ,Наблюдать: новый товар,нет,782.82,0.0,8.26,385,42,37,4,1.785,2.03,1764,46.61,94.74,да,нет,нет,нет,нет,не продавался,2011-08-01,2011-11-01
85035A,GARDENIA 3 WICK MORRIS BOXED CANDLE,B,Z,BZ,Оставить,нет,782.24,1449.88,0.0,274,82,58,10,1.787,2.85,1765,46.63,94.75,нет,нет,нет,нет,да,B,2009-12-01,2011-10-01
21789,KIDS RAIN MAC PINK,B,Y,BY,Оставить,нет,780.77,1572.22,22.03,899,89,54,12,0.649,0.87,1766,46.66,94.76,нет,нет,нет,нет,нет,B,2009-12-01,2011-11-01
22099,CARAVAN SQUARE TISSUE BOX,B,Z,BZ,Оставить: сезонный спрос,нет,779.98,769.87,20.61,1419,143,92,12,1.091,0.55,1767,46.68,94.77,нет,да,нет,нет,нет,B,2009-12-01,2011-11-01
22343,PARTY PIZZA DISH RED RETROSPOT,B,Z,BZ,Оставить,нет,779.43,1112.41,73.56,1560,81,40,12,1.147,0.5,1768,46.71,94.77,нет,нет,нет,нет,нет,B,2009-12-01,2011-11-01
21272,SALLE DE BAIN HOOK,B,Z,BZ,Оставить,нет,777.57,2332.26,0.0,548,103,49,9,1.206,1.42,1769,46.74,94.78,нет,нет,нет,нет,нет,B,2009-12-01,2011-08-01
84509C,SET OF 4 POLKADOT PLACEMATS,B,Y,BY,Оставить,нет,776.4,770.06,44.76,167,75,20,12,0.597,4.65,1770,46.76,94.79,нет,нет,нет,нет,да,B,2009-12-01,2011-11-01
22451,SILK PURSE BABUSHKA RED,B,Z,BZ,Проверить наличие: продажи значимого товара прекратились,нет,775.8,3701.09,0.0,222,51,35,6,2.047,3.49,1771,46.79,94.8,нет,нет,да,нет,нет,A,2010-03-01,2011-05-01
23472,NINE DRAWER OFFICE TIDY,B,Z,BZ,Наблюдать: новый товар,нет,774.82,0.0,119.6,50,28,25,2,2.339,15.5,1772,46.82,94.81,да,нет,нет,нет,нет,не продавался,2011-10-01,2011-11-01
22546,MINI JIGSAW PURDEY,B,Z,BZ,Оставить,нет,772.87,960.82,26.69,1975,75,44,12,1.013,0.39,1773,46.84,94.82,нет,нет,нет,нет,нет,B,2010-03-01,2011-11-01
23413,VINTAGE COFFEE GRINDER BOX,B,Z,BZ,Наблюдать: новый товар,нет,769.52,0.0,80.39,144,53,30,3,1.794,5.34,1774,46.87,94.82,да,нет,нет,нет,нет,не продавался,2011-09-01,2011-11-01
21618,4 WILDFLOWER BOTANICAL CANDLES,B,Z,BZ,Оставить,нет,768.37,1055.37,0.0,404,91,48,11,1.244,1.9,1775,46.9,94.83,нет,нет,нет,нет,нет,B,2009-12-01,2011-11-01
22228,BUNNY WOODEN PAINTED WITH BIRD,B,Y,BY,Оставить: сезонный спрос,нет,766.47,668.62,11.31,971,143,78,11,0.9,0.79,1776,46.92,94.84,нет,да,нет,нет,нет,C,2009-12-01,2011-11-01
22587,FELTCRAFT HAIRBAND RED AND BLUE,B,Y,BY,Оставить: сезонный спрос,нет,764.92,1010.67,65.6,850,142,94,12,0.874,0.9,1777,46.95,94.85,нет,да,нет,нет,нет,B,2010-03-01,2011-11-01
23521,WALL ART CAT AND BIRD,B,Z,BZ,Наблюдать: новый товар,нет,763.17,0.0,30.2,407,38,20,2,2.62,1.88,1778,46.97,94.86,да,нет,нет,нет,нет,не продавался,2011-10-01,2011-11-01
85032A,ROMANTIC IMAGES GIFT WRAP SET,B,Y,BY,Оставить,нет,762.83,547.02,13.66,771,130,80,10,0.897,0.99,1779,47.0,94.86,нет,нет,нет,нет,да,C,2009-12-01,2011-11-01
23106,ZINC HEARTS PLANT POT HOLDER,B,Y,BY,Оставить,нет,762.74,0.0,18.17,256,48,44,7,0.949,2.98,1780,47.03,94.87,нет,нет,нет,нет,нет,не продавался,2011-05-01,2011-11-01
22118,JOY WOODEN BLOCK LETTERS,B,Z,BZ,Оставить: сезонный спрос,нет,762.0,2936.91,133.26,140,71,52,10,1.053,5.44,1781,47.05,94.88,нет,да,нет,нет,нет,A,2009-12-01,2011-11-01
22068,BLACK PIRATE TREASURE CHEST,B,Y,BY,Оставить,нет,761.59,1123.43,75.0,344,125,47,12,0.708,2.21,1782,47.08,94.89,нет,нет,нет,нет,нет,B,2009-12-01,2011-11-01
22522,CHILDS GARDEN FORK BLUE,B,Y,BY,Оставить,нет,761.54,1120.47,0.85,917,126,99,12,0.974,0.83,1783,47.11,94.9,нет,нет,нет,нет,нет,B,2010-03-01,2011-11-01
21905,MORE BUTTER METAL SIGN,B,Y,BY,Оставить,нет,761.47,1319.46,60.14,686,157,84,12,0.825,1.11,1784,47.13,94.91,нет,нет,нет,нет,нет,B,2009-12-01,2011-11-01
85135C,RED DRAGONFLY HELICOPTER,B,Z,BZ,Оставить,нет,760.98,453.59,95.4,94,59,35,12,1.384,8.1,1785,47.16,94.91,нет,нет,нет,нет,да,C,2009-12-01,2011-11-01
85125,SMALL ROUND CUT GLASS CANDLESTICK,B,Z,BZ,Оставить,нет,760.39,699.32,0.0,161,33,14,10,1.014,4.72,1786,47.19,94.92,нет,нет,нет,нет,нет,B,2009-12-01,2011-11-01
10002,INFLATABLE POLITICAL GLOBE,B,Z,BZ,Проверить наличие: продажи значимого товара прекратились,нет,759.89,5299.67,0.0,860,71,40,5,1.592,0.88,1787,47.21,94.93,нет,нет,да,нет,нет,A,2009-12-01,2011-04-01
85130B,BEADED CRYSTAL HEART GREEN LARGE,B,Z,BZ,Оставить,нет,759.64,157.9,0.79,833,61,43,11,1.278,0.91,1788,47.24,94.94,нет,нет,нет,нет,да,C,2010-01-01,2011-11-01
22705,WRAP GREEN PEARS,B,X,BX,Оставить,нет,759.36,777.0,21.0,1808,74,59,12,0.459,0.42,1789,47.27,94.95,нет,нет,нет,нет,нет,B,2010-05-01,2011-11-01
85163B,BLACK BAROQUE WALL CLOCK,B,Z,BZ,Оставить,нет,758.72,484.98,24.96,83,35,10,10,1.458,9.14,1790,47.29,94.95,нет,нет,нет,нет,да,C,2009-12-01,2011-11-01
85170D,SET/6 PINK BIRD T-LIGHT CANDLES,B,Y,BY,Оставить,нет,757.72,497.27,37.17,441,94,30,12,0.86,1.72,1791,47.32,94.96,нет,нет,нет,нет,да,C,2009-12-01,2011-11-01
22454,MEASURING TAPE BABUSHKA RED,B,Z,BZ,Оставить,нет,757.02,3158.91,0.0,266,41,31,11,2.102,2.85,1792,47.34,94.97,нет,нет,нет,нет,нет,A,2010-03-01,2011-11-01
21162,TOXIC AREA  DOOR HANGER,B,Z,BZ,Оставить,нет,756.42,818.14,36.56,1398,150,96,12,1.067,0.54,1793,47.37,94.98,нет,нет,нет,нет,нет,B,2009-12-01,2011-11-01
22480,RED TEA TOWEL CLASSIC DESIGN,B,Y,BY,Оставить,нет,755.96,2107.1,0.0,630,73,57,9,0.941,1.2,1794,47.4,94.99,нет,нет,нет,нет,нет,B,2010-03-01,2011-08-01
21462,"NURSERY A,B,C PAINTED LETTERS",B,Y,BY,Оставить,нет,754.95,1493.01,177.45,107,61,46,11,0.67,7.06,1795,47.42,94.99,нет,нет,нет,нет,нет,B,2009-12-01,2011-11-01
21287,SCENTED VELVET LOUNGE CANDLE,C,Z,CZ,Оставить,нет,754.45,1099.85,5.7,1775,53,45,10,1.071,0.43,1796,47.45,95.0,нет,нет,нет,нет,нет,B,2009-12-01,2011-11-01
22336,DOVE DECORATION PAINTED ZINC,C,Z,CZ,Оставить,нет,754.03,1480.93,0.0,2381,79,47,11,1.673,0.32,1797,47.48,95.01,нет,нет,нет,нет,нет,B,2009-12-01,2011-10-01
22685,FRENCH BLUE METAL DOOR SIGN 0,C,X,CX,Оставить,нет,753.94,615.04,14.36,573,96,49,12,0.439,1.32,1798,47.5,95.02,нет,нет,нет,нет,нет,C,2010-08-01,2011-11-01
23550,WRAP ALPHABET POSTER,C,Z,CZ,Наблюдать: новый товар,нет,752.6,0.0,10.5,1830,63,59,5,1.257,0.41,1799,47.53,95.03,да,нет,нет,нет,нет,не продавался,2011-07-01,2011-11-01
85231B,CINAMMON SET OF 9 T-LIGHTS,C,Y,CY,Оставить: сезонный спрос,нет,752.39,1101.92,30.11,842,141,71,12,0.884,0.89,1800,47.56,95.03,нет,да,нет,нет,да,B,2009-12-01,2011-11-01
21983,PACK OF 12 BLUE PAISLEY TISSUES,C,X,CX,Оставить,нет,752.35,1083.43,25.32,2245,145,95,12,0.358,0.34,1801,47.58,95.04,нет,нет,нет,нет,нет,B,2009-12-01,2011-11-01
84279B,CHERRY BLOSSOM DECORATIVE FLASK,C,Z,CZ,Оставить,нет,752.2,2287.22,0.0,186,67,47,5,1.404,4.04,1802,47.61,95.05,нет,нет,нет,нет,да,B,2009-12-01,2011-06-01
23017,APOTHECARY MEASURING JAR,C,Z,CZ,Наблюдать: новый товар,нет,751.4,0.0,74.88,64,21,20,6,1.105,11.74,1803,47.64,95.06,да,нет,нет,нет,нет,не продавался,2011-06-01,2011-11-01
23124,18PC WOODEN CUTLERY SET DISPOSABLE,C,Z,CZ,Наблюдать: новый товар,нет,751.38,0.0,0.0,567,43,23,6,2.037,1.33,1804,47.66,95.07,да,нет,нет,нет,нет,не продавался,2011-06-01,2011-11-01
84519B,CARROT CHARLIE+LOLA COASTER SET,C,Y,CY,Оставить,нет,751.26,1122.07,22.04,457,117,60,12,0.726,1.64,1805,47.69,95.07,нет,нет,нет,нет,да,B,2009-12-01,2011-11-01
20748,KENSINGTON COFFEE SET,C,Y,CY,Оставить,нет,751.17,13515.81,0.0,57,34,26,11,0.765,13.18,1806,47.71,95.08,нет,нет,нет,нет,нет,A,2009-12-01,2011-11-01
79160,HEART SHAPE WIRELESS DOORBELL,C,Z,CZ,Оставить,нет,749.63,1145.74,10.5,422,37,28,11,1.653,1.78,1807,47.74,95.09,нет,нет,нет,нет,нет,B,2009-12-01,2011-11-01
21084,SET/6 COLLAGE PAPER CUPS,C,Z,CZ,Оставить,нет,749.26,235.67,19.32,2518,175,88,11,1.053,0.3,1808,47.77,95.1,нет,нет,нет,нет,нет,C,2009-12-01,2011-11-01
21504,SKULLS GREETING CARD,C,Y,CY,Оставить: сезонный спрос,нет,748.65,1221.09,30.24,1819,111,73,12,0.525,0.41,1809,47.79,95.11,нет,да,нет,нет,нет,B,2009-12-01,2011-11-01
84660B,BLACK STITCHED WALL CLOCK,C,Z,CZ,Оставить,нет,748.36,204.3,0.0,709,42,20,10,1.212,1.06,1810,47.82,95.11,нет,нет,нет,нет,да,C,2009-12-01,2011-09-01
84763,ZINC FINISH 15CM PLANTER POTS,C,Z,CZ,Вывести: продаж нет 6+ месяцев,да,748.34,1154.66,0.0,601,57,39,6,1.314,1.25,1811,47.85,95.12,нет,нет,да,нет,нет,B,2009-12-01,2011-05-01
85173,SET/6 FROG PRINCE T-LIGHT CANDLES,C,Y,CY,Оставить,нет,747.75,1031.05,47.27,435,78,36,12,0.927,1.72,1812,47.87,95.13,нет,нет,нет,нет,нет,B,2009-12-01,2011-11-01
21680,WOODLAND  STICKERS,C,Y,CY,Оставить,нет,747.56,1697.37,38.75,827,94,41,12,0.823,0.9,1813,47.9,95.14,нет,нет,нет,нет,нет,B,2009-12-01,2011-11-01
21158,MOODY GIRL DOOR HANGER,C,Z,CZ,Оставить,нет,746.48,983.43,26.03,1408,160,100,12,1.046,0.53,1814,47.93,95.15,нет,нет,нет,нет,нет,B,2009-12-01,2011-11-01
84819,DANISH ROSE ROUND SEWING BOX,C,Z,CZ,Оставить,нет,746.06,416.47,192.98,590,44,41,11,1.911,1.26,1815,47.95,95.15,нет,нет,нет,нет,нет,C,2009-12-01,2011-11-01
22025,RING OF ROSES BIRTHDAY CARD,C,Y,CY,Оставить,нет,745.99,880.59,10.02,1805,126,71,12,0.511,0.41,1816,47.98,95.16,нет,нет,нет,нет,нет,B,2009-12-01,2011-11-01
17084R,ASSORTED INCENSE PACK,C,Z,CZ,Оставить,нет,745.2,1208.13,15.12,3960,26,16,10,1.286,0.19,1817,48.01,95.17,нет,нет,нет,нет,да,B,2009-12-01,2011-11-01
22258,FELT FARM ANIMAL RABBIT,C,Z,CZ,Оставить,нет,743.89,547.16,0.0,912,77,35,8,1.552,0.82,1818,48.03,95.18,нет,нет,нет,нет,нет,C,2009-12-01,2011-11-01
21215,IVORY PAPER CUP CAKE CASES,C,Y,CY,Оставить,нет,742.55,1789.53,1.8,1085,122,50,12,0.51,0.68,1819,48.06,95.19,нет,нет,нет,нет,нет,B,2009-12-01,2011-11-01
23325,RUSTIC STRAWBERRY JAM POT SMALL,C,Z,CZ,Наблюдать: новый товар,нет,740.94,0.0,0.0,462,35,27,4,1.599,1.6,1820,48.08,95.19,да,нет,нет,нет,нет,не продавался,2011-08-01,2011-11-01
22566,FELTCRAFT HAIRBAND PINK AND PURPLE,C,Y,CY,Оставить,нет,740.54,1584.04,49.24,827,135,89,12,0.848,0.9,1821,48.11,95.2,нет,нет,нет,нет,нет,B,2010-03-01,2011-11-01
22133,PINK LOVE HEART SHAPE CUP,C,Y,CY,Оставить: сезонный спрос,нет,740.34,1477.68,20.19,783,127,38,12,0.708,0.95,1822,48.14,95.21,нет,да,нет,нет,нет,B,2009-12-01,2011-11-01
23282,FOLDING BUTTERFLY MIRROR IVORY,C,Z,CZ,Оставить,нет,739.75,0.0,18.11,800,129,67,7,1.031,0.92,1823,48.16,95.22,нет,нет,нет,нет,нет,не продавался,2011-05-01,2011-11-01
22252,BIRDCAGE DECORATION TEALIGHT HOLDER,C,Y,CY,Оставить,нет,739.07,413.99,15.0,625,65,48,12,0.651,1.18,1824,48.19,95.23,нет,нет,нет,нет,нет,C,2009-12-01,2011-11-01
22316,200 BENDY SKULL STRAWS,C,Z,CZ,Оставить,нет,738.62,690.45,3.75,657,53,28,12,1.325,1.12,1825,48.22,95.23,нет,нет,нет,да,нет,B,2009-12-01,2011-11-01
22322,BIRD DECORATION GREEN POLKADOT,C,Z,CZ,Оставить: сезонный спрос,нет,736.76,780.4,0.0,807,137,28,12,1.209,0.91,1826,48.24,95.24,нет,да,нет,нет,нет,B,2009-12-01,2011-11-01
84609,TALL ROCOCO CANDLE HOLDER,C,Z,CZ,Оставить,нет,736.59,518.65,34.0,89,19,15,7,1.369,8.28,1827,48.27,95.25,нет,нет,нет,нет,нет,C,2009-12-01,2011-11-01
21383,PACK OF 12 STICKY BUNNIES,C,Z,CZ,Оставить: сезонный спрос,нет,736.58,823.55,14.7,973,161,73,12,1.095,0.76,1828,48.3,95.26,нет,да,нет,нет,нет,B,2009-12-01,2011-11-01
84913B,MINT GREEN ROSE TOWEL,C,Y,CY,Оставить,нет,735.47,839.22,18.6,192,85,18,11,0.745,3.83,1829,48.32,95.27,нет,нет,нет,нет,да,B,2009-12-01,2011-11-01
22264,FELT FARM ANIMAL WHITE BUNNY,C,Z,CZ,Оставить,нет,735.35,415.24,1.63,1560,95,38,9,1.616,0.47,1830,48.35,95.27,нет,нет,нет,нет,нет,C,2009-12-01,2011-10-01
22786,CUSHION COVER PINK UNION JACK,C,Y,CY,Оставить,нет,735.23,784.47,29.4,107,44,28,10,0.862,6.87,1831,48.38,95.28,нет,нет,нет,нет,нет,B,2010-10-01,2011-11-01
72799E,IVORY PILLAR CANDLE SILVER FLOCK,C,Y,CY,Оставить,нет,735.17,1665.95,181.82,243,64,34,12,0.833,3.03,1832,48.4,95.29,нет,нет,нет,нет,да,B,2009-12-01,2011-11-01
85159A,"BLACK TEA,COFFEE,SUGAR JARS",C,Y,CY,Оставить,нет,734.6,465.63,1.95,428,45,37,12,0.696,1.72,1833,48.43,95.3,нет,нет,нет,нет,да,C,2009-12-01,2011-11-01
15034,PAPER POCKET TRAVELING FAN,C,Y,CY,Оставить: сезонный спрос,нет,734.2,576.24,1.66,5245,134,69,12,0.978,0.14,1834,48.45,95.3,нет,да,нет,нет,нет,C,2009-12-01,2011-11-01
23409,PHOTO FRAME LINEN AND LACE LARGE,C,Z,CZ,Наблюдать: новый товар,нет,734.18,0.0,45.0,197,40,36,3,1.784,3.73,1835,48.48,95.31,да,нет,нет,нет,нет,не продавался,2011-09-01,2011-11-01
79030G,"TUMBLER, NEW ENGLAND",C,Z,CZ,Оставить,нет,733.49,729.46,0.0,1403,67,44,7,2.053,0.52,1836,48.51,95.32,нет,нет,нет,нет,да,B,2009-12-01,2011-06-01
85212,MINI PAINTED GARDEN DECORATION,C,Y,CY,Оставить,нет,733.19,356.41,6.96,2427,78,59,12,0.956,0.3,1837,48.53,95.33,нет,нет,нет,нет,нет,C,2009-12-01,2011-11-01
84872A,TEATIME FUNKY FLOWER BACKPACK FOR 2,C,Z,CZ,Оставить,нет,732.23,1887.78,0.0,66,53,3,7,1.276,11.09,1838,48.56,95.34,нет,нет,нет,нет,нет,B,2009-12-01,2011-07-01
21530,DAIRY MAID TOASTRACK,C,Y,CY,Оставить,нет,732.18,589.04,8.16,736,97,60,12,0.821,0.99,1839,48.59,95.34,нет,нет,нет,нет,нет,C,2009-12-01,2011-11-01
23123,COCKTAIL SWORDS 50 PIECES,C,Z,CZ,Наблюдать: новый товар,нет,730.58,0.0,26.5,902,88,59,6,1.197,0.81,1840,48.61,95.35,да,нет,нет,нет,нет,не продавался,2011-06-01,2011-11-01
21398,RED POLKADOT COFFEE  MUG,C,Z,CZ,Вывести: продаж нет 6+ месяцев,да,729.6,1502.3,0.0,1532,63,43,5,2.164,0.48,1841,48.64,95.36,нет,нет,да,нет,нет,B,2009-12-01,2011-04-01
22523,CHILDS GARDEN FORK PINK,C,Y,CY,Оставить,нет,728.78,1121.28,11.83,839,132,98,12,0.788,0.87,1842,48.67,95.37,нет,нет,нет,нет,нет,B,2010-03-01,2011-11-01
23006,TRAVEL CARD WALLET FLOWER MEADOW,C,Y,CY,Оставить,нет,728.35,0.0,4.16,1680,166,85,10,0.545,0.43,1843,48.69,95.38,нет,нет,нет,нет,нет,не продавался,2011-02-01,2011-11-01
21643,ASSORTED TUTTI FRUTTI MIRROR,C,Y,CY,Оставить,нет,728.31,1384.63,0.0,538,59,26,12,0.65,1.35,1844,48.72,95.38,нет,нет,нет,нет,нет,B,2009-12-01,2011-11-01
22250,DECORATION  BUTTERFLY  MAGIC GARDEN,C,Z,CZ,Оставить,нет,727.69,652.01,3.26,817,146,57,12,1.103,0.89,1845,48.75,95.39,нет,нет,нет,нет,нет,C,2009-12-01,2011-11-01
85036A,GARDENIA 1 WICK MORRIS BOXED CANDLE,C,Z,CZ,Оставить,нет,726.68,1670.61,0.0,212,60,47,11,1.198,3.43,1846,48.77,95.4,нет,нет,нет,нет,да,B,2009-12-01,2011-10-01
23498,CLASSIC BICYCLE CLIPS,C,Z,CZ,Наблюдать: новый товар,нет,724.85,0.0,1647.83,517,45,41,1,3.317,1.4,1847,48.8,95.41,да,нет,нет,нет,нет,не продавался,2011-11-01,2011-11-01
21707,FOLDING UMBRELLA BLACKBLUE POLKADOT,C,Y,CY,Оставить,нет,724.06,3421.29,39.6,152,72,42,11,0.724,4.76,1848,48.82,95.41,нет,нет,нет,нет,нет,A,2009-12-01,2011-11-01
23025,DRAWER KNOB VINTAGE GLASS BALL,C,Z,CZ,Наблюдать: новый товар,нет,723.36,0.0,24.96,332,52,38,6,1.305,2.18,1849,48.85,95.42,да,нет,нет,нет,нет,не продавался,2011-06-01,2011-11-01
72803A,ROSE SCENT CANDLE JEWELLED DRAWER,C,Z,CZ,Оставить,нет,722.47,831.03,0.0,529,41,30,11,2.548,1.37,1850,48.88,95.43,нет,нет,нет,нет,да,B,2009-12-01,2011-11-01
79067,CORONA MEXICAN TRAY,C,Z,CZ,Вывести: продаж нет 6+ месяцев,да,719.69,5641.76,0.0,172,38,16,1,3.317,4.18,1851,48.9,95.44,нет,нет,да,нет,нет,A,2009-12-01,2010-12-01
21126,SET OF 6 GIRLS CELEBRATION CANDLES,C,X,CX,Оставить,нет,718.95,1585.27,30.0,568,117,56,12,0.344,1.27,1852,48.93,95.44,нет,нет,нет,нет,нет,B,2009-12-01,2011-11-01
20733,GOLD MINI TAPE MEASURE,C,Z,CZ,Оставить,нет,718.76,495.84,21.6,908,194,29,12,1.264,0.79,1853,48.96,95.45,нет,нет,нет,нет,нет,C,2009-12-01,2011-11-01
22287,"DECORATION , WOBBLY CHICKEN, METAL",C,Y,CY,Оставить,нет,716.47,718.89,0.39,793,79,50,11,0.844,0.9,1854,48.98,95.46,нет,нет,нет,нет,нет,B,2009-12-01,2011-11-01
21883,STARS GIFT TAPE,C,Z,CZ,Оставить,нет,716.32,474.06,9.1,1639,131,81,12,1.533,0.44,1855,49.01,95.47,нет,нет,нет,нет,нет,C,2009-12-01,2011-11-01
23140,TRIPLE WIRE HOOK IVORY HEART,C,Z,CZ,Оставить,нет,716.3,0.0,0.0,170,51,29,8,1.022,4.21,1856,49.04,95.48,нет,нет,нет,нет,нет,не продавался,2011-04-01,2011-11-01
21677,HEARTS  STICKERS,C,Y,CY,Оставить: сезонный спрос,нет,712.76,1101.14,14.88,811,113,61,12,0.536,0.88,1857,49.06,95.48,нет,да,нет,нет,нет,B,2009-12-01,2011-11-01
21927,BLUE/CREAM STRIPE CUSHION COVER,C,X,CX,Оставить,нет,711.15,927.09,13.75,575,89,39,12,0.499,1.24,1858,49.09,95.49,нет,нет,нет,нет,нет,B,2010-04-01,2011-11-01
22400,MAGNETS PACK OF 4 HOME SWEET HOME,C,Z,CZ,Оставить,нет,710.91,1290.47,18.18,1357,140,106,12,1.045,0.52,1859,49.11,95.5,нет,нет,нет,нет,нет,B,2010-03-01,2011-11-01
21189,WHITE HONEYCOMB PAPER GARLAND,C,Z,CZ,Оставить: сезонный спрос,нет,709.22,810.21,179.45,286,60,24,12,1.14,2.48,1860,49.14,95.51,нет,да,нет,нет,нет,B,2009-12-01,2011-11-01
21289,LARGE STRIPES CHOCOLATE GIFT BAG,C,Z,CZ,Оставить,нет,707.5,820.56,1.25,566,48,19,11,1.188,1.25,1861,49.17,95.51,нет,нет,нет,нет,нет,B,2009-12-01,2011-11-01
21143,ANTIQUE GLASS HEART DECORATION,C,Z,CZ,Оставить,нет,707.23,3418.52,0.0,327,36,26,6,2.717,2.16,1862,49.19,95.52,нет,нет,нет,нет,нет,A,2009-12-01,2011-08-01
21775,DECORATIVE FLORE BATHROOM BOTTLE,C,Z,CZ,Оставить,нет,707.02,609.43,9.84,511,135,34,12,1.134,1.38,1863,49.22,95.53,нет,нет,нет,нет,нет,C,2009-12-01,2011-11-01
23460,SWEETHEART WALL TIDY,C,Z,CZ,Наблюдать: новый товар,нет,706.45,0.0,280.73,71,38,37,2,2.422,9.95,1864,49.25,95.54,да,нет,нет,нет,нет,не продавался,2011-10-01,2011-11-01
23487,SWEET HEART CAKE CARRIER,C,Z,CZ,Наблюдать: новый товар,нет,706.03,0.0,29.85,71,39,36,2,2.268,9.94,1865,49.27,95.54,да,нет,нет,нет,нет,не продавался,2011-10-01,2011-11-01
22103,MIRROR MOSAIC T-LIGHT HOLDER ROUND,C,Z,CZ,Оставить: сезонный спрос,нет,705.92,850.75,0.0,768,24,11,9,2.217,0.92,1866,49.3,95.55,нет,да,нет,нет,нет,B,2009-12-01,2011-10-01
22856,ASSORTED EASTER DECORATIONS  BELLS,C,Z,CZ,Оставить,нет,705.82,330.28,0.0,550,26,20,8,1.807,1.28,1867,49.33,95.56,нет,нет,нет,нет,нет,C,2010-10-01,2011-11-01
23335,EGG FRYING PAN IVORY,C,Z,CZ,Наблюдать: новый товар,нет,705.59,0.0,47.75,339,87,61,6,1.337,2.08,1868,49.35,95.57,да,нет,нет,нет,нет,не продавался,2011-06-01,2011-11-01
23522,WALL ART DOG AND BALL,C,Z,CZ,Наблюдать: новый товар,нет,705.4,0.0,22.04,340,29,18,2,2.692,2.07,1869,49.38,95.57,да,нет,нет,да,нет,не продавался,2011-10-01,2011-11-01
85131D,BEADED CRYSTAL HEART PINK ON STICK,C,Y,CY,Оставить,нет,705.28,367.45,19.98,832,201,4,12,0.503,0.85,1870,49.41,95.58,нет,нет,нет,нет,да,C,2009-12-01,2011-11-01
85103,SILVER T-LIGHT SETTING,C,Z,CZ,Оставить,нет,704.14,1208.89,0.0,106,27,5,6,1.59,6.64,1871,49.43,95.59,нет,нет,нет,нет,нет,B,2009-12-01,2011-07-01
79066K,RETRO MOD TRAY,C,Y,CY,Оставить,нет,703.93,516.5,12.33,790,148,66,12,0.821,0.89,1872,49.46,95.6,нет,нет,нет,нет,нет,C,2009-12-01,2011-11-01
22718,CARD CAT AND TREE,C,X,CX,Оставить,нет,702.11,419.09,5.04,1597,165,68,12,0.366,0.44,1873,49.48,95.6,нет,нет,нет,нет,нет,C,2010-06-01,2011-11-01
23338,EGG FRYING PAN RED,C,Z,CZ,Наблюдать: новый товар,нет,702.01,0.0,200.91,330,93,58,6,1.171,2.13,1874,49.51,95.61,да,нет,нет,нет,нет,не продавался,2011-06-01,2011-11-01
22106,MIRROR MOSAIC HURRICANE LAMP,C,Z,CZ,Оставить: сезонный спрос,нет,700.16,691.6,48.22,220,42,8,12,1.866,3.18,1875,49.54,95.62,нет,да,нет,нет,нет,B,2010-01-01,2011-11-01
85049D,BRIGHT BLUES RIBBONS,C,Y,CY,Оставить,нет,699.91,2227.97,0.0,549,109,85,10,0.962,1.27,1876,49.56,95.63,нет,нет,нет,нет,да,B,2009-12-01,2011-09-01
21476,STEEL SWEETHEART ROUND TABLE CREAM,C,Z,CZ,Оставить: сезонный спрос,нет,699.63,1489.98,0.0,41,24,14,9,1.267,17.06,1877,49.59,95.63,нет,да,нет,нет,нет,B,2010-01-01,2011-10-01
23115,RED APPLES CHOPPING BOARD,C,Z,CZ,Наблюдать: новый товар,нет,699.24,0.0,71.08,140,40,35,3,2.216,4.99,1878,49.62,95.64,да,нет,нет,нет,нет,не продавался,2011-09-01,2011-11-01
22684,FRENCH BLUE METAL DOOR SIGN 9,C,Y,CY,Оставить,нет,699.21,616.37,14.36,510,95,41,12,0.526,1.37,1879,49.64,95.65,нет,нет,нет,нет,нет,C,2010-08-01,2011-11-01
79164,BLACK WINE GLASS,C,Z,CZ,Оставить,нет,697.62,2498.39,0.0,1666,19,12,8,2.108,0.42,1880,49.67,95.66,нет,нет,нет,да,нет,A,2009-12-01,2011-11-01
85078,SCANDINAVIAN 3 HEARTS NAPKIN RING,C,Y,CY,Оставить,нет,696.8,355.22,0.0,1932,124,46,12,0.968,0.36,1881,49.7,95.66,нет,нет,нет,нет,нет,C,2009-12-01,2011-11-01
21106,CREAM SLICE FLANNEL CHOCOLATE SPOT,C,Z,CZ,Оставить,нет,696.72,1717.17,5.79,236,52,30,12,1.178,2.95,1882,49.72,95.67,нет,нет,нет,нет,нет,B,2009-12-01,2011-11-01
85032B,BLOSSOM IMAGES GIFT WRAP SET,C,Y,CY,Оставить,нет,696.08,213.35,43.91,729,122,80,10,0.572,0.95,1883,49.75,95.68,нет,нет,нет,нет,да,C,2010-01-01,2011-11-01
22026,BANQUET BIRTHDAY  CARD,C,X,CX,Оставить,нет,695.36,1000.35,11.68,1612,154,70,12,0.408,0.43,1884,49.78,95.69,нет,нет,нет,нет,нет,B,2009-12-01,2011-11-01
22753,SMALL YELLOW BABUSHKA NOTEBOOK,C,Y,CY,Оставить,нет,693.35,1146.88,64.78,758,188,82,12,0.653,0.91,1885,49.8,95.69,нет,нет,нет,нет,нет,B,2010-08-01,2011-11-01
22821,GIFT BAG PSYCHEDELIC APPLES,C,Y,CY,Оставить,нет,693.32,316.98,21.55,1130,128,51,12,0.896,0.61,1886,49.83,95.7,нет,нет,нет,нет,нет,C,2010-09-01,2011-11-01
23223,CHRISTMAS TREE HANGING SILVER,C,Z,CZ,Наблюдать: новый товар,нет,692.48,0.0,57.71,744,77,47,6,1.57,0.93,1887,49.85,95.71,да,нет,нет,нет,нет,не продавался,2011-06-01,2011-11-01
21066,VINTAGE RED MUG,C,Z,CZ,Оставить,нет,692.22,786.2,1.25,701,53,31,12,2.216,0.99,1888,49.88,95.72,нет,нет,нет,нет,нет,B,2009-12-01,2011-11-01
21630,FLOOR CUSHION ELEPHANT CARNIVAL,C,Z,CZ,Оставить,нет,691.29,1237.35,0.0,66,32,13,11,1.388,10.47,1889,49.91,95.72,нет,нет,нет,нет,нет,B,2009-12-01,2011-11-01
20996,JAZZ HEARTS ADDRESS BOOK,C,Y,CY,Оставить,нет,690.91,954.02,35.98,3005,212,115,12,0.822,0.23,1890,49.93,95.73,нет,нет,нет,нет,нет,B,2009-12-01,2011-11-01
22481,BLACK TEA TOWEL CLASSIC DESIGN,C,Y,CY,Оставить,нет,688.95,562.51,58.35,686,115,61,12,0.697,1.0,1891,49.96,95.74,нет,нет,нет,нет,нет,C,2010-03-01,2011-11-01
23070,EDWARDIAN HEART PHOTO FRAME,C,Y,CY,Оставить,нет,688.8,0.0,20.74,156,41,28,7,0.998,4.42,1892,49.99,95.75,нет,нет,нет,нет,нет,не продавался,2011-05-01,2011-11-01
23187,FRENCH STYLE STORAGE JAR BONBONS,C,Z,CZ,Оставить,нет,687.56,0.0,0.0,2332,73,65,7,1.376,0.29,1893,50.01,95.75,нет,нет,нет,нет,нет,не продавался,2011-03-01,2011-11-01
46775D,SUNSET COLOUR CHUNKY KNITTED THROW,C,Y,CY,Оставить,нет,687.03,1200.31,33.9,58,37,10,12,0.642,11.85,1894,50.04,95.76,нет,нет,нет,нет,нет,B,2009-12-01,2011-11-01
20902,VINTAGE KEEPSAKE BOX PARIS DAYS,C,Z,CZ,Оставить,нет,686.86,838.36,0.0,112,56,6,8,1.286,6.13,1895,50.07,95.77,нет,нет,нет,нет,нет,B,2009-12-01,2011-08-01
22981,PANTRY APPLE CORER,C,Z,CZ,Оставить,нет,686.71,0.0,15.97,460,100,55,9,1.296,1.49,1896,50.09,95.77,нет,нет,нет,нет,нет,не продавался,2011-03-01,2011-11-01
84581,DOG TOY WITH PINK CROCHET SKIRT,C,Y,CY,Оставить,нет,686.45,1210.31,23.26,181,86,59,12,0.69,3.79,1897,50.12,95.78,нет,нет,нет,нет,нет,B,2009-12-01,2011-11-01
22586,FELTCRAFT HAIRBAND PINK AND BLUE,C,Y,CY,Оставить: сезонный спрос,нет,685.15,1040.59,48.6,760,145,93,12,0.543,0.9,1898,50.15,95.79,нет,да,нет,нет,нет,B,2010-03-01,2011-11-01
22217,T-LIGHT HOLDER HANGING LACE,C,Y,CY,Оставить,нет,683.75,1963.55,147.51,474,62,43,12,0.644,1.44,1899,50.17,95.8,нет,нет,нет,нет,нет,B,2009-12-01,2011-11-01
84796A,PINK HAWAIIAN PICNIC HAMPER FOR 2,C,Z,CZ,Оставить,нет,683.74,1597.99,25.5,76,54,9,7,1.494,9.0,1900,50.2,95.8,нет,нет,нет,нет,да,B,2009-12-01,2011-08-01
23114,VINTAGE LEAF CHOPPING BOARD,C,Z,CZ,Наблюдать: новый товар,нет,683.5,0.0,54.45,138,43,38,3,2.299,4.95,1901,50.22,95.81,да,нет,нет,нет,нет,не продавался,2011-09-01,2011-11-01
21636,MADRAS NOTEBOOK MEDIUM,C,Z,CZ,Оставить,нет,683.41,249.98,21.75,884,70,57,8,1.023,0.77,1902,50.25,95.82,нет,нет,нет,нет,нет,C,2009-12-01,2011-11-01
22339,CHRISTMAS TREE PAINTED ZINC,C,Z,CZ,Оставить: сезонный спрос,нет,683.31,637.8,0.0,2468,83,44,6,1.654,0.28,1903,50.28,95.83,нет,да,нет,нет,нет,C,2009-12-01,2011-11-01
21208,PASTEL COLOUR HONEYCOMB FAN,C,Y,CY,Оставить: сезонный спрос,нет,682.95,279.14,14.82,902,78,47,12,0.736,0.76,1904,50.3,95.83,нет,да,нет,нет,нет,C,2009-12-01,2011-11-01
23435,3 RAFFIA RIBBONS VINTAGE CHRISTMAS,C,Z,CZ,Наблюдать: новый товар,нет,682.28,0.0,50.14,762,86,37,3,1.833,0.9,1905,50.33,95.84,да,нет,нет,нет,нет,не продавался,2011-09-01,2011-11-01
35923,CANDY HEART HANGING DECORATION,C,Z,CZ,Оставить,нет,681.16,332.0,9.36,1294,61,29,11,1.45,0.53,1906,50.36,95.85,нет,нет,нет,нет,нет,C,2009-12-01,2011-11-01
21163,DO NOT TOUCH MY STUFF DOOR HANGER,C,Z,CZ,Оставить,нет,680.55,1032.61,0.0,1196,127,86,11,1.172,0.57,1907,50.38,95.85,нет,нет,нет,нет,нет,B,2009-12-01,2011-10-01
85019B,BLOSSOM  IMAGES NOTEBOOK SET,C,Z,CZ,Оставить,нет,680.47,269.5,2.5,510,35,21,10,1.043,1.33,1908,50.41,95.86,нет,нет,нет,нет,да,C,2010-03-01,2011-11-01
16235,RECYCLED PENCIL WITH RABBIT ERASER,C,Y,CY,Оставить,нет,678.6,610.83,16.8,3012,159,67,12,0.723,0.23,1909,50.44,95.87,нет,нет,нет,нет,нет,C,2009-12-01,2011-11-01
22062,CERAMIC BOWL WITH LOVE HEART DESIGN,C,Y,CY,Оставить,нет,677.03,567.34,0.0,582,73,43,11,0.76,1.16,1910,50.46,95.88,нет,нет,нет,нет,нет,C,2009-12-01,2011-10-01
84659A,WHITE TRAVEL ALARM CLOCK,C,Y,CY,Оставить,нет,676.27,790.69,0.0,280,89,19,12,0.757,2.42,1911,50.49,95.88,нет,нет,нет,нет,нет,B,2009-12-01,2011-11-01
40001,WHITE BAMBOO RIBS LAMPSHADE,C,Y,CY,Оставить,нет,674.38,1236.42,0.0,820,55,23,12,0.795,0.82,1912,50.52,95.89,нет,нет,нет,нет,нет,B,2009-12-01,2011-11-01
22403,MAGNETS PACK OF 4 VINTAGE LABELS,C,Y,CY,Оставить,нет,672.03,506.61,9.75,1291,121,70,12,0.996,0.52,1913,50.54,95.9,нет,нет,нет,нет,нет,C,2010-03-01,2011-11-01
22936,BAKING MOULD ROSE WHITE CHOCOLATE,C,Z,CZ,Оставить,нет,671.71,0.0,26.26,201,46,29,12,1.351,3.34,1914,50.57,95.91,нет,нет,нет,нет,нет,не продавался,2010-12-01,2011-11-01
22618,COOKING SET RETROSPOT,C,Z,CZ,Вывести: продаж нет 6+ месяцев,да,671.53,5733.34,0.0,69,28,23,5,1.888,9.73,1915,50.59,95.91,нет,нет,да,нет,нет,A,2010-03-01,2011-05-01
22136,LOVE HEART SOCK HANGER,C,Z,CZ,Оставить,нет,671.05,2641.29,6.58,375,82,37,11,1.048,1.79,1916,50.62,95.92,нет,нет,нет,нет,нет,A,2009-12-01,2011-10-01
22201,FRYING PAN BLUE POLKADOT,C,Z,CZ,Оставить,нет,670.51,1317.6,42.04,164,79,24,12,1.053,4.09,1917,50.65,95.93,нет,нет,нет,нет,нет,B,2009-12-01,2011-11-01
21261,GREEN GOOSE FEATHER CHRISTMAS TREE,C,Z,CZ,Оставить,нет,669.14,474.03,2.95,186,44,23,8,1.553,3.6,1918,50.67,95.93,нет,нет,нет,нет,нет,C,2009-12-01,2011-11-01
23022,SMALL BONNE JAM JAR  T-LIGHT HOLDER,C,Z,CZ,Наблюдать: новый товар,нет,668.8,0.0,76.96,355,18,16,6,1.306,1.88,1919,50.7,95.94,да,нет,нет,нет,нет,не продавался,2011-06-01,2011-11-01
23024,LARGE BONNE JAM JAR  T-LIGHT HOLDER,C,Z,CZ,Наблюдать: новый товар,нет,667.85,0.0,0.0,255,11,8,6,1.616,2.62,1920,50.73,95.95,да,нет,нет,нет,нет,не продавался,2011-06-01,2011-11-01
85032C,CURIOUS IMAGES GIFT WRAP SET,C,Y,CY,Оставить,нет,667.76,228.05,42.98,629,130,68,12,0.824,1.06,1921,50.75,95.96,нет,нет,нет,нет,да,C,2009-12-01,2011-11-01
79191C,RETRO PLASTIC ELEPHANT TRAY,C,Y,CY,Оставить,нет,667.18,377.53,10.2,934,51,46,12,0.847,0.71,1922,50.78,95.96,нет,нет,нет,нет,да,C,2009-12-01,2011-11-01
47574A,ENGLISH ROSE SCENTED HANGING FLOWER,C,Z,CZ,Оставить,нет,665.2,119.03,0.0,548,114,36,11,1.564,1.21,1923,50.81,95.97,нет,нет,нет,нет,да,C,2009-12-01,2011-10-01
22340,NOEL GARLAND PAINTED ZINC,C,Z,CZ,Оставить: сезонный спрос,нет,664.11,723.84,105.7,1242,114,51,6,2.017,0.53,1924,50.83,95.98,нет,да,нет,нет,нет,B,2009-12-01,2011-11-01
22324,BLUE POLKADOT KIDS BAG,C,Y,CY,Оставить,нет,663.52,1108.76,24.78,280,69,20,12,0.921,2.37,1925,50.86,95.98,нет,нет,нет,нет,нет,B,2009-12-01,2011-11-01
85071B,RED CHARLIE+LOLA PERSONAL DOORSIGN,C,Y,CY,Оставить,нет,662.34,631.86,16.38,1246,118,83,11,0.721,0.53,1926,50.89,95.99,нет,нет,нет,нет,да,C,2009-12-01,2011-11-01
21613,S/12 VANILLA  BOTANICAL T-LIGHTS,C,Z,CZ,Оставить,нет,661.93,1199.52,0.0,227,42,37,10,1.0,2.92,1927,50.91,96.0,нет,нет,нет,нет,нет,B,2009-12-01,2011-10-01
22422,TOOTHPASTE TUBE PEN,C,Y,CY,Оставить,нет,660.9,969.24,115.2,735,177,42,12,0.857,0.9,1928,50.94,96.01,нет,нет,нет,нет,нет,B,2010-05-01,2011-11-01
23598,PAPER BUNTING VINTAGE PARTY,C,Z,CZ,Наблюдать: новый товар,нет,660.03,0.0,555.5,217,35,29,1,3.317,3.04,1929,50.96,96.01,да,нет,нет,нет,нет,не продавался,2011-11-01,2011-11-01
23222,CHRISTMAS TREE HANGING GOLD,C,Z,CZ,Наблюдать: новый товар,нет,659.78,0.0,48.79,734,66,44,5,1.654,0.9,1930,50.99,96.02,да,нет,нет,нет,нет,не продавался,2011-06-01,2011-11-01
22450,SILK PURSE BABUSHKA BLUE,C,Z,CZ,Оставить,нет,657.76,2120.42,0.0,194,58,41,10,1.311,3.39,1931,51.02,96.03,нет,нет,нет,нет,нет,B,2010-03-01,2011-11-01
21629,SQUARE FLOOR CUSHION VINTAGE RED,C,Y,CY,Оставить,нет,656.15,1289.32,15.9,69,40,13,12,0.987,9.51,1932,51.04,96.03,нет,нет,нет,нет,нет,B,2009-12-01,2011-11-01
22267,EASTER DECORATION EGG BUNNY,C,Y,CY,Оставить,нет,654.06,618.3,19.11,787,81,65,11,0.947,0.83,1933,51.07,96.04,нет,нет,нет,нет,нет,C,2009-12-01,2011-11-01
20658,RED SPOTTY LUGGAGE TAG,C,Y,CY,Оставить,нет,652.11,1599.25,0.0,433,105,44,10,0.742,1.51,1934,51.1,96.05,нет,нет,нет,нет,нет,B,2009-12-01,2011-09-01
37475,SET/4 COLOURFUL MIXING BOWLS,C,Y,CY,Оставить,нет,652.03,498.58,9.95,69,42,26,10,0.864,9.45,1935,51.12,96.05,нет,нет,нет,нет,нет,C,2009-12-01,2011-11-01
22525,CHILDRENS GARDEN GLOVES PINK,C,Z,CZ,Вывести: продаж нет 6+ месяцев,да,648.97,2084.82,0.0,489,74,42,5,1.425,1.33,1936,51.15,96.06,нет,нет,да,нет,нет,B,2010-03-01,2011-04-01
23120,PACK OF 6 SMALL FRUIT STRAWS,C,Z,CZ,Наблюдать: новый товар,нет,648.89,0.0,3.26,1607,94,66,6,1.707,0.4,1937,51.18,96.07,да,нет,нет,нет,нет,не продавался,2011-06-01,2011-11-01
21187,WHITE BELL HONEYCOMB PAPER GARLAND,C,Z,CZ,Оставить,нет,648.45,1595.33,0.0,369,48,30,8,1.446,1.76,1938,51.2,96.08,нет,нет,нет,нет,нет,B,2009-12-01,2011-08-01
21356,TOAST ITS - FAIRY FLOWER,C,Y,CY,Оставить,нет,647.69,1310.86,55.61,575,141,37,12,0.935,1.13,1939,51.23,96.08,нет,нет,нет,нет,нет,B,2009-12-01,2011-11-01
22514,CHILDS GARDEN SPADE BLUE,C,Y,CY,Оставить: сезонный спрос,нет,646.63,1496.37,57.82,288,92,61,12,0.765,2.25,1940,51.25,96.09,нет,да,нет,нет,нет,B,2010-03-01,2011-11-01
21739,COSY SLIPPER SHOES SMALL GREEN,C,Z,CZ,Оставить,нет,646.01,748.77,57.07,231,102,37,9,1.11,2.8,1941,51.28,96.1,нет,нет,нет,нет,нет,B,2009-12-01,2011-11-01
22953,BIRTHDAY PARTY CORDON BARRIER TAPE,C,Y,CY,Оставить,нет,645.86,301.44,1.25,501,97,61,12,0.807,1.29,1942,51.31,96.1,нет,нет,нет,нет,нет,C,2010-11-01,2011-11-01
22097,SWALLOW SQUARE TISSUE BOX,C,Z,CZ,Оставить,нет,645.81,549.36,86.58,1374,140,100,12,1.322,0.47,1943,51.33,96.11,нет,нет,нет,нет,нет,C,2009-12-01,2011-11-01
22715,CARD WEDDING DAY,C,Y,CY,Оставить,нет,645.64,488.29,0.0,1543,130,78,12,0.569,0.42,1944,51.36,96.12,нет,нет,нет,нет,нет,C,2010-06-01,2011-11-01
21205,MULTICOLOUR 3D BALLS GARLAND,C,Y,CY,Оставить,нет,644.04,1064.68,2.55,240,66,41,12,0.59,2.68,1945,51.39,96.12,нет,нет,нет,нет,нет,B,2009-12-01,2011-11-01
35001G,HAND OPEN SHAPE GOLD,C,Z,CZ,Оставить: сезонный спрос,нет,643.59,1582.13,33.75,171,27,20,10,1.101,3.76,1946,51.41,96.13,нет,да,нет,нет,да,B,2009-12-01,2011-11-01
23454,THREE MINI HANGING FRAMES,C,Z,CZ,Наблюдать: новый товар,нет,641.91,0.0,91.29,153,42,35,2,2.523,4.2,1947,51.44,96.14,да,нет,нет,нет,нет,не продавался,2011-10-01,2011-11-01
35810A,ENAMEL PINK COFFEE CONTAINER,C,Y,CY,Оставить,нет,640.09,964.65,0.0,633,75,46,11,0.832,1.01,1948,51.47,96.14,нет,нет,нет,нет,да,B,2009-12-01,2011-10-01
22615,PACK OF 12 CIRCUS PARADE TISSUES,C,Y,CY,Оставить,нет,638.64,485.73,16.83,2028,95,59,12,0.67,0.31,1949,51.49,96.15,нет,нет,нет,нет,нет,C,2010-05-01,2011-11-01
21696,SMALL SILVER TRELLIS CANDLEPOT,C,Y,CY,Оставить,нет,637.0,1525.64,0.0,212,32,26,12,0.655,3.0,1950,51.52,96.16,нет,нет,нет,нет,нет,B,2009-12-01,2011-11-01
84789,ENCHANTED BIRD PLANT CAGE,C,Z,CZ,Оставить,нет,636.97,902.67,0.0,185,47,32,7,1.236,3.44,1951,51.55,96.16,нет,нет,нет,нет,нет,B,2009-12-01,2011-07-01
90200D,PINK SWEETHEART BRACELET,C,Y,CY,Оставить,нет,636.67,634.19,88.65,154,71,21,12,0.71,4.13,1952,51.57,96.17,нет,нет,нет,нет,да,C,2009-12-01,2011-11-01
21054,NURSE'S BAG SOFT TOY,C,Z,CZ,Оставить,нет,634.53,2903.47,0.0,70,29,24,8,1.316,9.06,1953,51.6,96.18,нет,нет,нет,нет,нет,A,2009-12-01,2011-11-01
22535,MAGIC DRAWING SLATE BUNNIES,C,Y,CY,Оставить,нет,634.47,1162.5,15.12,1679,130,86,12,0.718,0.38,1954,51.62,96.18,нет,нет,нет,нет,нет,B,2010-03-01,2011-11-01
84929,ASSTD FRUIT+FLOWERS FRIDGE MAGNETS,C,Z,CZ,Оставить,нет,634.26,369.96,0.0,2406,64,57,11,1.301,0.26,1955,51.65,96.19,нет,нет,нет,нет,нет,C,2009-12-01,2011-11-01
21784,SHOE SHINE BOX,C,Z,CZ,Оставить,нет,633.07,2855.46,0.0,57,44,20,10,1.266,11.11,1956,51.68,96.2,нет,нет,нет,нет,нет,A,2009-12-01,2011-09-01
84707A,SILVER JEWELLED MIRROR TRINKET TRAY,C,Z,CZ,Оставить,нет,632.83,350.65,62.4,63,40,18,11,1.352,10.04,1957,51.7,96.21,нет,нет,нет,нет,да,C,2009-12-01,2011-11-01
85177,BASKET OF FLOWERS SEWING KIT,C,Z,CZ,Оставить,нет,631.95,870.57,12.26,804,58,39,12,1.265,0.79,1958,51.73,96.21,нет,нет,нет,нет,нет,B,2009-12-01,2011-11-01
84596L,BISCUITS SMALL BOWL LIGHT BLUE,C,Z,CZ,Оставить,нет,631.84,384.58,0.0,1255,173,49,10,1.001,0.5,1959,51.76,96.22,нет,нет,нет,нет,да,C,2009-12-01,2011-09-01
22533,MAGIC DRAWING SLATE BAKE A CAKE,C,Z,CZ,Оставить,нет,631.79,1118.81,2.52,1752,85,65,12,1.135,0.36,1960,51.78,96.23,нет,нет,нет,нет,нет,B,2010-03-01,2011-11-01
21747,SMALL SKULL WINDMILL,C,Y,CY,Оставить,нет,630.61,1684.76,0.0,473,53,30,12,0.987,1.33,1961,51.81,96.23,нет,нет,нет,нет,нет,B,2009-12-01,2011-11-01
20767,BLUE PAISLEY JOURNAL,C,Y,CY,Оставить,нет,628.29,1070.25,27.77,241,75,49,12,0.644,2.61,1962,51.84,96.24,нет,нет,нет,нет,нет,B,2009-12-01,2011-11-01
21351,CINAMMON & ORANGE WREATH,C,Z,CZ,Оставить,нет,627.55,2978.42,45.33,97,29,26,6,1.408,6.47,1963,51.86,96.25,нет,нет,нет,нет,нет,A,2009-12-01,2011-11-01
22393,PAPERWEIGHT VINTAGE COLLAGE,C,Y,CY,Оставить,нет,627.23,600.09,109.65,264,57,35,12,0.695,2.38,1964,51.89,96.25,нет,нет,нет,нет,нет,C,2010-03-01,2011-11-01
79163,BLACK CHAMPAGNE GLASS,C,Z,CZ,Оставить,нет,626.55,614.28,0.0,1529,35,25,9,1.13,0.41,1965,51.92,96.26,нет,нет,нет,нет,нет,C,2009-12-01,2011-09-01
84923,PINK BUTTERFLY HANDBAG W BOBBLES,C,Y,CY,Оставить,нет,626.19,346.02,45.43,151,91,0,12,0.618,4.15,1966,51.94,96.27,нет,нет,нет,нет,нет,C,2010-02-01,2011-11-01
22204,MILK PAN BLUE POLKADOT,C,Z,CZ,Оставить,нет,625.79,1289.75,28.75,170,73,18,12,1.262,3.68,1967,51.97,96.27,нет,нет,нет,нет,нет,B,2009-12-01,2011-11-01
21650,ASSORTED TUTTI FRUTTI BRACELET,C,Y,CY,Оставить,нет,625.63,470.95,62.66,2432,121,46,10,0.755,0.26,1968,51.99,96.28,нет,нет,нет,нет,нет,C,2009-12-01,2011-11-01
22495,SET OF 2 ROUND TINS CAMEMBERT,C,Y,CY,Оставить,нет,623.7,1933.5,107.42,178,80,49,12,0.651,3.5,1969,52.02,96.29,нет,нет,нет,нет,нет,B,2010-01-01,2011-11-01
23216,LAUREL HEART ANTIQUE GOLD,C,Z,CZ,Наблюдать: новый товар,нет,623.27,0.0,7.46,520,40,31,6,1.624,1.2,1970,52.05,96.29,да,нет,нет,нет,нет,не продавался,2011-06-01,2011-11-01
84086C,PINK/PURPLE RETRO RADIO,C,Z,CZ,Оставить,нет,622.27,262.48,0.0,218,53,13,10,1.212,2.85,1971,52.07,96.3,нет,нет,нет,нет,да,C,2009-12-01,2011-11-01
22520,CHILDS GARDEN TROWEL BLUE,C,Z,CZ,Вывести: продаж нет 6+ месяцев,да,622.1,1388.33,0.0,719,113,88,6,1.246,0.87,1972,52.1,96.31,нет,нет,да,нет,нет,B,2010-03-01,2011-05-01
17021,NAMASTE SWAGAT INCENSE,C,Z,CZ,Оставить,нет,621.54,339.3,10.8,2355,46,30,12,1.055,0.26,1973,52.13,96.31,нет,нет,нет,нет,нет,C,2010-02-01,2011-11-01
16225,RATTLE SNAKE EGGS,C,Z,CZ,Оставить: сезонный спрос,нет,621.22,582.31,68.13,708,86,49,11,1.366,0.88,1974,52.15,96.32,нет,да,нет,нет,нет,C,2009-12-01,2011-11-01
20735,BLACK MINI TAPE MEASURE,C,Z,CZ,Оставить,нет,620.7,914.49,5.1,617,110,11,11,1.147,1.01,1975,52.18,96.33,нет,нет,нет,нет,нет,B,2009-12-01,2011-11-01
21426,WOODLAND STORAGE BOX SMALL,C,Z,CZ,Оставить,нет,619.62,916.89,4.96,255,45,15,11,1.026,2.43,1976,52.21,96.33,нет,нет,нет,нет,нет,B,2009-12-01,2011-11-01
84637,KITCHEN FLOWER POTS WALL PLAQUE,C,Y,CY,Оставить,нет,619.59,834.9,0.0,116,83,11,10,0.759,5.34,1977,52.23,96.34,нет,нет,нет,нет,нет,B,2009-12-01,2011-09-01
22559,SEASIDE FLYING DISC,C,Y,CY,Оставить,нет,619.15,1355.34,7.38,502,79,33,12,0.68,1.23,1978,52.26,96.35,нет,нет,нет,нет,нет,B,2010-03-01,2011-11-01
21317,GLASS SPHERE CANDLE STAND MEDIUM,C,Z,CZ,Оставить,нет,618.68,763.87,65.4,99,30,19,9,1.104,6.25,1979,52.29,96.35,нет,нет,нет,нет,нет,B,2009-12-01,2011-11-01
21473,SWEETHEART CREAM STEEL TABLE RECT,C,Y,CY,Оставить,нет,618.66,2533.65,0.0,27,21,16,11,0.729,22.91,1980,52.31,96.36,нет,нет,нет,нет,нет,A,2009-12-01,2011-11-01
21808,"CHRISTMAS GARLAND STARS,TREES",C,Z,CZ,Оставить: сезонный спрос,нет,618.0,1938.95,19.83,174,45,20,6,1.589,3.55,1981,52.34,96.37,нет,да,нет,нет,нет,B,2009-12-01,2011-11-01
22035,VINTAGE CARAVAN GREETING CARD,C,Y,CY,Оставить,нет,617.32,1093.76,0.0,1452,137,65,11,0.625,0.43,1982,52.36,96.37,нет,нет,нет,нет,нет,B,2009-12-01,2011-10-01
85199L,LARGE HANGING IVORY & RED WOOD BIRD,C,Y,CY,Оставить: сезонный спрос,нет,616.63,1613.79,39.0,905,93,50,12,0.784,0.68,1983,52.39,96.38,нет,да,нет,нет,да,B,2009-12-01,2011-11-01
46776B,WOVEN BERRIES CUSHION COVER,C,Z,CZ,Оставить,нет,616.08,689.56,67.72,146,81,6,12,1.025,4.22,1984,52.42,96.39,нет,нет,нет,нет,да,B,2009-12-01,2011-11-01
21446,12 RED ROSE PEG PLACE SETTINGS,C,Y,CY,Оставить,нет,615.92,1038.91,15.0,437,101,45,12,0.671,1.41,1985,52.44,96.39,нет,нет,нет,нет,нет,B,2009-12-01,2011-11-01
23568,EGG CUP HENRIETTA HEN CREAM,C,Z,CZ,Наблюдать: новый товар,нет,615.62,0.0,171.9,477,42,24,2,2.245,1.29,1986,52.47,96.4,да,нет,нет,нет,нет,не продавался,2011-10-01,2011-11-01
22067,CHOC TRUFFLE GOLD TRINKET POT,C,Y,CY,Оставить,нет,615.04,2377.4,19.5,354,65,29,12,0.573,1.74,1987,52.5,96.4,нет,нет,нет,нет,нет,A,2009-12-01,2011-11-01
22288,"DECORATION , HANGING METAL RABBIT",C,Z,CZ,Оставить: сезонный спрос,нет,614.45,909.04,2.5,472,57,37,9,1.649,1.3,1988,52.52,96.41,нет,да,нет,нет,нет,B,2009-12-01,2011-11-01
21171,BATHROOM METAL SIGN,C,Z,CZ,Оставить,нет,613.14,1965.13,0.0,438,73,43,9,1.648,1.4,1989,52.55,96.42,нет,нет,нет,нет,нет,B,2009-12-01,2011-08-01
23019,SMALL APOTHECARY MEASURING JAR,C,Z,CZ,Наблюдать: новый товар,нет,612.55,0.0,16.5,79,26,24,6,1.101,7.75,1990,52.58,96.42,да,нет,нет,нет,нет,не продавался,2011-06-01,2011-11-01
23018,LARGE APOTHECARY MEASURING JAR,C,Z,CZ,Наблюдать: новый товар,нет,612.16,0.0,0.0,51,21,19,6,1.328,12.0,1991,52.6,96.43,да,нет,нет,нет,нет,не продавался,2011-06-01,2011-11-01
22021,BLUE FELT EASTER EGG BASKET,C,Z,CZ,Оставить: сезонный спрос,нет,610.45,1819.86,0.0,365,71,60,4,1.573,1.67,1992,52.63,96.44,нет,да,да,нет,нет,B,2009-12-01,2011-03-01
23547,WRAP FLOWER SHOP,C,Z,CZ,Наблюдать: новый товар,нет,609.0,0.0,52.5,1450,57,52,5,1.332,0.42,1993,52.66,96.44,да,нет,нет,нет,нет,не продавался,2011-07-01,2011-11-01
22194,BLACK DINER WALL CLOCK,C,Y,CY,Оставить,нет,608.69,2586.41,0.0,64,43,23,9,0.951,9.51,1994,52.68,96.45,нет,нет,нет,нет,нет,A,2009-12-01,2011-08-01
21640,ASSORTED TUTTI FRUTTI  FOB NOTEBOOK,C,Y,CY,Оставить,нет,608.33,1415.57,25.5,620,74,35,11,0.913,0.98,1995,52.71,96.46,нет,нет,нет,нет,нет,B,2009-12-01,2011-11-01
21769,VINTAGE POST OFFICE CABINET,C,Z,CZ,Вывести: продаж нет 6+ месяцев,да,607.65,7187.32,0.0,11,2,2,1,3.317,55.24,1996,52.73,96.46,нет,нет,да,да,нет,A,2009-12-01,2010-12-01
22105,MIRROR MOSAIC GOBLET CANDLE HOLDER,C,Z,CZ,Оставить,нет,607.43,442.63,12.39,331,30,9,12,2.456,1.84,1997,52.76,96.47,нет,нет,нет,нет,нет,C,2009-12-01,2011-11-01
20772,GARDEN PATH JOURNAL,C,Z,CZ,Оставить,нет,606.03,1209.69,10.06,242,60,37,11,1.318,2.5,1998,52.79,96.48,нет,нет,нет,нет,нет,B,2009-12-01,2011-11-01
21822,GLITTER CHRISTMAS TREE WITH BELLS,C,Z,CZ,Оставить,нет,605.59,612.7,113.71,597,83,42,4,2.427,1.01,1999,52.81,96.48,нет,нет,нет,нет,нет,C,2009-12-01,2011-11-01
23456,MEDIUM PARLOUR PICTURE FRAME,C,Z,CZ,Наблюдать: новый товар,нет,605.05,0.0,29.05,151,33,31,2,2.237,4.01,2000,52.84,96.49,да,нет,нет,нет,нет,не продавался,2011-10-01,2011-11-01
72232,FENG SHUI PILLAR CANDLE,C,Z,CZ,Оставить,нет,602.87,560.69,27.36,3173,64,45,12,1.327,0.19,2001,52.87,96.5,нет,нет,нет,нет,нет,C,2009-12-01,2011-11-01
21709,FOLDING UMBRELLA CHOCOLATE POLKADOT,C,Y,CY,Оставить,нет,602.28,2269.49,4.95,132,58,30,11,0.706,4.56,2002,52.89,96.5,нет,нет,нет,нет,нет,B,2009-12-01,2011-11-01
22396,MAGNETS PACK OF 4 RETRO PHOTO,C,Y,CY,Оставить,нет,600.52,796.71,22.35,1168,120,82,12,0.899,0.51,2003,52.92,96.51,нет,нет,нет,нет,нет,B,2010-03-01,2011-11-01
85170C,SET/6 EAU DE NIL BIRD T-LIGHTS,C,Y,CY,Оставить,нет,600.27,384.5,8.26,333,70,26,12,0.847,1.8,2004,52.95,96.52,нет,нет,нет,нет,да,C,2009-12-01,2011-11-01
21684,SMALL MEDINA STAMPED METAL BOWL,C,Z,CZ,Оставить,нет,599.44,734.46,12.66,758,45,27,12,1.51,0.79,2005,52.97,96.52,нет,нет,нет,нет,нет,B,2009-12-01,2011-11-01
21014,SWISS CHALET TREE DECORATION,C,Z,CZ,Оставить: сезонный спрос,нет,598.82,329.27,0.0,1385,119,64,8,1.587,0.43,2006,53.0,96.53,нет,да,нет,нет,нет,C,2009-12-01,2011-11-01
84800L,LARGE WHITE/PINK ROSE ART FLOWER,C,Z,CZ,Оставить,нет,598.8,331.43,0.0,336,21,19,7,1.147,1.78,2007,53.03,96.53,нет,нет,нет,нет,да,C,2010-01-01,2011-06-01
23482,PEARLISED IVORY HEART LARGE,C,Z,CZ,Наблюдать: новый товар,нет,598.32,0.0,62.7,380,33,28,2,2.379,1.57,2008,53.05,96.54,да,нет,нет,нет,нет,не продавался,2011-10-01,2011-11-01
21865,PINK UNION JACK  PASSPORT COVER,C,Y,CY,Оставить,нет,598.21,1454.11,20.72,265,103,52,12,0.518,2.26,2009,53.08,96.55,нет,нет,нет,нет,нет,B,2009-12-01,2011-11-01
23458,DOLLY CABINET 3 DRAWERS,C,Z,CZ,Наблюдать: новый товар,нет,598.0,0.0,134.55,40,24,24,2,2.441,14.95,2010,53.1,96.55,да,нет,нет,нет,нет,не продавался,2011-10-01,2011-11-01
17012B,ORIGAMI JASMINE INCENSE/CANDLE SET,C,Y,CY,Оставить,нет,595.85,271.6,0.0,525,85,33,12,0.84,1.13,2011,53.13,96.56,нет,нет,нет,нет,да,C,2009-12-01,2011-11-01
22515,CHILDS GARDEN SPADE PINK,C,Y,CY,Оставить: сезонный спрос,нет,594.39,1520.79,14.56,261,79,52,12,0.809,2.28,2012,53.16,96.57,нет,да,нет,нет,нет,B,2010-03-01,2011-11-01
22420,LIPSTICK PEN BABY PINK,C,Y,CY,Оставить,нет,594.18,403.45,17.12,1302,118,54,12,0.828,0.46,2013,53.18,96.57,нет,нет,нет,нет,нет,C,2010-05-01,2011-11-01
22269,EGG CUP NATURAL CHICKEN,C,Y,CY,Оставить,нет,594.09,716.21,17.4,890,121,61,12,0.902,0.67,2014,53.21,96.58,нет,нет,нет,нет,нет,B,2009-12-01,2011-11-01
22116,METAL SIGN HIS DINNER IS SERVED,C,Y,CY,Оставить,нет,594.07,465.76,16.15,550,140,63,12,0.807,1.08,2015,53.24,96.59,нет,нет,нет,нет,нет,C,2009-12-01,2011-11-01
23408,PHOTO FRAME LINEN AND LACE SMALL,C,Z,CZ,Наблюдать: новый товар,нет,592.8,0.0,27.04,285,54,49,3,1.832,2.08,2016,53.26,96.59,да,нет,нет,нет,нет,не продавался,2011-09-01,2011-11-01
21448,12 DAISY PEGS IN WOOD BOX,C,Z,CZ,Оставить,нет,592.62,1047.55,0.0,344,77,46,11,1.103,1.72,2017,53.29,96.6,нет,нет,нет,нет,нет,B,2009-12-01,2011-10-01
23042,PAPER LANTERN 7 POINT SNOW STAR,C,Z,CZ,Оставить,нет,591.83,0.0,53.18,87,25,23,8,1.354,6.8,2018,53.32,96.6,нет,нет,нет,нет,нет,не продавался,2011-04-01,2011-11-01
22247,BUNNY DECORATION MAGIC GARDEN,C,Z,CZ,Оставить,нет,591.44,431.35,0.0,668,113,54,9,1.435,0.89,2019,53.34,96.61,нет,нет,нет,нет,нет,C,2009-12-01,2011-11-01
22359,GLASS JAR KINGS CHOICE,C,X,CX,Оставить,нет,591.13,3399.21,11.69,179,77,45,12,0.491,3.3,2020,53.37,96.62,нет,нет,нет,нет,нет,A,2010-03-01,2011-11-01
85017B,ENVELOPE 50 BLOSSOM IMAGES,C,Y,CY,Оставить,нет,590.09,779.9,0.0,1065,157,65,12,0.671,0.55,2021,53.39,96.62,нет,нет,нет,нет,да,B,2009-12-01,2011-11-01
46776A,WOVEN BUBBLE GUM CUSHION COVER,C,Z,CZ,Оставить,нет,590.0,631.28,82.6,140,67,6,12,1.08,4.21,2022,53.42,96.63,нет,нет,нет,нет,да,C,2009-12-01,2011-11-01
35971,ROSE FOLKART HEART DECORATIONS,C,Y,CY,Оставить,нет,588.59,1345.56,12.34,456,85,39,12,0.879,1.29,2023,53.45,96.64,нет,нет,нет,нет,нет,B,2009-12-01,2011-11-01
85141,JARDIN ETCHED GLASS FRUITBOWL,C,Z,CZ,Вывести: продаж нет 6+ месяцев,да,588.34,666.5,0.0,112,37,31,6,1.702,5.25,2024,53.47,96.64,нет,нет,да,нет,нет,C,2009-12-01,2011-05-01
23471,SIX DRAWER OFFICE TIDY,C,Z,CZ,Наблюдать: новый товар,нет,586.94,0.0,29.85,62,25,24,3,2.352,9.47,2025,53.5,96.65,да,нет,нет,нет,нет,не продавался,2011-09-01,2011-11-01
21159,MOODY BOY  DOOR HANGER,C,Z,CZ,Оставить,нет,586.41,816.22,15.38,1094,119,72,12,1.064,0.54,2026,53.53,96.65,нет,нет,нет,нет,нет,B,2009-12-01,2011-11-01
21581,SKULLS  DESIGN  COTTON TOTE BAG,C,Y,CY,Оставить,нет,585.71,1300.07,4.96,251,78,33,12,0.787,2.33,2027,53.55,96.66,нет,нет,нет,нет,нет,B,2009-12-01,2011-11-01
84625A,PINK NEW BAROQUECANDLESTICK CANDLE,C,Y,CY,Оставить,нет,585.08,569.82,20.4,454,41,24,11,0.82,1.29,2028,53.58,96.67,нет,нет,нет,нет,да,C,2009-12-01,2011-11-01
22806,SET OF 6 T-LIGHTS WEDDING CAKE,C,Z,CZ,Оставить,нет,584.34,349.58,92.7,194,32,23,12,1.029,3.01,2029,53.61,96.67,нет,нет,нет,нет,нет,C,2010-09-01,2011-11-01
23180,MUM'S KITCHEN CLOCK,C,Y,CY,Оставить,нет,583.9,0.0,32.24,107,45,27,9,0.995,5.46,2030,53.63,96.68,нет,нет,нет,нет,нет,не продавался,2011-03-01,2011-11-01
85144,JARDIN ETCHED GLASS CHEESE DISH,C,Z,CZ,Вывести: продаж нет 6+ месяцев,да,582.7,449.65,0.0,220,41,38,6,1.993,2.65,2031,53.66,96.69,нет,нет,да,нет,нет,C,2009-12-01,2011-05-01
22448,PIN CUSHION BABUSHKA RED,C,Z,CZ,Оставить,нет,582.48,1750.2,73.95,162,39,25,12,1.011,3.6,2032,53.69,96.69,нет,нет,нет,нет,нет,B,2010-03-01,2011-11-01
22255,FELT TOADSTOOL  SMALL,C,Y,CY,Оставить: сезонный спрос,нет,582.23,493.88,20.4,605,75,31,12,0.753,0.96,2033,53.71,96.7,нет,да,нет,нет,нет,C,2009-12-01,2011-11-01
22266,EASTER DECORATION HANGING BUNNY,C,Z,CZ,Оставить,нет,581.41,444.26,14.44,1811,88,65,11,1.325,0.32,2034,53.74,96.7,нет,нет,нет,нет,нет,C,2009-12-01,2011-11-01
20840,FRENCH FLORAL CUSHION COVER,C,Z,CZ,Оставить,нет,579.95,257.72,42.17,480,68,32,9,1.44,1.21,2035,53.76,96.71,нет,нет,нет,нет,нет,C,2009-12-01,2011-11-01
20704,MR ROBOT SOFT TOY,C,Z,CZ,Оставить: сезонный спрос,нет,579.7,673.72,90.2,176,39,33,12,1.702,3.29,2036,53.79,96.72,нет,да,нет,нет,нет,B,2009-12-01,2011-11-01
21096,SET/6 FRUIT SALAD  PAPER PLATES,C,Z,CZ,Оставить,нет,579.43,1219.58,1.66,1257,104,63,10,1.292,0.46,2037,53.82,96.72,нет,нет,нет,нет,нет,B,2009-12-01,2011-11-01
21253,SET OF PICTURE FRAME  STICKERS,C,Y,CY,Оставить,нет,578.05,634.75,12.37,131,59,14,12,0.544,4.41,2038,53.84,96.73,нет,нет,нет,нет,нет,C,2009-12-01,2011-11-01
23492,VINTAGE JINGLE BELLS WREATH,C,Z,CZ,Наблюдать: новый товар,нет,577.63,0.0,57.75,69,25,23,2,2.524,8.37,2039,53.87,96.74,да,нет,нет,нет,нет,не продавался,2011-10-01,2011-11-01
23224,CHERUB HEART DECORATION GOLD,C,Z,CZ,Наблюдать: новый товар,нет,577.08,0.0,60.32,660,58,40,6,1.622,0.87,2040,53.9,96.74,да,нет,нет,нет,нет,не продавался,2011-06-01,2011-11-01
21292,SMALL STRIPES CHOCOLATE GIFT BAG,C,Z,CZ,Оставить,нет,576.27,819.0,18.24,771,27,25,8,1.645,0.75,2041,53.92,96.75,нет,нет,нет,нет,нет,B,2009-12-01,2011-11-01
23537,WALL ART I LOVE LONDON,C,Z,CZ,Наблюдать: новый товар,нет,576.18,0.0,4.95,110,33,19,2,2.24,5.24,2042,53.95,96.75,да,нет,нет,нет,нет,не продавался,2011-10-01,2011-11-01
23125,6PC WOOD PLATE SET DISPOSABLE,C,Z,CZ,Наблюдать: новый товар,нет,574.88,0.0,0.0,459,38,15,6,2.604,1.25,2043,53.98,96.76,да,нет,нет,да,нет,не продавался,2011-06-01,2011-11-01
23520,EMBROIDERED RIBBON REEL RUBY,C,Z,CZ,Наблюдать: новый товар,нет,574.3,0.0,26.25,160,30,28,3,2.19,3.59,2044,54.0,96.77,да,нет,нет,нет,нет,не продавался,2011-09-01,2011-11-01
20702,PINK PADDED MOBILE,C,Y,CY,Оставить,нет,573.54,2706.16,0.0,134,42,31,10,0.699,4.28,2045,54.03,96.77,нет,нет,нет,нет,нет,A,2009-12-01,2011-10-01
84754,S/15 SILVER GLASS BAUBLES IN BAG,C,Z,CZ,Оставить,нет,572.88,1909.07,0.0,414,61,34,9,1.875,1.38,2046,54.06,96.78,нет,нет,нет,нет,нет,B,2009-12-01,2011-09-01
85071A,BLUE CHARLIE+LOLA PERSONAL DOORSIGN,C,Y,CY,Оставить,нет,572.26,578.96,5.07,1026,106,73,11,0.837,0.56,2047,54.08,96.78,нет,нет,нет,нет,да,C,2009-12-01,2011-11-01
21468,BUTTERFLY CROCHET FOOD COVER,C,Y,CY,Оставить,нет,572.23,1785.41,0.0,148,66,43,11,0.956,3.87,2048,54.11,96.79,нет,нет,нет,нет,нет,B,2009-12-01,2011-11-01
22337,ANGEL DECORATION PAINTED ZINC,C,Z,CZ,Оставить,нет,571.94,947.98,2.6,908,76,24,6,1.408,0.63,2049,54.13,96.8,нет,нет,нет,нет,нет,B,2009-12-01,2011-11-01
22756,LARGE YELLOW BABUSHKA NOTEBOOK,C,Y,CY,Оставить,нет,571.71,721.93,84.81,424,99,51,12,0.679,1.35,2050,54.16,96.8,нет,нет,нет,нет,нет,B,2010-08-01,2011-11-01
84748,FOLK FELT HANGING MULTICOL GARLAND,C,Z,CZ,Оставить,нет,570.86,1210.26,0.0,204,61,7,9,1.808,2.8,2051,54.19,96.81,нет,нет,нет,нет,нет,B,2009-12-01,2011-11-01
22233,JIGSAW RABBIT AND BIRDHOUSE,C,Y,CY,Оставить,нет,569.17,522.12,28.07,547,99,65,12,0.879,1.04,2052,54.21,96.82,нет,нет,нет,нет,нет,C,2009-12-01,2011-11-01
21251,DINOSAUR HEIGHT CHART STICKER SET,C,Y,CY,Оставить,нет,568.98,1114.95,0.0,182,46,32,12,0.701,3.13,2053,54.24,96.82,нет,нет,нет,нет,нет,B,2009-12-01,2011-11-01
85161,ACRYLIC GEOMETRIC LAMP,C,Z,CZ,Оставить,нет,568.65,257.3,0.0,35,20,8,8,1.53,16.25,2054,54.27,96.83,нет,нет,нет,нет,нет,C,2009-12-01,2011-11-01
22825,DECORATIVE PLANT POT WITH FRIEZE,C,Y,CY,Оставить,нет,568.47,182.85,0.0,71,27,22,12,0.645,8.01,2055,54.29,96.83,нет,нет,нет,нет,нет,C,2010-10-01,2011-11-01
20932,PINK POT PLANT CANDLE,C,Z,CZ,Оставить,нет,567.62,515.18,61.17,165,30,19,11,1.568,3.44,2056,54.32,96.84,нет,нет,нет,нет,нет,C,2009-12-01,2011-11-01
22820,GIFT BAG BIRTHDAY,C,Y,CY,Оставить,нет,566.79,269.71,8.63,927,75,41,12,0.79,0.61,2057,54.35,96.85,нет,нет,нет,нет,нет,C,2010-09-01,2011-11-01
21488,RED WHITE SCARF  HOT WATER BOTTLE,C,Z,CZ,Вывести: продаж нет 6+ месяцев,да,566.17,9218.41,0.0,69,16,2,2,3.265,8.21,2058,54.37,96.85,нет,нет,да,нет,нет,A,2009-12-01,2011-03-01
20764,ABSTRACT CIRCLES SKETCHBOOK,C,X,CX,Оставить,нет,565.93,1516.45,37.38,135,71,44,12,0.486,4.19,2059,54.4,96.86,нет,нет,нет,нет,нет,B,2009-12-01,2011-11-01
22482,BLUE TEA TOWEL CLASSIC DESIGN,C,Z,CZ,Оставить,нет,565.86,2173.57,0.0,478,53,40,8,1.341,1.18,2060,54.43,96.86,нет,нет,нет,нет,нет,B,2010-03-01,2011-07-01
23027,DRAWER KNOB VINTAGE GLASS HEXAGON,C,Z,CZ,Наблюдать: новый товар,нет,565.55,0.0,62.4,265,28,24,6,1.415,2.13,2061,54.45,96.87,да,нет,нет,нет,нет,не продавался,2011-06-01,2011-11-01
22272,FELTCRAFT DOLL MARIA,C,Z,CZ,Вывести: продаж нет 6+ месяцев,да,564.92,3283.42,0.0,196,48,43,6,1.241,2.88,2062,54.48,96.88,нет,нет,да,нет,нет,A,2009-12-01,2011-05-01
85036B,CHOCOLATE 1 WICK MORRIS BOX CANDLE,C,Z,CZ,Оставить: сезонный спрос,нет,564.4,957.2,0.0,356,49,40,11,1.354,1.59,2063,54.5,96.88,нет,да,нет,нет,да,B,2009-12-01,2011-11-01
84817,DANISH ROSE DECORATIVE PLATE,C,Z,CZ,Оставить,нет,563.64,214.2,84.0,710,43,39,12,1.556,0.79,2064,54.53,96.89,нет,нет,нет,нет,нет,C,2010-02-01,2011-11-01
85130D,BEADED CRYSTAL HEART PINK LARGE,C,Z,CZ,Оставить,нет,562.97,389.56,6.32,557,59,39,12,1.681,1.01,2065,54.56,96.89,нет,нет,нет,нет,да,C,2009-12-01,2011-11-01
22260,FELT EGG COSY BLUE RABBIT,C,Z,CZ,Оставить: сезонный спрос,нет,562.63,1007.13,11.41,541,100,36,12,1.277,1.04,2066,54.58,96.9,нет,да,нет,нет,нет,B,2009-12-01,2011-11-01
85032D,YULETIDE IMAGES GIFT WRAP SET,C,Z,CZ,Оставить,нет,561.34,766.34,0.0,687,93,57,9,1.374,0.82,2067,54.61,96.91,нет,нет,нет,нет,да,B,2009-12-01,2011-10-01
84912A,PINK ROSE WASHBAG,C,Z,CZ,Оставить,нет,560.62,2451.38,0.0,156,74,25,10,1.012,3.59,2068,54.64,96.91,нет,нет,нет,нет,да,A,2009-12-01,2011-09-01
84352,SILVER CHRISTMAS TREE BAUBLE STAND,C,Z,CZ,Оставить,нет,560.4,2843.48,0.0,33,22,14,6,1.362,16.98,2069,54.66,96.92,нет,нет,нет,нет,нет,A,2009-12-01,2011-09-01
85016,SET OF 6 VINTAGE NOTELETS KIT,C,Z,CZ,Вывести: продаж нет 6+ месяцев,да,560.11,1470.67,0.0,563,42,22,6,1.811,0.99,2070,54.69,96.92,нет,нет,да,нет,нет,B,2009-12-01,2011-05-01
72598,SET/12 TAPER CANDLES,C,Z,CZ,Оставить,нет,559.63,539.87,46.26,559,86,35,12,1.423,1.0,2071,54.72,96.93,нет,нет,нет,нет,нет,C,2009-12-01,2011-11-01
85163A,WHITE BAROQUE WALL CLOCK,C,Z,CZ,Оставить,нет,559.0,499.17,0.0,66,32,15,10,1.333,8.47,2072,54.74,96.94,нет,нет,нет,нет,да,C,2009-12-01,2011-11-01
71279,PINK GLASS CANDLEHOLDER,C,Y,CY,Оставить,нет,558.37,413.74,0.0,175,38,20,11,0.581,3.19,2073,54.77,96.94,нет,нет,нет,нет,нет,C,2009-12-01,2011-11-01
84569D,PACK 6 HEART/ICE-CREAM PATCHES,C,Y,CY,Оставить,нет,558.16,725.67,2.46,466,97,32,12,0.724,1.2,2074,54.8,96.95,нет,нет,нет,нет,да,B,2009-12-01,2011-11-01
90062,CARNIVAL BRACELET,C,Z,CZ,Вывести: продаж нет 6+ месяцев,да,558.03,1995.14,0.0,44,26,6,5,1.374,12.68,2075,54.82,96.95,нет,нет,да,нет,нет,B,2009-12-01,2011-04-01
20866,BLUE ROSE FABRIC MIRROR,C,Z,CZ,Оставить,нет,557.86,659.21,24.64,466,81,31,11,1.254,1.2,2076,54.85,96.96,нет,нет,нет,нет,нет,C,2009-12-01,2011-11-01
21662,VINTAGE GLASS COFFEE CADDY,C,Z,CZ,Оставить,нет,557.3,1177.75,0.0,86,26,14,8,2.119,6.48,2077,54.87,96.97,нет,нет,нет,нет,нет,B,2009-12-01,2011-08-01
23377,PACK OF 12 DOLLY GIRL TISSUES,C,Z,CZ,Наблюдать: новый товар,нет,557.11,0.0,35.34,1301,123,68,3,1.797,0.43,2078,54.9,96.97,да,нет,нет,нет,нет,не продавался,2011-09-01,2011-11-01
85187,S/12 MINI RABBIT EASTER,C,Z,CZ,Оставить: сезонный спрос,нет,556.53,259.95,0.0,337,69,53,8,1.629,1.65,2079,54.93,96.98,нет,да,нет,нет,нет,C,2010-01-01,2011-11-01
21576,LETS GO SHOPPING COTTON TOTE BAG,C,Y,CY,Оставить,нет,553.38,1100.85,31.96,239,75,38,11,0.58,2.32,2080,54.95,96.98,нет,нет,нет,нет,нет,B,2009-12-01,2011-11-01
17129F,BLUE GLASS GEMS IN BAG,C,Y,CY,Оставить,нет,552.2,1130.75,1.63,587,56,11,12,0.87,0.94,2081,54.98,96.99,нет,нет,нет,нет,нет,B,2009-12-01,2011-11-01
23453,OVAL  MINI PORTRAIT FRAME,C,Z,CZ,Наблюдать: новый товар,нет,551.63,0.0,64.35,283,41,36,2,2.298,1.95,2082,55.01,97.0,да,нет,нет,нет,нет,не продавался,2011-10-01,2011-11-01
22102,MIRROR MOSAIC T-LIGHT HOLDER,C,Z,CZ,Оставить,нет,551.04,358.2,0.0,902,30,13,11,2.839,0.61,2083,55.03,97.0,нет,нет,нет,да,нет,C,2009-12-01,2011-11-01
21219,SET/4 BADGES BALLOON GIRL,C,Y,CY,Оставить,нет,550.75,728.93,11.09,443,84,34,12,0.688,1.24,2084,55.06,97.01,нет,нет,нет,нет,нет,B,2009-12-01,2011-11-01
21397,BLUE  SPOTTY EGG CUP,C,Z,CZ,Вывести: продаж нет 6+ месяцев,да,550.43,1452.31,0.0,1075,65,43,6,2.337,0.51,2085,55.09,97.01,нет,нет,да,нет,нет,B,2009-12-01,2011-05-01
85025B,EAU DE NILE HEART SHAPE PHOTO FRAME,C,Z,CZ,Оставить,нет,545.24,430.28,9.88,325,35,19,11,1.604,1.68,2086,55.11,97.02,нет,нет,нет,нет,да,C,2009-12-01,2011-11-01
23069,EDWARDIAN PHOTO FRAME,C,Y,CY,Оставить,нет,543.71,0.0,12.5,86,31,27,8,0.943,6.32,2087,55.14,97.02,нет,нет,нет,нет,нет,не продавался,2011-04-01,2011-11-01
21638,ASSORTED TUTTI FRUTTI NOTEBOOK,C,Z,CZ,Оставить,нет,541.46,1673.18,6.3,244,38,23,9,1.028,2.22,2088,55.17,97.03,нет,нет,нет,нет,нет,B,2009-12-01,2011-11-01
22642,SET OF 4 NAPKIN CHARMS STARS,C,Z,CZ,Оставить,нет,541.41,1752.11,54.95,210,43,33,9,1.207,2.58,2089,55.19,97.04,нет,нет,нет,нет,нет,B,2010-07-01,2011-11-01
85180B,PINK HEARTS LIGHT CHAIN,C,Z,CZ,Оставить,нет,540.7,434.96,46.5,261,46,18,9,2.009,2.07,2090,55.22,97.04,нет,нет,нет,нет,да,C,2009-12-01,2011-11-01
21264,WHITE GOOSE FEATHER TREE 60CM,C,Z,CZ,Оставить: сезонный спрос,нет,538.5,346.2,29.25,266,40,31,9,1.591,2.02,2091,55.24,97.05,нет,да,нет,нет,нет,C,2009-12-01,2011-11-01
21675,BUTTERFLIES STICKERS,C,Y,CY,Оставить,нет,538.08,998.38,19.98,598,104,43,11,0.594,0.9,2092,55.27,97.05,нет,нет,нет,нет,нет,B,2009-12-01,2011-11-01
23549,WRAP BIRD GARDEN,C,Z,CZ,Наблюдать: новый товар,нет,537.6,0.0,10.5,1280,51,45,5,1.237,0.42,2093,55.3,97.06,да,нет,нет,нет,нет,не продавался,2011-07-01,2011-11-01
23016,GLASS TWIST BON BON JAR,C,Z,CZ,Наблюдать: новый товар,нет,536.0,0.0,39.25,69,22,17,6,1.311,7.77,2094,55.32,97.07,да,нет,нет,нет,нет,не продавался,2011-06-01,2011-11-01
85088,CANDY SPOT HAND BAG,C,Z,CZ,Оставить,нет,534.83,189.02,0.0,259,51,18,11,1.036,2.06,2095,55.35,97.07,нет,нет,нет,нет,нет,C,2009-12-01,2011-11-01
21849,SILVER DIAMANTE PEN IN GIFT BOX,C,Z,CZ,Оставить,нет,534.08,814.58,14.85,170,65,15,11,1.392,3.14,2096,55.38,97.08,нет,нет,нет,нет,нет,B,2009-12-01,2011-11-01
22717,CARD DOG AND BALL,C,X,CX,Оставить,нет,533.29,477.6,2.49,1226,128,69,12,0.375,0.43,2097,55.4,97.08,нет,нет,нет,нет,нет,C,2010-06-01,2011-11-01
21194,PINK  HONEYCOMB PAPER FAN,C,Y,CY,Оставить,нет,533.22,195.53,22.75,463,61,35,12,0.792,1.15,2098,55.43,97.09,нет,нет,нет,нет,нет,C,2009-12-01,2011-11-01
82613D,METAL SIGN CUPCAKE SINGLE HOOK,C,Z,CZ,Оставить,нет,532.99,747.62,1.25,695,110,43,12,1.851,0.77,2099,55.46,97.09,нет,нет,нет,нет,да,B,2009-12-01,2011-11-01
35965,FOLKART HEART NAPKIN RINGS,C,Y,CY,Оставить,нет,532.17,872.5,0.0,342,68,21,11,0.709,1.56,2100,55.48,97.1,нет,нет,нет,нет,нет,B,2009-12-01,2011-11-01
22261,FELT EGG COSY WHITE RABBIT,C,Z,CZ,Оставить: сезонный спрос,нет,531.67,1479.64,13.04,571,102,61,11,1.352,0.93,2101,55.51,97.1,нет,да,нет,нет,нет,B,2009-12-01,2011-11-01
21128,GOLD FISHING GNOME,C,Y,CY,Оставить: сезонный спрос,нет,531.0,295.03,15.6,60,35,11,11,0.883,8.85,2102,55.54,97.11,нет,да,нет,нет,нет,C,2009-12-01,2011-11-01
84951B,SET OF 4 BLACK LOVEBIRD COASTERS,C,Y,CY,Оставить,нет,530.99,299.21,23.79,423,78,22,12,0.858,1.26,2103,55.56,97.12,нет,нет,нет,нет,да,C,2009-12-01,2011-11-01
35241,ENAMEL BLUE RIM BISCUIT BIN,C,Z,CZ,Вывести: продаж нет 6+ месяцев,да,530.49,1076.18,0.0,103,44,27,6,1.428,5.15,2104,55.59,97.12,нет,нет,да,нет,нет,B,2009-12-01,2011-05-01
84665,SQUARE CHERRY BLOSSOM CABINET,C,Z,CZ,Оставить,нет,529.55,716.15,0.0,89,16,14,8,1.142,5.95,2105,55.61,97.13,нет,нет,нет,нет,нет,B,2009-12-01,2011-11-01
23565,EGG CUP MILKMAID HELGA,C,Z,CZ,Наблюдать: новый товар,нет,529.25,0.0,57.06,375,53,27,2,2.248,1.41,2106,55.64,97.13,да,нет,нет,нет,нет,не продавался,2011-10-01,2011-11-01
75131,METAL TUBE CHIME ON BAMBOO,C,Z,CZ,Вывести: продаж нет 6+ месяцев,да,529.21,1013.82,0.0,490,15,13,5,2.635,1.08,2107,55.67,97.14,нет,нет,да,да,нет,B,2009-12-01,2011-04-01
23381,PACK OF 12 VINTAGE LEAF TISSUES,C,Z,CZ,Наблюдать: новый товар,нет,528.21,0.0,34.67,1415,67,55,3,2.254,0.37,2108,55.69,97.14,да,нет,нет,нет,нет,не продавался,2011-09-01,2011-11-01
22275,WEEKEND BAG VINTAGE ROSE PAISLEY,C,Z,CZ,Вывести: продаж нет 6+ месяцев,да,527.85,7313.48,0.0,69,1,1,1,3.317,7.65,2109,55.72,97.15,нет,нет,да,да,нет,A,2009-12-01,2010-12-01
21277,FRENCH STYLE EMBOSSED HEART CABINET,C,Y,CY,Оставить,нет,527.53,716.01,0.0,24,20,17,10,0.791,21.98,2110,55.75,97.16,нет,нет,нет,нет,нет,B,2009-12-01,2011-11-01
84951A,SET OF 4 PISTACHIO LOVEBIRD COASTER,C,Y,CY,Оставить,нет,526.67,295.75,7.38,448,90,25,12,0.564,1.18,2111,55.77,97.16,нет,нет,нет,нет,да,C,2009-12-01,2011-11-01
22023,EMPIRE BIRTHDAY CARD,C,X,CX,Оставить,нет,526.15,1533.01,7.53,1179,141,69,12,0.321,0.45,2112,55.8,97.17,нет,нет,нет,нет,нет,B,2009-12-01,2011-11-01
22521,CHILDS GARDEN TROWEL PINK,C,Z,CZ,Вывести: продаж нет 6+ месяцев,да,525.51,1460.72,0.0,609,104,81,6,1.494,0.86,2113,55.83,97.17,нет,нет,да,нет,нет,B,2010-03-01,2011-05-01
35809A,ENAMEL PINK TEA CONTAINER,C,Z,CZ,Оставить,нет,525.39,1182.93,0.0,429,71,37,7,1.369,1.22,2114,55.85,97.18,нет,нет,нет,нет,да,B,2009-12-01,2011-06-01
85136A,YELLOW SHARK HELICOPTER,C,Z,CZ,Оставить: сезонный спрос,нет,524.71,540.92,47.7,65,48,31,11,1.387,8.07,2115,55.88,97.18,нет,да,нет,нет,да,C,2009-12-01,2011-11-01
85135B,BLUE DRAGONFLY HELICOPTER,C,Z,CZ,Оставить,нет,524.55,694.01,0.0,65,45,28,9,1.683,8.07,2116,55.9,97.19,нет,нет,нет,нет,да,B,2009-12-01,2011-11-01
47310M,"SMALL POP BOX,FUNKY MONKEY",C,Y,CY,Оставить,нет,523.66,434.49,46.79,375,113,23,12,0.71,1.4,2117,55.93,97.2,нет,нет,нет,нет,нет,C,2009-12-01,2011-11-01
20785,FUSCHIA RETRO BAR STOOL,C,Z,CZ,Вывести: продаж нет 6+ месяцев,да,523.3,3109.1,0.0,14,5,4,4,2.567,37.38,2118,55.96,97.2,нет,нет,да,да,нет,A,2010-01-01,2011-04-01
22861,EASTER TIN CHICKS IN GARDEN,C,Z,CZ,Вывести: продаж нет 6+ месяцев,да,522.93,0.0,0.0,305,50,36,5,1.405,1.71,2119,55.98,97.21,нет,нет,да,нет,нет,не продавался,2010-12-01,2011-04-01
22057,CERAMIC PLATE STRAWBERRY DESIGN,C,Y,CY,Оставить,нет,521.8,3302.09,68.64,356,46,32,12,0.797,1.47,2120,56.01,97.21,нет,нет,нет,нет,нет,A,2009-12-01,2011-11-01
22903,CALENDAR FAMILY FAVOURITES,C,Z,CZ,Оставить: сезонный спрос,нет,520.96,623.36,29.64,178,52,20,9,1.09,2.93,2121,56.04,97.22,нет,да,нет,нет,нет,C,2010-09-01,2011-11-01
85025C,PINK HEART SHAPE PHOTO FRAME,C,Z,CZ,Оставить,нет,520.91,765.0,0.0,321,39,27,9,1.703,1.62,2122,56.06,97.22,нет,нет,нет,нет,да,B,2009-12-01,2011-08-01
20832,RED FLOCK LOVE HEART PHOTO FRAME,C,Z,CZ,Оставить,нет,520.83,546.58,51.84,995,81,47,11,1.068,0.52,2123,56.09,97.23,нет,нет,нет,нет,нет,C,2009-12-01,2011-11-01
22232,JIGSAW TOADSTOOLS 3 PIECE,C,Y,CY,Оставить,нет,520.83,701.33,28.91,577,73,44,12,0.764,0.9,2124,56.12,97.23,нет,нет,нет,нет,нет,B,2009-12-01,2011-11-01
23219,LAUREL STAR ANTIQUE SILVER,C,Z,CZ,Наблюдать: новый товар,нет,520.01,0.0,48.59,395,56,40,6,1.578,1.32,2125,56.14,97.24,да,нет,нет,нет,нет,не продавался,2011-06-01,2011-11-01
21015,DARK BIRD HOUSE TREE DECORATION,C,Z,CZ,Оставить: сезонный спрос,нет,519.21,182.18,70.34,1341,126,52,10,1.778,0.39,2126,56.17,97.25,нет,да,нет,нет,нет,C,2009-12-01,2011-11-01
84313B,BLUE TV TRAY TABLE,C,Z,CZ,Вывести: продаж нет 6+ месяцев,да,518.61,645.43,0.0,127,39,6,5,1.604,4.08,2127,56.2,97.25,нет,нет,да,нет,да,C,2009-12-01,2011-04-01
22709,WRAP WEDDING DAY,C,Y,CY,Оставить,нет,518.0,560.58,10.5,1300,38,37,10,0.773,0.4,2128,56.22,97.26,нет,нет,нет,нет,нет,C,2010-06-01,2011-10-01
21270,ANTIQUE CREAM CUTLERY CUPBOARD,C,Z,CZ,Оставить,нет,517.44,344.24,12.75,49,35,11,9,2.098,10.56,2129,56.25,97.26,нет,нет,нет,нет,нет,C,2009-12-01,2011-11-01
22707,WRAP MONSTER FUN,C,Y,CY,Оставить,нет,517.44,378.0,10.5,1232,48,40,12,0.561,0.42,2130,56.27,97.27,нет,нет,нет,нет,нет,C,2010-05-01,2011-11-01
84625C,BLUE NEW BAROQUE CANDLESTICK CANDLE,C,Y,CY,Оставить,нет,516.01,414.24,0.0,425,34,20,10,0.896,1.21,2131,56.3,97.27,нет,нет,нет,нет,да,C,2009-12-01,2011-10-01
21801,CHRISTMAS TREE DECORATION WITH BELL,C,Z,CZ,Оставить,нет,515.14,937.4,0.0,1215,124,21,10,1.523,0.42,2132,56.33,97.28,нет,нет,нет,нет,нет,B,2009-12-01,2011-10-01
21417,COCKLE SHELL DISH,C,Y,CY,Оставить,нет,513.49,343.7,116.31,197,59,17,12,0.652,2.61,2133,56.35,97.28,нет,нет,нет,нет,нет,C,2009-12-01,2011-11-01
21711,FOLDING UMBRELLA WHITE/RED POLKADOT,C,Z,CZ,Оставить,нет,513.02,1042.64,0.0,104,36,22,11,1.217,4.93,2134,56.38,97.29,нет,нет,нет,нет,нет,B,2009-12-01,2011-11-01
21455,PAINTED YELLOW WOODEN DAISY,C,Z,CZ,Оставить: сезонный спрос,нет,511.69,280.48,5.1,606,116,31,12,1.16,0.84,2135,56.41,97.29,нет,да,нет,нет,нет,C,2010-01-01,2011-11-01
85231G,ORANGE SCENTED SET/9 T-LIGHTS,C,Y,CY,Оставить,нет,511.05,769.84,0.0,600,87,49,11,0.64,0.85,2136,56.43,97.3,нет,нет,нет,нет,да,B,2009-12-01,2011-10-01
21059,PARTY INVITES DINOSAURS,C,X,CX,Оставить,нет,510.52,816.93,7.51,592,90,65,12,0.41,0.86,2137,56.46,97.31,нет,нет,нет,нет,нет,B,2009-12-01,2011-11-01
85172,HYACINTH BULB T-LIGHT CANDLES,C,Z,CZ,Оставить,нет,510.16,1691.44,25.92,1186,40,33,12,1.127,0.43,2138,56.49,97.31,нет,нет,нет,нет,нет,B,2009-12-01,2011-11-01
22248,DECORATION  PINK CHICK MAGIC GARDEN,C,Z,CZ,Оставить,нет,509.86,375.56,1.63,576,107,42,11,1.396,0.89,2139,56.51,97.32,нет,нет,нет,нет,нет,C,2009-12-01,2011-11-01
23272,TREE T-LIGHT HOLDER WILLIE WINKIE,C,Z,CZ,Наблюдать: новый товар,нет,509.62,0.0,52.6,286,36,27,6,1.289,1.78,2140,56.54,97.32,да,нет,нет,нет,нет,не продавался,2011-06-01,2011-11-01
23455,SMALL PARLOUR PICTURE FRAME,C,Z,CZ,Наблюдать: новый товар,нет,508.74,0.0,60.69,186,30,27,2,2.236,2.74,2141,56.57,97.33,да,нет,нет,нет,нет,не продавался,2011-10-01,2011-11-01
85131B,BEADED CRYSTAL HEART GREEN ON STICK,C,Y,CY,Оставить,нет,508.66,209.63,12.45,608,168,2,12,0.543,0.84,2142,56.59,97.33,нет,нет,нет,нет,да,C,2009-12-01,2011-11-01
84520B,PACK 20 ENGLISH ROSE PAPER NAPKINS,C,Z,CZ,Вывести: продаж нет 6+ месяцев,да,508.37,6060.45,0.0,554,80,51,4,1.969,0.92,2143,56.62,97.34,нет,нет,да,нет,нет,A,2009-12-01,2011-03-01
85104,SILVER GLASS T-LIGHT SET,C,Z,CZ,Оставить,нет,508.25,498.74,17.5,187,15,11,8,2.506,2.72,2144,56.64,97.34,нет,нет,нет,да,нет,C,2009-12-01,2011-11-01
82613B,"METAL SIGN,CUPCAKE SINGLE HOOK",C,Z,CZ,Оставить,нет,506.47,510.43,3.71,585,113,39,12,1.413,0.87,2145,56.67,97.35,нет,нет,нет,нет,да,C,2009-12-01,2011-11-01
22543,MINI JIGSAW BAKE A CAKE,C,Z,CZ,Оставить,нет,506.22,750.69,24.58,1327,48,28,11,1.387,0.38,2146,56.7,97.35,нет,нет,нет,нет,нет,B,2010-03-01,2011-11-01
20998,ROSE DU SUD OVEN GLOVE,C,Y,CY,Оставить,нет,505.2,437.06,0.0,185,69,27,10,0.796,2.73,2147,56.72,97.36,нет,нет,нет,нет,нет,C,2009-12-01,2011-10-01
22127,PARTY CONES CARNIVAL ASSORTED,C,Z,CZ,Вывести: продаж нет 6+ месяцев,да,504.88,3588.23,0.0,404,22,20,4,1.793,1.25,2148,56.75,97.37,нет,нет,да,нет,нет,A,2009-12-01,2011-03-01
21654,RIDGED GLASS FINGER BOWL,C,Z,CZ,Оставить,нет,504.68,315.53,0.0,974,59,40,10,1.31,0.52,2149,56.78,97.37,нет,нет,нет,нет,нет,C,2009-12-01,2011-09-01
21710,FOLDING UMBRELLA PINKWHITE POLKADOT,C,Y,CY,Оставить,нет,501.98,1708.28,0.0,107,45,29,11,0.687,4.69,2150,56.8,97.38,нет,нет,нет,нет,нет,B,2009-12-01,2011-11-01
85019A,ROMANTIC IMAGES NOTEBOOK SET,C,Y,CY,Оставить,нет,501.85,320.69,32.5,364,30,22,11,0.684,1.38,2151,56.83,97.38,нет,нет,нет,нет,да,C,2010-01-01,2011-11-01
23484,HEART TRELLIS TRIPLE T-LIGHT HOLDER,C,Z,CZ,Наблюдать: новый товар,нет,501.07,0.0,46.28,173,31,24,3,2.309,2.9,2152,56.86,97.39,да,нет,нет,нет,нет,не продавался,2011-09-01,2011-11-01
20681,PINK SPOTTY CHILDS UMBRELLA,C,Z,CZ,Вывести: продаж нет 6+ месяцев,да,500.46,4214.44,0.0,138,44,29,4,1.662,3.63,2153,56.88,97.39,нет,нет,да,нет,нет,A,2009-12-01,2011-03-01
23139,SINGLE WIRE HOOK PINK HEART,C,Z,CZ,Оставить,нет,498.82,0.0,12.48,370,23,16,8,2.423,1.35,2154,56.91,97.4,нет,нет,нет,да,нет,не продавался,2011-04-01,2011-11-01
22096,PINK PAISLEY SQUARE TISSUE BOX,C,Z,CZ,Оставить,нет,496.73,339.77,87.36,1142,113,87,11,1.835,0.43,2155,56.94,97.4,нет,нет,нет,нет,нет,C,2009-12-01,2011-11-01
21972,SET OF 36 DINOSAUR PAPER DOILIES,C,Y,CY,Оставить,нет,496.16,1060.29,2.92,334,64,35,12,0.649,1.49,2156,56.96,97.41,нет,нет,нет,нет,нет,B,2009-12-01,2011-11-01
20761,BLUE PAISLEY SKETCHBOOK,C,X,CX,Оставить,нет,494.72,901.49,11.25,117,60,44,12,0.447,4.23,2157,56.99,97.41,нет,нет,нет,нет,нет,B,2009-12-01,2011-11-01
21925,UNION STRIPE CUSHION COVER,C,Y,CY,Оставить,нет,493.75,1041.08,2.5,395,60,37,12,0.65,1.25,2158,57.01,97.42,нет,нет,нет,нет,нет,B,2010-04-01,2011-11-01
23043,PAPER LANTERN 9 POINT HOLLY STAR L,C,Z,CZ,Оставить,нет,493.67,0.0,49.84,77,21,18,5,1.582,6.41,2159,57.04,97.42,нет,нет,нет,нет,нет,не продавался,2011-05-01,2011-11-01
22280,POCKET BAG PINK PAISELY BROWN SPOT,C,Z,CZ,Оставить,нет,493.58,739.15,16.01,461,91,25,12,1.079,1.07,2160,57.07,97.43,нет,нет,нет,нет,нет,B,2009-12-01,2011-11-01
84687,BEACH HUT SHELF W 3 DRAWERS,C,Z,CZ,Оставить,нет,492.53,703.63,0.0,79,30,15,9,1.06,6.23,2161,57.09,97.43,нет,нет,нет,нет,нет,B,2009-12-01,2011-11-01
23473,WOODLAND SMALL RED FELT HEART,C,Z,CZ,Наблюдать: новый товар,нет,492.26,0.0,59.76,606,46,37,2,2.264,0.81,2162,57.12,97.44,да,нет,нет,нет,нет,не продавался,2011-10-01,2011-11-01
23499,SET 12 VINTAGE DOILY CHALK,C,Z,CZ,Наблюдать: новый товар,нет,491.8,0.0,94.43,1094,89,70,2,3.016,0.45,2163,57.15,97.45,да,нет,нет,нет,нет,не продавался,2011-10-01,2011-11-01
23425,STORAGE TIN HOME SWEET HOME,C,Z,CZ,Наблюдать: новый товар,нет,490.03,0.0,131.41,172,42,26,3,1.813,2.85,2164,57.17,97.45,да,нет,нет,нет,нет,не продавался,2011-09-01,2011-11-01
21632,VINTAGE PINK DECORATIVE PARASOL,C,Z,CZ,Вывести: продаж нет 6+ месяцев,да,489.74,573.73,0.0,88,24,5,2,2.261,5.57,2165,57.2,97.46,нет,нет,да,нет,нет,C,2009-12-01,2011-01-01
23045,PAPER LANTERN 5 POINT STAR MOON,C,Z,CZ,Оставить,нет,489.69,0.0,8.29,117,24,22,6,1.649,4.19,2166,57.23,97.46,нет,нет,нет,нет,нет,не продавался,2011-05-01,2011-11-01
22703,PINK CAT BOWL,C,Y,CY,Оставить: сезонный спрос,нет,489.28,338.48,94.05,257,103,21,12,0.818,1.9,2167,57.25,97.47,нет,да,нет,нет,нет,C,2010-06-01,2011-11-01
47563A,RETRO LONGBOARD IRONING BOARD COVER,C,Y,CY,Оставить,нет,486.83,285.11,64.68,261,96,30,11,0.759,1.87,2168,57.28,97.47,нет,нет,нет,нет,нет,C,2009-12-01,2011-11-01
20766,GARDEN PATH SKETCHBOOK,C,Y,CY,Оставить,нет,486.07,1039.9,7.5,120,56,40,12,0.668,4.05,2169,57.31,97.48,нет,нет,нет,нет,нет,B,2009-12-01,2011-11-01
21202,DOLLY HONEYCOMB GARLAND,C,Z,CZ,Оставить,нет,485.46,546.77,0.0,474,25,20,10,1.56,1.02,2170,57.33,97.48,нет,нет,нет,нет,нет,C,2009-12-01,2011-11-01
21358,TOAST ITS - HAPPY BIRTHDAY,C,Y,CY,Оставить,нет,485.4,905.42,7.89,402,102,53,12,0.526,1.21,2171,57.36,97.49,нет,нет,нет,нет,нет,B,2009-12-01,2011-11-01
20893,HANGING BAUBLE T-LIGHT HOLDER SMALL,C,Z,CZ,Оставить,нет,485.12,467.67,123.9,209,25,16,9,2.24,2.32,2172,57.38,97.49,нет,нет,нет,нет,нет,C,2009-12-01,2011-11-01
21926,RED/CREAM STRIPE CUSHION COVER,C,Y,CY,Оставить,нет,484.9,800.37,10.0,394,58,34,11,0.735,1.23,2173,57.41,97.5,нет,нет,нет,нет,нет,B,2010-04-01,2011-11-01
23021,GLASS BONNE JAM JAR,C,Z,CZ,Наблюдать: новый товар,нет,484.22,0.0,16.6,116,26,23,6,1.34,4.17,2174,57.44,97.5,да,нет,нет,нет,нет,не продавался,2011-06-01,2011-11-01
23060,HEART BEADED TRELLIS DECORATION,C,Z,CZ,Оставить,нет,482.41,0.0,45.76,227,39,32,8,1.103,2.13,2175,57.46,97.51,нет,нет,нет,нет,нет,не продавался,2011-04-01,2011-11-01
17012D,ORIGAMI ROSE INCENSE/CANDLE SET,C,Z,CZ,Оставить,нет,482.2,111.48,65.04,411,83,33,12,1.37,1.17,2176,57.49,97.51,нет,нет,нет,нет,да,C,2010-03-01,2011-11-01
21634,ASSORTED MINI MADRAS NOTEBOOK,C,Z,CZ,Оставить,нет,481.95,905.79,0.0,976,28,22,9,1.96,0.49,2177,57.52,97.52,нет,нет,нет,нет,нет,B,2009-12-01,2011-10-01
82616B,FRAPPUCINO SCARF KNITTING KIT,C,Z,CZ,Оставить: сезонный спрос,нет,481.77,474.81,20.97,333,68,35,10,1.045,1.45,2178,57.54,97.52,нет,да,нет,нет,да,C,2009-12-01,2011-11-01
22181,SNOWSTORM PHOTO FRAME FRIDGE MAGNET,C,Y,CY,Оставить,нет,480.51,780.27,0.0,567,56,40,12,0.824,0.85,2179,57.57,97.53,нет,нет,нет,нет,нет,B,2009-12-01,2011-11-01
21741,COSY SLIPPER SHOES LARGE GREEN,C,Z,CZ,Оставить: сезонный спрос,нет,480.17,1813.58,0.0,147,40,27,9,1.642,3.27,2180,57.6,97.53,нет,да,нет,нет,нет,B,2009-12-01,2011-11-01
23660,HENRIETTA HEN MUG,C,Z,CZ,Наблюдать: новый товар,нет,479.36,0.0,35.5,280,34,27,2,2.338,1.71,2181,57.62,97.54,да,нет,нет,нет,нет,не продавался,2011-10-01,2011-11-01
17012F,ORIGAMI SANDLEWOOD INCENSE/CAND SET,C,Z,CZ,Оставить: сезонный спрос,нет,479.29,150.05,51.31,399,82,29,12,1.303,1.2,2182,57.65,97.54,нет,да,нет,нет,да,C,2010-03-01,2011-11-01
84849B,FAIRY SOAP SOAP HOLDER,C,Z,CZ,Оставить,нет,478.83,2745.03,0.0,266,76,41,8,1.061,1.8,2183,57.68,97.55,нет,нет,нет,нет,да,A,2009-12-01,2011-07-01
21067,VINTAGE RED TEATIME MUG,C,Y,CY,Оставить,нет,478.52,3326.52,0.0,293,74,29,10,0.865,1.63,2184,57.7,97.55,нет,нет,нет,нет,нет,A,2009-12-01,2011-10-01
21454,PAINTED PINK RABBIT,C,Z,CZ,Оставить: сезонный спрос,нет,478.43,322.44,6.73,565,134,40,12,1.245,0.85,2185,57.73,97.56,нет,да,нет,нет,нет,C,2010-01-01,2011-11-01
22050,PINK PAISLEY ROSE GIFT WRAP,C,Y,CY,Оставить,нет,477.5,845.0,10.5,1175,38,35,12,0.663,0.41,2186,57.75,97.56,нет,нет,нет,нет,нет,B,2009-12-01,2011-11-01
23074,EMBOSSED HEART TRINKET BOX,C,Z,CZ,Наблюдать: новый товар,нет,476.85,0.0,57.94,222,39,29,3,1.934,2.15,2187,57.78,97.57,да,нет,нет,нет,нет,не продавался,2011-09-01,2011-11-01
21472,LADYBIRD + BEE RAFFIA FOOD COVER,C,Z,CZ,Оставить,нет,476.41,3601.41,0.0,123,37,29,6,1.366,3.87,2188,57.81,97.57,нет,нет,нет,нет,нет,A,2009-12-01,2011-07-01
21587,COSY HOUR GIANT TUBE MATCHES,C,Z,CZ,Оставить,нет,475.65,4682.1,0.0,195,26,25,2,2.596,2.44,2189,57.83,97.58,нет,нет,нет,нет,нет,A,2009-12-01,2011-10-01
84598,BOYS ALPHABET IRON ON PATCHES,C,Z,CZ,Оставить,нет,475.48,3743.62,10.08,1663,95,4,12,1.001,0.29,2190,57.86,97.58,нет,нет,нет,нет,нет,A,2009-12-01,2011-11-01
85093,CANDY SPOT EGG WARMER HARE,C,Z,CZ,Оставить,нет,475.18,616.03,0.0,708,88,20,12,1.839,0.67,2191,57.89,97.59,нет,нет,нет,нет,нет,C,2009-12-01,2011-11-01
90209C,PINK ENAMEL+GLASS HAIR COMB,C,Z,CZ,Оставить,нет,474.2,267.66,0.0,260,30,7,10,1.789,1.82,2192,57.91,97.59,нет,нет,нет,да,да,C,2009-12-01,2011-10-01
82616C,MIDNIGHT GLAMOUR SCARF KNITTING KIT,C,Y,CY,Оставить,нет,474.14,522.66,27.3,307,75,37,11,0.995,1.54,2193,57.94,97.6,нет,нет,нет,нет,да,C,2009-12-01,2011-11-01
22230,JIGSAW TREE WITH WATERING CAN,C,Z,CZ,Оставить,нет,473.53,623.41,7.1,1041,98,49,12,1.266,0.45,2194,57.97,97.6,нет,нет,нет,нет,нет,C,2009-12-01,2011-11-01
23218,LAUREL STAR ANTIQUE GOLD,C,Z,CZ,Наблюдать: новый товар,нет,473.11,0.0,9.92,373,37,27,4,1.639,1.27,2195,57.99,97.61,да,нет,нет,нет,нет,не продавался,2011-07-01,2011-11-01
22184,CAKE STAND VICTORIAN FILIGREE LARGE,C,Z,CZ,Вывести: продаж нет 6+ месяцев,да,471.86,2338.71,0.0,56,35,3,2,2.251,8.43,2196,58.02,97.61,нет,нет,да,нет,нет,B,2009-12-01,2011-01-01
23398,HANGING HEART BONHEUR,C,Z,CZ,Наблюдать: новый товар,нет,470.84,0.0,64.51,533,61,47,3,1.825,0.88,2197,58.04,97.62,да,нет,нет,нет,нет,не продавался,2011-09-01,2011-11-01
23136,IVORY WIRE SWEETHEART LETTER TRAY,C,Y,CY,Оставить,нет,470.64,0.0,41.25,124,47,38,8,0.85,3.8,2198,58.07,97.62,нет,нет,нет,нет,нет,не продавался,2011-04-01,2011-11-01
20716,PARTY FOOD SHOPPER BAG,C,Z,CZ,Оставить,нет,469.63,1442.91,0.0,400,73,31,7,1.092,1.17,2199,58.1,97.63,нет,нет,нет,нет,нет,B,2009-12-01,2011-06-01
23451,SQUARE MINI PORTRAIT FRAME,C,Z,CZ,Наблюдать: новый товар,нет,467.5,0.0,88.67,236,43,33,2,2.408,1.98,2200,58.12,97.63,да,нет,нет,нет,нет,не продавался,2011-10-01,2011-11-01
84917,WHITE HAND TOWEL WITH BUTTERFLY,C,Z,CZ,Вывести: продаж нет 6+ месяцев,да,466.3,219.73,0.0,184,27,13,5,1.76,2.53,2201,58.15,97.64,нет,нет,да,нет,нет,C,2010-01-01,2011-05-01
20707,CRAZY DAISY HEART DECORATION,C,Y,CY,Оставить,нет,465.93,771.54,2.46,463,148,20,12,0.757,1.01,2202,58.18,97.64,нет,нет,нет,нет,нет,B,2009-12-01,2011-11-01
23457,LARGE PARLOUR PICTURE FRAME,C,Z,CZ,Наблюдать: новый товар,нет,465.73,0.0,84.15,95,24,21,2,2.375,4.9,2203,58.2,97.65,да,нет,нет,нет,нет,не продавался,2011-10-01,2011-11-01
23422,PANTRY HOOK BALLOON WHISK,C,Z,CZ,Наблюдать: новый товар,нет,465.47,0.0,12.42,209,44,29,3,1.785,2.23,2204,58.23,97.65,да,нет,нет,нет,нет,не продавался,2011-09-01,2011-11-01
20615,BLUE POLKADOT PASSPORT COVER,C,Y,CY,Оставить,нет,462.11,610.82,4.88,307,93,28,12,0.87,1.51,2205,58.26,97.66,нет,нет,нет,нет,нет,C,2009-12-01,2011-11-01
35598D,PINK/WHITE CHRISTMAS TREE 60CM,C,Z,CZ,Оставить: сезонный спрос,нет,461.81,819.19,31.2,636,41,22,10,1.675,0.73,2206,58.28,97.66,нет,да,нет,нет,да,B,2009-12-01,2011-11-01
20803,SMALL PINK GLASS SUNDAE DISH,C,Z,CZ,Вывести: продаж нет 6+ месяцев,да,461.26,388.18,0.0,903,39,25,6,1.99,0.51,2207,58.31,97.67,нет,нет,да,нет,нет,C,2009-12-01,2011-05-01
85194S,HANGING SPRING FLOWER EGG SMALL,C,Y,CY,Оставить,нет,461.03,399.64,12.35,1107,67,46,10,0.832,0.42,2208,58.34,97.67,нет,нет,нет,нет,да,C,2010-01-01,2011-11-01
22513,DOORSTOP FOOTBALL DESIGN,C,Y,CY,Оставить,нет,460.73,1354.8,79.17,94,53,25,11,0.575,4.9,2209,58.36,97.68,нет,нет,нет,нет,нет,B,2010-03-01,2011-11-01
35598B,BLACK CHRISTMAS TREE 60CM,C,Z,CZ,Оставить: сезонный спрос,нет,460.64,414.01,0.0,558,25,20,6,1.926,0.83,2210,58.39,97.68,нет,да,нет,нет,да,C,2009-12-01,2011-11-01
85107,CUT GLASS T-LIGHT HOLDER OCTAGON,C,Z,CZ,Оставить,нет,460.27,1733.4,81.12,201,26,20,9,1.545,2.29,2211,58.41,97.69,нет,нет,нет,нет,нет,B,2009-12-01,2011-11-01
22511,RETROSPOT BABUSHKA DOORSTOP,C,Z,CZ,Оставить,нет,458.16,551.46,37.04,221,40,33,8,1.945,2.07,2212,58.44,97.69,нет,нет,нет,нет,нет,C,2010-03-01,2011-11-01
21366,MIRRORED WALL ART PHOTO FRAMES,C,Y,CY,Оставить,нет,457.42,669.83,12.75,86,45,8,11,0.848,5.32,2213,58.47,97.7,нет,нет,нет,нет,нет,C,2009-12-01,2011-11-01
21867,PINK UNION JACK  LUGGAGE TAG,C,Y,CY,Оставить,нет,456.78,1082.62,23.47,336,114,54,12,0.515,1.36,2214,58.49,97.7,нет,нет,нет,нет,нет,B,2009-12-01,2011-11-01
17012C,ORIGAMI LAVENDER INCENSE/CANDL SET,C,Z,CZ,Оставить,нет,456.75,468.6,25.05,400,76,32,12,1.212,1.14,2215,58.52,97.71,нет,нет,нет,нет,да,C,2010-02-01,2011-11-01
17096,ASSORTED LAQUERED INCENSE HOLDERS,C,Z,CZ,Оставить,нет,455.98,661.11,0.0,2545,24,12,8,2.201,0.18,2216,58.55,97.71,нет,нет,нет,да,нет,C,2009-12-01,2011-07-01
23336,EGG FRYING PAN PINK,C,Z,CZ,Наблюдать: новый товар,нет,454.92,0.0,64.33,199,77,44,6,1.326,2.29,2217,58.57,97.72,да,нет,нет,нет,нет,не продавался,2011-06-01,2011-11-01
23117,POPPY FIELDS CHOPPING BOARD,C,Z,CZ,Наблюдать: новый товар,нет,454.01,0.0,47.22,87,41,36,3,2.177,5.22,2218,58.6,97.72,да,нет,нет,нет,нет,не продавался,2011-09-01,2011-11-01
22319,HAIRCLIPS FORTIES FABRIC ASSORTED,C,X,CX,Оставить,нет,453.7,1086.78,118.56,698,50,43,12,0.493,0.65,2219,58.63,97.73,нет,нет,нет,нет,нет,B,2009-12-01,2011-11-01
84916,HAND TOWEL PALE BLUE W FLOWERS,C,Z,CZ,Вывести: продаж нет 6+ месяцев,да,453.39,193.04,0.0,223,29,17,6,2.309,2.03,2220,58.65,97.73,нет,нет,да,нет,нет,C,2009-12-01,2011-05-01
82613C,"METAL SIGN,CUPCAKE SINGLE HOOK",C,Z,CZ,Оставить,нет,453.32,396.71,2.46,541,99,33,12,1.567,0.84,2221,58.68,97.74,нет,нет,нет,нет,да,C,2009-12-01,2011-11-01
21641,ASSORTED TUTTI FRUTTI KEYRING BALL,C,Z,CZ,Оставить,нет,451.59,494.72,0.0,1153,49,19,10,1.838,0.39,2222,58.71,97.74,нет,нет,нет,нет,нет,C,2009-12-01,2011-09-01
48189,DOOR MAT FRIENDSHIP,C,Z,CZ,Вывести: продаж нет 6+ месяцев,да,451.11,7951.67,0.0,27,17,0,5,1.219,16.71,2223,58.73,97.75,нет,нет,да,нет,нет,A,2009-12-01,2011-04-01
23466,TUSCAN VILLA DOVECOTE BIRD FEEDER,C,Z,CZ,Наблюдать: новый товар,нет,448.27,0.0,49.76,51,24,19,3,2.161,8.79,2224,58.76,97.75,да,нет,нет,нет,нет,не продавался,2011-09-01,2011-11-01
20838,FRENCH LATTICE CUSHION COVER,C,Y,CY,Оставить,нет,447.96,104.35,3.29,372,55,29,8,0.862,1.2,2225,58.78,97.76,нет,нет,нет,нет,нет,C,2010-02-01,2011-11-01
22496,SET OF 2 ROUND TINS DUTCH CHEESE,C,Y,CY,Оставить,нет,447.42,1460.98,87.69,142,70,54,12,0.63,3.15,2226,58.81,97.76,нет,нет,нет,нет,нет,B,2010-01-01,2011-11-01
85049F,BABY BOOM RIBBONS,C,Y,CY,Оставить,нет,447.34,2126.66,0.0,354,87,69,10,0.931,1.26,2227,58.84,97.77,нет,нет,нет,нет,да,B,2009-12-01,2011-09-01
20770,ABSTRACT CIRCLE JOURNAL,C,Y,CY,Оставить,нет,447.25,1728.04,0.0,184,72,24,12,0.929,2.43,2228,58.86,97.77,нет,нет,нет,нет,нет,B,2009-12-01,2011-11-01
21062,PARTY INVITES SPACEMAN,C,X,CX,Оставить,нет,447.18,418.49,10.2,526,73,54,12,0.449,0.85,2229,58.89,97.78,нет,нет,нет,нет,нет,C,2009-12-01,2011-11-01
21851,LILAC DIAMANTE PEN IN GIFT BOX,C,Z,CZ,Оставить,нет,446.7,1018.57,8.29,140,62,12,12,1.288,3.19,2230,58.92,97.78,нет,нет,нет,нет,нет,B,2009-12-01,2011-11-01
85169C,EAU DE NIL LOVE BIRD CANDLE,C,Z,CZ,Оставить,нет,446.65,113.96,6.21,425,43,13,10,1.719,1.05,2231,58.94,97.79,нет,нет,нет,да,да,C,2009-12-01,2011-11-01
23379,PACK OF 12 RED APPLE TISSUES,C,Z,CZ,Наблюдать: новый товар,нет,446.62,0.0,18.74,1190,66,48,3,2.139,0.38,2232,58.97,97.79,да,нет,нет,нет,нет,не продавался,2011-09-01,2011-11-01
84674,FLYING PIG WATERING CAN,C,Y,CY,Оставить,нет,446.41,708.98,8.74,187,44,29,11,0.918,2.39,2233,59.0,97.8,нет,нет,нет,нет,нет,B,2009-12-01,2011-11-01
22516,CHILDS GARDEN RAKE BLUE,C,Z,CZ,Оставить,нет,445.33,1205.71,49.56,194,57,35,10,1.012,2.3,2234,59.02,97.8,нет,нет,нет,нет,нет,B,2010-03-01,2011-11-01
21656,RIDGED GLASS POSY VASE,C,Z,CZ,Вывести: продаж нет 6+ месяцев,да,444.58,1169.96,0.0,219,47,15,6,1.495,2.03,2235,59.05,97.8,нет,нет,да,нет,нет,B,2009-12-01,2011-05-01
84616,SILVER ROCCOCO CHANDELIER,C,Z,CZ,Кандидат на вывод: редкий хаотичный спрос,да,444.42,908.4,0.0,12,8,5,5,1.732,37.04,2236,59.08,97.81,нет,нет,нет,нет,нет,B,2009-12-01,2011-11-01
23509,MINI PLAYING CARDS FUN FAIR,C,Z,CZ,Наблюдать: новый товар,нет,444.35,0.0,7.11,1048,59,48,3,2.566,0.42,2237,59.1,97.81,да,нет,нет,нет,нет,не продавался,2011-09-01,2011-11-01
21063,PARTY INVITES JAZZ HEARTS,C,X,CX,Оставить,нет,443.93,797.96,14.38,512,98,63,12,0.34,0.87,2238,59.13,97.82,нет,нет,нет,нет,нет,B,2009-12-01,2011-11-01
20903,VINTAGE KEEPSAKE BOX TRAVELOGUE,C,Z,CZ,Оставить,нет,441.89,477.91,0.0,82,56,10,10,1.163,5.39,2239,59.15,97.82,нет,нет,нет,нет,нет,C,2009-12-01,2011-10-01
35637A,IVORY STRING CURTAIN WITH POLE,C,Z,CZ,Оставить: сезонный спрос,нет,440.62,998.48,0.0,170,28,23,9,1.758,2.59,2240,59.18,97.83,нет,да,нет,нет,да,B,2009-12-01,2011-11-01
22638,SET OF 4 NAPKIN CHARMS CROWNS,C,Z,CZ,Оставить,нет,439.22,253.35,42.66,246,46,32,10,1.274,1.79,2241,59.21,97.83,нет,нет,нет,нет,нет,C,2010-07-01,2011-11-01
21580,RABBIT  DESIGN  COTTON TOTE BAG,C,Y,CY,Оставить,нет,439.11,885.56,4.96,180,61,21,11,0.743,2.44,2242,59.23,97.84,нет,нет,нет,нет,нет,B,2009-12-01,2011-11-01
84596E,SMALL LICORICE DES PINK BOWL,C,Z,CZ,Вывести: продаж нет 6+ месяцев,да,436.78,768.83,0.0,574,85,33,5,1.423,0.76,2243,59.26,97.84,нет,нет,да,нет,да,B,2009-12-01,2011-04-01
84920,PINK FLOWER FABRIC PONY,C,Z,CZ,Оставить,нет,434.98,359.15,11.25,112,47,22,11,1.021,3.88,2244,59.29,97.85,нет,нет,нет,нет,нет,C,2009-12-01,2011-11-01
35653,VINTAGE BEAD NOTEBOOK,C,Z,CZ,Оставить,нет,433.19,549.34,0.0,150,52,11,8,1.545,2.89,2245,59.31,97.85,нет,нет,нет,нет,нет,C,2009-12-01,2011-08-01
35599D,PINK AND WHITE CHRISTMAS TREE 120CM,C,Z,CZ,Оставить: сезонный спрос,нет,432.12,813.41,120.95,160,32,15,8,1.619,2.7,2246,59.34,97.86,нет,да,нет,нет,да,B,2009-12-01,2011-11-01
85111,SILVER GLITTER FLOWER VOTIVE HOLDER,C,Z,CZ,Оставить,нет,432.09,474.8,5.5,1405,55,39,10,1.38,0.31,2247,59.37,97.86,нет,нет,нет,нет,нет,C,2009-12-01,2011-11-01
22229,BUNNY WOODEN PAINTED WITH FLOWER,C,Y,CY,Оставить: сезонный спрос,нет,431.29,392.44,1.17,565,99,53,11,0.898,0.76,2248,59.39,97.87,нет,да,нет,нет,нет,C,2009-12-01,2011-11-01
85130C,BEADED CRYSTAL HEART BLUE  LARGE,C,Z,CZ,Оставить,нет,430.9,300.67,6.32,474,43,35,9,1.479,0.91,2249,59.42,97.87,нет,нет,нет,нет,да,C,2010-01-01,2011-11-01
23548,WRAP MAGIC FOREST,C,Z,CZ,Наблюдать: новый товар,нет,430.5,0.0,21.0,1025,41,40,5,1.328,0.42,2250,59.45,97.88,да,нет,нет,нет,нет,не продавался,2011-07-01,2011-11-01
20669,RED HEART LUGGAGE TAG,C,Y,CY,Оставить,нет,430.12,664.55,17.22,297,92,36,10,0.659,1.45,2251,59.47,97.88,нет,нет,нет,нет,нет,C,2009-12-01,2011-11-01
21061,PARTY INVITES FOOTBALL,C,Y,CY,Оставить,нет,429.6,584.66,11.9,462,80,47,12,0.502,0.93,2252,59.5,97.88,нет,нет,нет,нет,нет,C,2009-12-01,2011-11-01
46776C,WOVEN FROST CUSHION COVER,C,Y,CY,Оставить,нет,429.2,412.31,63.59,102,52,5,11,0.917,4.21,2253,59.52,97.89,нет,нет,нет,нет,да,C,2009-12-01,2011-11-01
72819,CUPID DESIGN SCENTED CANDLES,C,Z,CZ,Оставить,нет,429.07,664.94,80.0,161,35,22,11,1.041,2.67,2254,59.55,97.89,нет,нет,нет,нет,нет,C,2009-12-01,2011-11-01
21002,ROSE DU SUD DRAWSTRING BAG,C,Z,CZ,Оставить,нет,428.66,1078.56,0.0,125,66,5,8,1.369,3.43,2255,59.58,97.9,нет,нет,нет,нет,нет,B,2009-12-01,2011-10-01
20831,GOLD PHOTO FRAME,C,Z,CZ,Оставить,нет,428.61,448.83,37.92,168,35,15,11,1.109,2.55,2256,59.6,97.9,нет,нет,нет,нет,нет,C,2009-12-01,2011-11-01
22216,T-LIGHT HOLDER WHITE LACE,C,Z,CZ,Оставить,нет,428.35,702.9,84.58,398,60,10,12,1.054,1.08,2257,59.63,97.91,нет,нет,нет,нет,нет,B,2009-12-01,2011-11-01
23023,RIDGED BONNE JAM JAR T-LIGHT HOLDER,C,Z,CZ,Наблюдать: новый товар,нет,427.92,0.0,9.9,268,24,22,6,1.237,1.6,2258,59.66,97.91,да,нет,нет,нет,нет,не продавался,2011-06-01,2011-11-01
77101A,UNION FLAG WINDSOCK,C,Z,CZ,Вывести: продаж нет 6+ месяцев,да,426.94,829.03,0.0,387,22,16,4,2.873,1.1,2259,59.68,97.92,нет,нет,да,да,нет,B,2009-12-01,2011-03-01
22517,CHILDS GARDEN RAKE PINK,C,Y,CY,Оставить,нет,426.91,1141.78,20.72,193,65,47,12,0.84,2.21,2260,59.71,97.92,нет,нет,нет,нет,нет,B,2010-03-01,2011-11-01
20619,TROPICAL PASSPORT COVER,C,Y,CY,Оставить: сезонный спрос,нет,423.13,574.77,16.52,258,96,16,12,0.684,1.64,2261,59.74,97.93,нет,да,нет,нет,нет,C,2009-12-01,2011-11-01
21088,SET/6 FRUIT SALAD PAPER CUPS,C,Z,CZ,Оставить,нет,422.89,818.21,5.39,1653,101,67,11,1.13,0.26,2262,59.76,97.93,нет,нет,нет,нет,нет,B,2009-12-01,2011-11-01
84360,TABLE LAMP WHITE SHADE WOOD BASE,C,Z,CZ,Оставить: сезонный спрос,нет,422.22,522.77,11.9,76,19,9,9,1.735,5.56,2263,59.79,97.93,нет,да,нет,нет,нет,C,2009-12-01,2011-11-01
21318,GLASS CHALICE BLUE SMALL,C,Z,CZ,Вывести: продаж нет 6+ месяцев,да,421.78,478.64,0.0,694,49,38,6,2.608,0.61,2264,59.82,97.94,нет,нет,да,нет,нет,C,2009-12-01,2011-05-01
90154,LAZER CUT NECKLACE W PASTEL BEADS,C,Z,CZ,Кандидат на вывод: редкий хаотичный спрос,да,421.75,17.9,0.0,57,5,5,5,3.002,7.4,2265,59.84,97.94,нет,нет,нет,да,нет,C,2010-06-01,2011-11-01
72799F,IVORY PILLAR CANDLE GOLD FLOCK,C,Y,CY,Оставить,нет,421.13,1661.61,0.0,144,30,19,11,0.758,2.92,2266,59.87,97.95,нет,нет,нет,нет,да,B,2009-12-01,2011-11-01
17107D,"FLOWER FAIRY,5 SUMMER B'DRAW LINERS",C,Y,CY,Оставить,нет,420.75,369.75,12.75,165,45,41,11,0.659,2.55,2267,59.89,97.95,нет,нет,нет,нет,нет,C,2009-12-01,2011-11-01
85071C,"CHARLIE+LOLA""EXTREMELY BUSY"" SIGN",C,Z,CZ,Оставить,нет,420.31,409.23,7.69,675,98,57,11,1.034,0.62,2268,59.92,97.96,нет,нет,нет,нет,да,C,2009-12-01,2011-11-01
21129,SILVER FISHING GNOME,C,Y,CY,Оставить,нет,419.52,516.02,0.0,52,27,13,10,0.934,8.07,2269,59.95,97.96,нет,нет,нет,нет,нет,C,2009-12-01,2011-11-01
23044,PAPER LANTERN 9 POINT HOLLY STAR S,C,Z,CZ,Оставить,нет,419.14,0.0,4.15,100,24,23,7,1.088,4.19,2270,59.97,97.97,нет,нет,нет,нет,нет,не продавался,2011-05-01,2011-11-01
84931B,BLUE SCOTTIE DOG W FLOWER PATTERN,C,Z,CZ,Оставить,нет,419.12,264.65,4.96,176,48,21,12,1.224,2.38,2271,60.0,97.97,нет,нет,нет,нет,да,C,2009-12-01,2011-11-01
21220,SET/4 BADGES DOGS,C,Y,CY,Оставить,нет,419.12,443.67,25.89,326,82,31,12,0.737,1.29,2272,60.03,97.97,нет,нет,нет,нет,нет,C,2009-12-01,2011-11-01
21374,MIRRORED WALL ART SKULLS,C,Z,CZ,Оставить,нет,418.79,345.88,45.0,268,45,36,10,1.029,1.56,2273,60.05,97.98,нет,нет,нет,нет,нет,C,2009-12-01,2011-11-01
84976,RECTANGULAR SHAPED MIRROR,C,Z,CZ,Оставить,нет,418.24,276.61,18.43,483,32,25,10,1.9,0.87,2274,60.08,97.98,нет,нет,нет,нет,нет,C,2009-12-01,2011-11-01
22344,PARTY PIZZA DISH PINK POLKADOT,C,Z,CZ,Оставить,нет,417.06,347.51,42.75,1000,70,30,11,1.608,0.42,2275,60.11,97.99,нет,нет,нет,нет,нет,C,2009-12-01,2011-11-01
85208,SET/12 FUNKY FELT FLOWER PEG IN BAG,C,Z,CZ,Оставить,нет,416.91,420.03,0.0,223,48,22,11,1.374,1.87,2276,60.13,97.99,нет,нет,нет,нет,нет,C,2009-12-01,2011-11-01
21415,CLAM SHELL SMALL,C,Y,CY,Оставить,нет,416.79,280.14,29.23,182,43,22,12,0.737,2.29,2277,60.16,98.0,нет,нет,нет,нет,нет,C,2009-12-01,2011-11-01
20762,GREEN FERN SKETCHBOOK,C,Y,CY,Оставить,нет,416.33,908.71,3.75,105,55,42,11,0.507,3.97,2278,60.18,98.0,нет,нет,нет,нет,нет,B,2009-12-01,2011-11-01
20768,GREEN FERN JOURNAL,C,Y,CY,Оставить,нет,415.76,1095.62,22.81,168,52,29,12,0.927,2.47,2279,60.21,98.01,нет,нет,нет,нет,нет,B,2009-12-01,2011-11-01
21758,VINTAGE SHELLS PRINT,C,Y,CY,Оставить,нет,415.0,642.3,12.46,49,31,13,11,0.771,8.47,2280,60.24,98.01,нет,нет,нет,нет,нет,C,2009-12-01,2011-11-01
21003,ROSE DU SUD CUSHION COVER,C,Y,CY,Оставить,нет,414.26,187.17,46.32,70,42,6,8,0.967,5.92,2281,60.26,98.01,нет,нет,нет,нет,нет,C,2010-03-01,2011-11-01
22390,PAPERWEIGHT CHILDHOOD MEMORIES,C,Y,CY,Оставить,нет,411.7,1008.18,28.64,216,30,21,12,0.95,1.91,2282,60.29,98.02,нет,нет,нет,нет,нет,B,2010-03-01,2011-11-01
21817,GLITTER CHRISTMAS TREE,C,Z,CZ,Оставить: сезонный спрос,нет,410.91,666.28,0.0,906,58,48,5,1.867,0.45,2283,60.32,98.02,нет,да,нет,нет,нет,C,2009-12-01,2011-11-01
35599B,BLACK CHRISTMAS TREE 120CM,C,Z,CZ,Оставить: сезонный спрос,нет,410.73,423.68,140.4,145,26,18,5,1.837,2.83,2284,60.34,98.03,нет,да,нет,нет,да,C,2009-12-01,2011-11-01
20830,SILVER PHOTO FRAME,C,Y,CY,Оставить,нет,409.83,542.18,0.0,136,37,19,10,0.794,3.01,2285,60.37,98.03,нет,нет,нет,нет,нет,C,2009-12-01,2011-10-01
22051,BLUE SCANDINAVIAN PAISLEY WRAP,C,X,CX,Оставить,нет,409.5,908.0,0.0,975,39,36,12,0.4,0.42,2286,60.4,98.04,нет,нет,нет,нет,нет,B,2009-12-01,2011-11-01
20765,CHRYSANTHEMUM SKETCHBOOK,C,X,CX,Оставить,нет,408.59,834.01,7.46,101,58,45,12,0.361,4.05,2287,60.42,98.04,нет,нет,нет,нет,нет,B,2009-12-01,2011-11-01
21365,MIRRORED WALL ART STARS,C,Y,CY,Оставить,нет,408.09,260.83,39.0,311,48,32,10,0.962,1.31,2288,60.45,98.05,нет,нет,нет,нет,нет,C,2009-12-01,2011-11-01
22640,SET OF 4 NAPKIN CHARMS 3 KEYS,C,Y,CY,Оставить,нет,407.91,318.55,38.93,193,53,31,12,0.945,2.11,2289,60.48,98.05,нет,нет,нет,нет,нет,C,2010-06-01,2011-11-01
84820,DANISH ROSE TRINKET TRAYS,C,Z,CZ,Оставить,нет,407.85,404.42,51.4,203,25,25,10,1.864,2.01,2290,60.5,98.05,нет,нет,нет,нет,нет,C,2010-01-01,2011-11-01
84559A,3D SHEET OF DOG STICKERS,C,Y,CY,Оставить,нет,407.69,861.88,16.3,416,109,34,12,0.578,0.98,2291,60.53,98.06,нет,нет,нет,нет,да,B,2009-12-01,2011-11-01
35004G,SET OF 3 GOLD FLYING DUCKS,C,Z,CZ,Оставить,нет,405.9,962.91,48.75,102,18,13,10,1.609,3.98,2292,60.55,98.06,нет,нет,нет,нет,да,B,2009-12-01,2011-11-01
90114,SUMMER DAISIES BAG CHARM,C,Z,CZ,Оставить: сезонный спрос,нет,405.48,96.22,12.48,162,85,10,12,1.06,2.5,2293,60.58,98.07,нет,да,нет,нет,нет,C,2010-02-01,2011-11-01
21828,EIGHT PIECE SNAKE  SET,C,Y,CY,Оставить,нет,404.66,960.83,31.13,308,76,50,12,0.886,1.31,2294,60.61,98.07,нет,нет,нет,нет,нет,B,2009-12-01,2011-11-01
21884,CAKES AND BOWS GIFT  TAPE,C,Z,CZ,Оставить,нет,404.33,249.85,9.43,1153,91,42,12,1.299,0.35,2295,60.63,98.08,нет,нет,нет,нет,нет,C,2009-12-01,2011-11-01
21147,JINGLE BELLS TREE DECORATION,C,Z,CZ,Оставить: сезонный спрос,нет,403.53,454.71,12.24,196,73,11,9,1.55,2.06,2296,60.66,98.08,нет,да,нет,нет,нет,C,2009-12-01,2011-11-01
84806B,WHITE CANDYSTUFT ARTIFICIAL FLOWER,C,Y,CY,Оставить,нет,402.2,156.46,9.36,284,19,17,11,0.944,1.42,2297,60.69,98.08,нет,нет,нет,нет,да,C,2010-03-01,2011-11-01
22545,MINI JIGSAW BUNNIES,C,Y,CY,Оставить,нет,399.49,965.23,35.76,973,66,36,12,0.949,0.41,2298,60.71,98.09,нет,нет,нет,нет,нет,B,2010-03-01,2011-11-01
37476,CONDIMENT TRAY 4 BOWLS AND 4 SPOONS,C,Z,CZ,Оставить,нет,399.02,1611.58,0.0,37,26,9,9,1.096,10.78,2299,60.74,98.09,нет,нет,нет,нет,нет,B,2009-12-01,2011-10-01
85203,HANGING WOOD AND FELT BUTTERFLY,C,Z,CZ,Оставить,нет,398.91,256.92,10.08,871,126,44,12,1.085,0.46,2300,60.77,98.1,нет,нет,нет,нет,нет,C,2009-12-01,2011-11-01
16219,HOUSE SHAPE PENCIL SHARPENER,C,Z,CZ,Оставить,нет,398.13,91.83,6.71,2978,94,39,11,1.006,0.13,2301,60.79,98.1,нет,нет,нет,нет,нет,C,2009-12-01,2011-11-01
20934,SET/3 POT PLANT CANDLES,C,Y,CY,Оставить,нет,397.21,711.56,0.0,63,31,19,11,0.687,6.3,2302,60.82,98.11,нет,нет,нет,нет,нет,B,2009-12-01,2011-11-01
22647,CERAMIC LOVE HEART MONEY BANK,C,Z,CZ,Оставить,нет,396.35,440.4,52.43,593,37,27,10,1.877,0.67,2303,60.85,98.11,нет,нет,нет,нет,нет,C,2010-06-01,2011-11-01
22643,SET OF 4 NAPKIN CHARMS LEAVES,C,Z,CZ,Оставить,нет,395.57,564.41,46.26,190,40,23,11,1.024,2.08,2304,60.87,98.11,нет,нет,нет,нет,нет,C,2010-07-01,2011-11-01
22389,PAPERWEIGHT SAVE THE PLANET,C,Y,CY,Оставить,нет,394.55,603.97,37.0,190,34,29,10,0.822,2.08,2305,60.9,98.12,нет,нет,нет,нет,нет,C,2010-03-01,2011-11-01
22214,CANDLE PLATE LACE WHITE,C,Z,CZ,Оставить,нет,391.89,863.19,24.71,167,53,17,12,1.39,2.35,2306,60.92,98.12,нет,нет,нет,нет,нет,B,2009-12-01,2011-11-01
84600,NEW BAROQUE JEWELLERY BOX,C,Z,CZ,Оставить,нет,391.24,463.43,47.7,46,21,13,10,1.116,8.51,2307,60.95,98.13,нет,нет,нет,нет,нет,C,2009-12-01,2011-11-01
20867,PINK ROSE FABRIC MIRROR,C,Z,CZ,Оставить: сезонный спрос,нет,388.51,699.67,4.96,328,59,21,10,1.312,1.18,2308,60.98,98.13,нет,да,нет,нет,нет,B,2009-12-01,2011-11-01
84974,S/2 ZINC HEART DESIGN PLANTERS,C,Y,CY,Оставить,нет,388.05,481.55,0.0,39,28,26,11,0.734,9.95,2309,61.0,98.14,нет,нет,нет,нет,нет,C,2010-01-01,2011-11-01
22256,FELT FARM ANIMAL CHICKEN,C,Z,CZ,Оставить: сезонный спрос,нет,387.9,797.17,0.0,286,50,32,6,1.732,1.36,2310,61.03,98.14,нет,да,нет,нет,нет,B,2009-12-01,2011-09-01
84821,DANISH ROSE DELUXE COASTER,C,Z,CZ,Оставить,нет,387.07,335.35,9.88,871,36,32,12,1.268,0.44,2311,61.06,98.14,нет,нет,нет,нет,нет,C,2009-12-01,2011-11-01
20705,MRS ROBOT SOFT TOY,C,Z,CZ,Оставить: сезонный спрос,нет,383.5,567.34,45.35,130,25,24,12,1.713,2.95,2312,61.08,98.15,нет,да,нет,нет,нет,C,2009-12-01,2011-11-01
47421,ASSORTED COLOUR LIZARD SUCTION HOOK,C,Y,CY,Оставить,нет,382.08,179.7,10.92,968,53,16,12,0.729,0.39,2313,61.11,98.15,нет,нет,нет,нет,нет,C,2010-02-01,2011-11-01
84919,BLUE CUSHION COVER WITH FLOWER,C,Z,CZ,Оставить: сезонный спрос,нет,381.78,251.31,0.0,58,29,9,8,1.002,6.58,2314,61.14,98.16,нет,да,нет,нет,нет,C,2009-12-01,2011-09-01
85136C,RED SHARK HELICOPTER,C,Z,CZ,Оставить: сезонный спрос,нет,381.43,1022.56,39.75,47,34,18,7,1.767,8.12,2315,61.16,98.16,нет,да,нет,нет,да,B,2009-12-01,2011-11-01
22510,GINGHAM BABUSHKA DOORSTOP,C,Z,CZ,Оставить,нет,380.62,418.83,22.12,182,31,25,9,1.864,2.09,2316,61.19,98.16,нет,нет,нет,нет,нет,C,2010-03-01,2011-11-01
21562,HAWAIIAN GRASS SKIRT,C,Z,CZ,Оставить: сезонный спрос,нет,380.36,589.92,0.0,324,28,20,11,1.217,1.17,2317,61.22,98.17,нет,да,нет,нет,нет,C,2010-01-01,2011-11-01
90161C,ANT COPPER LIME BOUDICCA BRACELET,C,Y,CY,Оставить,нет,378.03,431.17,34.71,76,46,12,10,0.97,4.97,2318,61.24,98.17,нет,нет,нет,нет,да,C,2009-12-01,2011-11-01
47367B,PAIR PADDED HANGERS PINK CHECK,C,Z,CZ,Оставить,нет,376.27,458.68,0.0,112,43,11,10,1.048,3.36,2319,61.27,98.18,нет,нет,нет,нет,нет,C,2009-12-01,2011-10-01
22598,CHRISTMAS MUSICAL ZINC TREE,C,Z,CZ,Оставить: сезонный спрос,нет,375.28,685.65,65.82,892,78,38,6,1.833,0.42,2320,61.29,98.18,нет,да,нет,нет,нет,B,2010-07-01,2011-11-01
21635,MADRAS NOTEBOOK LARGE,C,Z,CZ,Оставить,нет,374.96,435.28,0.0,271,16,15,5,2.911,1.38,2321,61.32,98.18,нет,нет,нет,нет,нет,C,2009-12-01,2011-07-01
85168B,BLACK BAROQUE CARRIAGE CLOCK,C,Z,CZ,Оставить,нет,374.76,219.38,58.03,44,31,5,6,1.641,8.52,2322,61.35,98.19,нет,нет,нет,нет,нет,C,2009-12-01,2011-11-01
21879,HEARTS GIFT TAPE,C,Z,CZ,Оставить: сезонный спрос,нет,374.74,279.37,10.73,1161,91,50,12,1.968,0.32,2323,61.37,98.19,нет,да,нет,нет,нет,C,2009-12-01,2011-11-01
85232A,SET/3 POLKA DOT STACKING TINS,C,Z,CZ,Оставить,нет,374.7,1471.17,0.0,75,28,21,6,1.784,5.0,2324,61.4,98.2,нет,нет,нет,нет,да,B,2009-12-01,2011-06-01
23058,CHRISTMAS HANGING SNOWFLAKE,C,Z,CZ,Наблюдать: новый товар,нет,374.46,0.0,56.4,426,41,35,3,2.43,0.88,2325,61.43,98.2,да,нет,нет,нет,нет,не продавался,2011-09-01,2011-11-01
22447,PIN CUSHION BABUSHKA BLUE,C,Z,CZ,Оставить,нет,374.46,365.43,36.35,118,42,13,11,1.77,3.17,2326,61.45,98.2,нет,нет,нет,нет,нет,C,2010-03-01,2011-11-01
84663A,GRASS HOPPER WOODEN WALL CLOCK,C,Z,CZ,Оставить,нет,374.12,372.27,0.0,272,34,21,10,2.136,1.38,2327,61.48,98.21,нет,нет,нет,нет,нет,C,2009-12-01,2011-11-01
22048,BIRTHDAY BANQUET GIFT WRAP,C,Y,CY,Оставить,нет,372.5,772.8,10.5,925,30,30,11,0.81,0.4,2328,61.51,98.21,нет,нет,нет,нет,нет,B,2009-12-01,2011-11-01
16045,POPART WOODEN PENCILS ASST,C,Z,CZ,Оставить,нет,372.0,49.44,8.0,8700,66,59,8,1.011,0.04,2329,61.53,98.22,нет,нет,нет,нет,нет,C,2010-01-01,2011-11-01
84826,ASSTD DESIGN 3D PAPER STICKERS,C,Z,CZ,Оставить,нет,371.9,377.7,17.48,1070,29,26,10,1.718,0.35,2330,61.56,98.22,нет,нет,нет,нет,нет,C,2009-12-01,2011-11-01
22405,MONEY BOX POCKET MONEY DESIGN,C,X,CX,Оставить,нет,371.75,1563.02,43.61,273,60,41,12,0.363,1.36,2331,61.59,98.22,нет,нет,нет,нет,нет,B,2010-03-01,2011-11-01
17012A,ORIGAMI VANILLA INCENSE/CANDLE SET,C,Y,CY,Оставить,нет,371.68,430.23,4.25,318,64,21,12,0.949,1.17,2332,61.61,98.23,нет,нет,нет,нет,да,C,2009-12-01,2011-11-01
23415,HOME SWEET HOME HOOK,C,Z,CZ,Наблюдать: новый товар,нет,371.23,0.0,40.95,223,37,34,3,1.865,1.66,2333,61.64,98.23,да,нет,нет,нет,нет,не продавался,2011-09-01,2011-11-01
21881,CUTE CATS TAPE,C,Z,CZ,Оставить,нет,370.42,171.84,12.69,1087,75,37,12,1.339,0.34,2334,61.66,98.24,нет,нет,нет,нет,нет,C,2009-12-01,2011-11-01
90160C,TURQ+RED BOUDICCA LARGE BRACELET,C,Y,CY,Оставить,нет,369.97,299.96,7.07,53,25,14,11,0.77,6.98,2335,61.69,98.24,нет,нет,нет,нет,да,C,2009-12-01,2011-11-01
84563A,PINK & WHITE BREAKFAST TRAY,C,Z,CZ,Вывести: продаж нет 6+ месяцев,да,369.84,315.31,0.0,96,35,11,6,1.465,3.85,2336,61.72,98.24,нет,нет,да,нет,да,C,2009-12-01,2011-05-01
90200E,GREEN SWEETHEART BRACELET,C,Z,CZ,Оставить,нет,368.56,433.56,54.85,90,38,15,11,1.009,4.1,2337,61.74,98.25,нет,нет,нет,нет,да,C,2009-12-01,2011-11-01
84658,WHITE STITCHED CUSHION COVER,C,Y,CY,Оставить,нет,367.85,787.43,44.38,51,19,12,8,0.966,7.21,2338,61.77,98.25,нет,нет,нет,нет,нет,B,2009-12-01,2011-11-01
22769,CHALKBOARD KITCHEN ORGANISER,C,Z,CZ,Вывести: продаж нет 6+ месяцев,да,366.73,2964.83,0.0,11,8,3,2,3.003,33.34,2339,61.8,98.26,нет,нет,да,нет,нет,A,2010-10-01,2011-01-01
23116,VEGETABLE GARDEN CHOPPING BOARD,C,Z,CZ,Наблюдать: новый товар,нет,366.7,0.0,15.74,74,20,16,3,2.428,4.96,2340,61.82,98.26,да,нет,нет,нет,нет,не продавался,2011-09-01,2011-11-01
23039,T-LIGHT HOLDER SILVER HEART HANDLE,C,Z,CZ,Наблюдать: новый товар,нет,364.61,0.0,23.4,181,25,19,6,1.546,2.01,2341,61.85,98.26,да,нет,нет,нет,нет,не продавался,2011-06-01,2011-11-01
21320,GLASS CHALICE GREEN  LARGE,C,Z,CZ,Вывести: продаж нет 6+ месяцев,да,364.22,549.12,0.0,197,19,10,4,2.12,1.85,2342,61.88,98.27,нет,нет,да,да,нет,C,2009-12-01,2011-04-01
22265,EASTER DECORATION NATURAL CHICK,C,Z,CZ,Оставить: сезонный спрос,нет,363.55,844.25,0.0,536,64,42,10,1.175,0.68,2343,61.9,98.27,нет,да,нет,нет,нет,B,2009-12-01,2011-11-01
21197,MULTICOLOUR  CONFETTI IN TUBE,C,Z,CZ,Оставить,нет,363.16,278.85,19.8,272,26,12,11,1.122,1.34,2344,61.93,98.28,нет,нет,нет,нет,нет,C,2010-03-01,2011-11-01
16011,ANIMAL STICKERS,C,Y,CY,Оставить,нет,362.04,426.99,5.25,1724,45,37,12,0.594,0.21,2345,61.96,98.28,нет,нет,нет,нет,нет,C,2009-12-01,2011-11-01
23337,EGG FRYING PAN MINT,C,Z,CZ,Наблюдать: новый товар,нет,361.77,0.0,26.98,169,64,47,6,1.307,2.14,2346,61.98,98.28,да,нет,нет,нет,нет,не продавался,2011-06-01,2011-11-01
21348,PINK SPOTS CHOCOLATE NESTING BOXES,C,Z,CZ,Вывести: продаж нет 6+ месяцев,да,361.56,1630.93,0.0,140,6,5,2,2.715,2.58,2347,62.01,98.29,нет,нет,да,да,нет,B,2009-12-01,2011-01-01
21945,STRAWBERRIES  DESIGN FLANNEL,C,Y,CY,Оставить,нет,361.54,933.76,11.8,350,98,26,11,0.808,1.03,2348,62.03,98.29,нет,нет,нет,нет,нет,B,2009-12-01,2011-11-01
21131,GOLD STANDING GNOME,C,Z,CZ,Оставить,нет,360.52,700.84,37.5,76,26,10,10,1.288,4.74,2349,62.06,98.29,нет,нет,нет,нет,нет,B,2009-12-01,2011-11-01
20854,BLUE PATCH PURSE PINK HEART,C,Z,CZ,Вывести: продаж нет 6+ месяцев,да,359.92,326.7,0.0,228,40,15,3,2.365,1.58,2350,62.09,98.3,нет,нет,да,нет,нет,C,2009-12-01,2011-02-01
35095A,BLUE VICTORIAN FABRIC OVAL BOX,C,Z,CZ,Оставить: сезонный спрос,нет,359.79,336.99,28.78,876,89,26,12,1.429,0.41,2351,62.11,98.3,нет,да,нет,нет,да,C,2009-12-01,2011-11-01
82095,HEART BUTTONS JEWELLERY BOX,C,Z,CZ,Оставить,нет,356.11,244.8,0.0,68,30,4,6,1.394,5.24,2352,62.14,98.31,нет,нет,нет,нет,нет,C,2009-12-01,2011-07-01
85169D,PINK LOVE BIRD CANDLE,C,Z,CZ,Оставить,нет,356.08,247.9,0.0,351,50,20,12,1.638,1.01,2353,62.17,98.31,нет,нет,нет,нет,да,C,2009-12-01,2011-11-01
35964,FOLKART CLIP ON STARS,C,Z,CZ,Оставить: сезонный спрос,нет,355.97,285.68,48.11,700,85,29,9,1.812,0.51,2354,62.19,98.31,нет,да,нет,нет,нет,C,2009-12-01,2011-11-01
84915,HAND TOWEL PINK FLOWER AND DAISY,C,Z,CZ,Оставить,нет,355.81,87.23,16.52,213,21,8,6,2.286,1.67,2355,62.22,98.32,нет,нет,нет,нет,нет,C,2010-03-01,2011-11-01
90209B,GREEN ENAMEL+GLASS HAIR COMB,C,Z,CZ,Оставить,нет,355.64,375.02,0.0,184,54,7,10,1.125,1.93,2356,62.25,98.32,нет,нет,нет,нет,да,C,2009-12-01,2011-10-01
23691,WRAP KEEP CALM BIRTHDAY,C,Z,CZ,Наблюдать: новый товар,нет,355.5,0.0,126.0,875,26,24,1,3.317,0.41,2357,62.27,98.32,да,нет,нет,нет,нет,не продавался,2011-11-01,2011-11-01
21000,ROSE DU SUD COSMETICS BAG,C,Y,CY,Оставить,нет,354.26,1384.14,6.58,94,50,16,11,0.661,3.77,2358,62.3,98.33,нет,нет,нет,нет,нет,B,2009-12-01,2011-11-01
22406,MONEY BOX KINGS CHOICE DESIGN,C,Y,CY,Оставить,нет,352.7,2730.89,50.76,253,69,39,12,0.705,1.39,2359,62.32,98.33,нет,нет,нет,нет,нет,A,2010-03-01,2011-11-01
22532,MAGIC DRAWING SLATE LEAP FROG,C,Z,CZ,Оставить,нет,352.47,734.35,14.28,1038,71,53,12,1.077,0.34,2360,62.35,98.34,нет,нет,нет,нет,нет,B,2010-03-01,2011-11-01
21724,PANDA AND BUNNIES STICKER SHEET,C,Y,CY,Оставить,нет,351.72,530.81,4.11,405,78,42,12,0.634,0.87,2361,62.38,98.34,нет,нет,нет,нет,нет,C,2009-12-01,2011-11-01
21579,LOLITA  DESIGN  COTTON TOTE BAG,C,Y,CY,Оставить,нет,351.22,1146.63,40.5,150,46,26,11,0.661,2.34,2362,62.4,98.34,нет,нет,нет,нет,нет,B,2009-12-01,2011-11-01
23339,EGG FRYING PAN BLUE,C,Z,CZ,Наблюдать: новый товар,нет,351.16,0.0,49.68,157,68,42,6,1.272,2.24,2363,62.43,98.35,да,нет,нет,нет,нет,не продавался,2011-06-01,2011-11-01
85169B,BLACK LOVE BIRD CANDLE,C,Z,CZ,Оставить,нет,351.14,146.85,4.92,327,61,17,11,1.554,1.07,2364,62.46,98.35,нет,нет,нет,нет,да,C,2009-12-01,2011-11-01
23150,IVORY SWEETHEART SOAP DISH,C,Y,CY,Оставить,нет,350.93,0.0,39.82,133,46,31,8,0.903,2.64,2365,62.48,98.36,нет,нет,нет,нет,нет,не продавался,2011-04-01,2011-11-01
84569A,PACK 3 IRON ON DOG PATCHES,C,X,CX,Оставить,нет,350.92,345.33,4.92,292,63,25,12,0.455,1.2,2366,62.51,98.36,нет,нет,нет,нет,да,C,2009-12-01,2011-11-01
35954,SMALL FOLKART STAR CHRISTMAS DEC,C,Z,CZ,Оставить,нет,350.48,500.01,0.0,1245,54,30,8,1.57,0.28,2367,62.54,98.36,нет,нет,нет,нет,нет,C,2009-12-01,2011-11-01
79030D,TUMBLER BAROQUE,C,Z,CZ,Оставить,нет,350.23,361.41,0.0,581,47,26,11,1.193,0.6,2368,62.56,98.37,нет,нет,нет,нет,да,C,2009-12-01,2011-11-01
21664,RIDGED GLASS STORAGE JAR CREAM LID,C,Z,CZ,Оставить,нет,350.22,665.85,0.0,98,18,15,8,2.092,3.57,2369,62.59,98.37,нет,нет,нет,нет,нет,C,2009-12-01,2011-10-01
37482P,CUBIC MUG PINK POLKADOT,C,Z,CZ,Вывести: продаж нет 6+ месяцев,да,349.35,591.66,0.0,494,47,30,4,2.082,0.71,2370,62.62,98.37,нет,нет,да,нет,нет,C,2009-12-01,2011-04-01
23420,PANTRY HOOK TEA STRAINER,C,Z,CZ,Наблюдать: новый товар,нет,349.29,0.0,2.08,163,31,25,3,1.867,2.14,2371,62.64,98.38,да,нет,нет,нет,нет,не продавался,2011-09-01,2011-11-01
21421,PORCELAIN ROSE LARGE,C,Z,CZ,Вывести: продаж нет 6+ месяцев,да,348.43,1796.05,0.0,299,14,11,6,1.946,1.17,2372,62.67,98.38,нет,нет,да,нет,нет,B,2009-12-01,2011-05-01
21051,RIBBONS PURSE,C,Z,CZ,Оставить,нет,347.87,1096.36,29.33,179,48,20,8,1.406,1.94,2373,62.69,98.38,нет,нет,нет,нет,нет,B,2009-12-01,2011-11-01
21723,ALPHABET HEARTS STICKER SHEET,C,Y,CY,Оставить,нет,347.6,419.05,2.48,395,57,28,12,0.929,0.88,2374,62.72,98.39,нет,нет,нет,нет,нет,C,2009-12-01,2011-11-01
21689,SILVER VANILLA  FLOWER CANDLE POT,C,Y,CY,Оставить,нет,347.37,898.25,22.5,89,24,20,10,0.834,3.9,2375,62.75,98.39,нет,нет,нет,нет,нет,B,2009-12-01,2011-11-01
23421,PANTRY HOOK SPATULA,C,Z,CZ,Наблюдать: новый товар,нет,347.12,0.0,2.08,159,32,23,3,1.767,2.18,2376,62.77,98.4,да,нет,нет,нет,нет,не продавался,2011-09-01,2011-11-01
84563B,BLUE & WHITE BREAKFAST TRAY,C,Z,CZ,Оставить,нет,346.3,243.74,0.0,94,38,18,7,1.338,3.68,2377,62.8,98.4,нет,нет,нет,нет,да,C,2009-12-01,2011-06-01
20700,GREEN CAT FLORAL CUSHION COVER,C,Z,CZ,Оставить,нет,345.17,779.88,0.0,73,54,4,10,1.014,4.73,2378,62.83,98.4,нет,нет,нет,нет,нет,B,2009-12-01,2011-09-01
84924A,WAKE UP COCKEREL CALENDAR SIGN,C,Y,CY,Оставить,нет,344.84,222.41,3.75,80,32,20,10,0.753,4.31,2379,62.85,98.41,нет,нет,нет,нет,да,C,2009-12-01,2011-11-01
47591B,SCOTTIES CHILDRENS APRON,C,Z,CZ,Вывести: продаж нет 6+ месяцев,да,344.79,1380.73,4.13,209,56,9,3,2.199,1.65,2380,62.88,98.41,нет,нет,да,нет,да,B,2009-12-01,2011-02-01
84849A,HELLO SAILOR BLUE SOAP HOLDER,C,Y,CY,Оставить,нет,344.34,489.23,0.0,180,53,25,12,0.648,1.91,2381,62.91,98.41,нет,нет,нет,нет,да,C,2009-12-01,2011-11-01
21001,ROSE DU SUD WASHBAG,C,Y,CY,Оставить,нет,344.06,369.61,4.13,72,49,12,12,0.616,4.78,2382,62.93,98.42,нет,нет,нет,нет,нет,C,2009-12-01,2011-11-01
35957,SMALLFOLKART BAUBLE CHRISTMAS DEC,C,Z,CZ,Вывести: продаж нет 6+ месяцев,да,343.57,893.09,0.0,592,40,6,2,2.296,0.58,2383,62.96,98.42,нет,нет,да,нет,нет,B,2009-12-01,2011-01-01
20652,BLUE POLKADOT LUGGAGE TAG,C,Y,CY,Оставить,нет,343.15,680.43,3.71,263,76,26,12,0.977,1.3,2384,62.99,98.43,нет,нет,нет,нет,нет,B,2009-12-01,2011-11-01
90200B,BLACK SWEETHEART BRACELET,C,Y,CY,Оставить,нет,342.03,369.87,46.55,81,42,17,12,0.593,4.22,2385,63.01,98.43,нет,нет,нет,нет,да,C,2009-12-01,2011-11-01
84247E,PACK/12 XMAS FUN CARD,C,Z,CZ,Оставить: сезонный спрос,нет,341.31,551.66,7.38,125,46,22,6,1.352,2.73,2386,63.04,98.43,нет,да,нет,нет,да,C,2010-06-01,2011-11-01
20856,DENIM PATCH PURSE PINK BUTTERFLY,C,Y,CY,Оставить,нет,340.79,315.15,0.0,206,60,25,9,0.85,1.65,2387,63.06,98.44,нет,нет,нет,нет,нет,C,2009-12-01,2011-08-01
21555,CERAMIC STRAWBERRY TRINKET TRAY,C,Y,CY,Оставить,нет,340.63,780.9,9.84,133,66,11,12,0.804,2.56,2388,63.09,98.44,нет,нет,нет,нет,нет,B,2009-12-01,2011-11-01
35095B,RED VICTORIAN FABRIC OVAL BOX,C,Z,CZ,Оставить: сезонный спрос,нет,340.19,414.39,12.06,845,90,34,12,1.445,0.4,2389,63.12,98.44,нет,да,нет,нет,да,C,2009-12-01,2011-11-01
21060,PARTY INVITES BALLOON GIRL,C,X,CX,Оставить,нет,339.24,593.26,20.05,386,68,45,12,0.375,0.88,2390,63.14,98.45,нет,нет,нет,нет,нет,C,2009-12-01,2011-11-01
90161B,ANT COPPER TURQ BOUDICCA BRACELET,C,Y,CY,Оставить,нет,338.19,356.28,39.69,68,33,9,9,0.918,4.97,2391,63.17,98.45,нет,нет,нет,нет,да,C,2009-12-01,2011-11-01
23661,MILK MAIDS MUG,C,Z,CZ,Наблюдать: новый товар,нет,337.46,0.0,36.33,194,27,20,2,2.257,1.74,2392,63.2,98.45,да,нет,нет,нет,нет,не продавался,2011-10-01,2011-11-01
22346,PARTY PIZZA DISH GREEN POLKADOT,C,Z,CZ,Оставить,нет,337.2,231.52,43.89,803,53,19,9,1.653,0.42,2393,63.22,98.46,нет,нет,нет,нет,нет,C,2009-12-01,2011-11-01
21221,SET/4 BADGES CUTE CREATURES,C,Y,CY,Оставить,нет,336.51,369.44,3.71,259,52,23,12,0.627,1.3,2394,63.25,98.46,нет,нет,нет,нет,нет,C,2009-12-01,2011-11-01
90149,SILVER FLOWR PINK SHELL NECKLACE,C,Z,CZ,Кандидат на вывод: редкий хаотичный спрос,да,335.28,67.5,7.48,52,3,2,2,3.248,6.45,2395,63.28,98.47,нет,нет,нет,да,нет,C,2010-01-01,2011-09-01
23047,PAPER LANTERN 5 POINT SEQUIN STAR,C,Z,CZ,Оставить,нет,333.5,0.0,0.0,58,25,25,7,1.002,5.75,2396,63.3,98.47,нет,нет,нет,нет,нет,не продавался,2011-05-01,2011-11-01
22259,FELT FARM ANIMAL HEN,C,Z,CZ,Вывести: продаж нет 6+ месяцев,да,332.84,150.11,0.0,481,44,16,5,1.911,0.69,2397,63.33,98.47,нет,нет,да,нет,нет,C,2010-01-01,2011-04-01
21222,SET/4 BADGES BEETLES,C,Y,CY,Оставить,нет,332.18,456.46,16.01,258,67,25,12,0.531,1.29,2398,63.36,98.48,нет,нет,нет,нет,нет,C,2009-12-01,2011-11-01
84638,SMALL KITCHEN FLOWER POTS PLAQUE,C,Y,CY,Оставить,нет,331.5,770.05,0.0,50,37,11,10,0.929,6.63,2399,63.38,98.48,нет,нет,нет,нет,нет,B,2009-12-01,2011-10-01
85213,MINI  ZINC GARDEN DECORATIONS,C,Z,CZ,Оставить,нет,329.7,498.45,0.0,828,32,22,8,2.553,0.4,2400,63.41,98.48,нет,нет,нет,нет,нет,C,2009-12-01,2011-07-01
71270,PHOTO CLIP LINE,C,Y,CY,Оставить,нет,328.81,190.42,6.17,233,46,16,12,0.845,1.41,2401,63.43,98.49,нет,нет,нет,нет,нет,C,2009-12-01,2011-11-01
22108,PING! MICROWAVE PLATE,C,Y,CY,Оставить,нет,327.12,548.65,87.97,111,52,13,11,0.98,2.95,2402,63.46,98.49,нет,нет,нет,нет,нет,C,2009-12-01,2011-11-01
22529,MAGIC DRAWING SLATE GO TO THE FAIR,C,Z,CZ,Оставить,нет,326.35,635.0,22.68,797,65,49,12,1.027,0.41,2403,63.49,98.49,нет,нет,нет,нет,нет,C,2010-03-01,2011-11-01
85230B,CINNAMON SCENTED VOTIVE CANDLE,C,Y,CY,Оставить: сезонный спрос,нет,326.24,227.84,6.96,1264,38,29,11,0.845,0.26,2404,63.51,98.5,нет,да,нет,нет,да,C,2009-12-01,2011-11-01
22104,MIRROR MOSAIC CANDLE PLATE,C,Z,CZ,Оставить,нет,325.78,624.37,17.93,277,56,9,12,1.494,1.18,2405,63.54,98.5,нет,нет,нет,нет,нет,C,2009-12-01,2011-11-01
21373,MIRRORED WALL ART SNOWFLAKES,C,Z,CZ,Оставить,нет,325.29,159.85,54.75,427,41,36,6,1.094,0.76,2406,63.57,98.5,нет,нет,нет,нет,нет,C,2009-12-01,2011-11-01
22345,PARTY PIZZA DISH BLUE POLKADOT,C,Z,CZ,Оставить,нет,325.19,311.55,58.56,859,63,25,12,1.758,0.38,2407,63.59,98.51,нет,нет,нет,нет,нет,C,2009-12-01,2011-11-01
23459,DOLLY CABINET 2 DRAWERS,C,Z,CZ,Наблюдать: новый товар,нет,325.0,0.0,62.5,26,15,15,2,2.244,12.5,2408,63.62,98.51,да,нет,нет,нет,нет,не продавался,2011-10-01,2011-11-01
84631,FRUIT TREE AND BIRDS WALL PLAQUE,C,Z,CZ,Оставить: сезонный спрос,нет,324.68,765.58,0.0,38,23,7,6,1.458,8.54,2409,63.65,98.51,нет,да,нет,нет,нет,B,2009-12-01,2011-06-01
21285,RETROSPOT CANDLE  MEDIUM,C,Y,CY,Оставить,нет,324.57,882.74,89.31,136,27,12,9,0.995,2.39,2410,63.67,98.52,нет,нет,нет,нет,нет,B,2009-12-01,2011-11-01
85204,HANGING WOOD AND FELT FLOWER,C,Z,CZ,Оставить,нет,324.4,135.54,0.96,2042,103,39,12,1.141,0.16,2411,63.7,98.52,нет,нет,нет,нет,нет,C,2009-12-01,2011-11-01
21263,GREEN GOOSE FEATHER TREE 60CM,C,Z,CZ,Оставить,нет,323.82,309.12,21.45,154,36,27,6,1.367,2.1,2412,63.73,98.52,нет,нет,нет,нет,нет,C,2010-09-01,2011-11-01
85205B,PINK FELT EASTER RABBIT GARLAND,C,Z,CZ,Оставить: сезонный спрос,нет,323.15,346.23,0.0,122,29,22,5,1.394,2.65,2413,63.75,98.53,нет,да,да,нет,нет,C,2010-01-01,2011-04-01
21403,BLUE EGG  SPOON,C,Y,CY,Оставить,нет,320.56,200.89,1.62,1851,103,57,12,0.525,0.17,2414,63.78,98.53,нет,нет,нет,нет,нет,C,2009-12-01,2011-11-01
16008,SMALL FOLDING SCISSOR(POINTED EDGE),C,Z,CZ,Оставить: сезонный спрос,нет,320.39,62.25,40.32,2556,66,52,10,1.238,0.13,2415,63.8,98.54,нет,да,нет,нет,нет,C,2010-03-01,2011-11-01
84926E,FLOWERS TILE COASTER,C,Z,CZ,Оставить,нет,319.68,143.77,8.12,940,37,30,10,1.446,0.34,2416,63.83,98.54,нет,нет,нет,нет,да,C,2009-12-01,2011-11-01
84816,DANISH ROSE BEDSIDE CABINET,C,Z,CZ,Кандидат на вывод: редкий хаотичный спрос,да,319.6,759.0,0.0,8,6,6,5,1.275,39.95,2417,63.86,98.54,нет,нет,нет,нет,нет,B,2009-12-01,2011-08-01
22202,MILK PAN PINK RETROSPOT,C,Z,CZ,Вывести: продаж нет 6+ месяцев,да,319.35,3979.4,0.0,64,37,16,5,1.939,4.99,2418,63.88,98.55,нет,нет,да,нет,нет,A,2009-12-01,2011-05-01
22092,BLUE PAISLEY TISSUE BOX,C,Z,CZ,Оставить,нет,318.67,271.51,2.73,663,88,73,10,1.014,0.48,2419,63.91,98.55,нет,нет,нет,нет,нет,C,2009-12-01,2011-11-01
85179A,GREEN BITTY LIGHT CHAIN,C,Z,CZ,Оставить,нет,318.67,139.6,64.58,168,49,13,6,2.161,1.9,2420,63.94,98.55,нет,нет,нет,нет,да,C,2009-12-01,2011-11-01
16259,PIECE OF CAMO STATIONERY SET,C,Z,CZ,Оставить,нет,317.92,435.54,0.0,3272,30,27,9,1.321,0.1,2421,63.96,98.56,нет,нет,нет,нет,нет,C,2009-12-01,2011-11-01
20782,CAMOUFLAGE EAR MUFF HEADPHONES,C,Z,CZ,Оставить: сезонный спрос,нет,317.48,588.97,50.6,47,21,10,8,1.49,6.75,2422,63.99,98.56,нет,да,нет,нет,нет,C,2009-12-01,2011-11-01
84931A,PINK SCOTTIE DOG W FLOWER PATTERN,C,Z,CZ,Оставить,нет,317.44,196.25,0.0,133,51,20,12,1.051,2.39,2423,64.02,98.56,нет,нет,нет,нет,да,C,2009-12-01,2011-11-01
22765,NEWSPAPER STAND,C,Z,CZ,Вывести: продаж нет 6+ месяцев,да,316.95,3176.4,0.0,27,5,3,1,3.317,11.74,2424,64.04,98.57,нет,нет,да,да,нет,A,2010-10-01,2010-12-01
85170B,SET/6 BLACK BIRD T-LIGHT CANDLES,C,Z,CZ,Оставить,нет,316.75,159.16,0.0,215,39,13,11,1.326,1.47,2425,64.07,98.57,нет,нет,нет,нет,да,C,2009-12-01,2011-11-01
35915C,PEACH KNITTED HEN,C,Z,CZ,Вывести: продаж нет 6+ месяцев,да,316.46,476.86,0.0,315,60,8,4,1.866,1.0,2426,64.1,98.57,нет,нет,да,нет,да,C,2009-12-01,2011-04-01
84876B,GREEN HEART COMPACT MIRROR,C,Z,CZ,Оставить,нет,315.81,172.5,0.0,218,33,17,7,1.187,1.45,2427,64.12,98.58,нет,нет,нет,нет,да,C,2009-12-01,2011-11-01
23428,IVORY RETRO KITCHEN WALL CLOCK,C,Z,CZ,Наблюдать: новый товар,нет,315.33,0.0,344.28,39,16,15,1,3.317,8.09,2428,64.15,98.58,да,нет,нет,нет,нет,не продавался,2011-11-01,2011-11-01
84584,PINK GINGHAM CAT WITH SCARF,C,Z,CZ,Оставить,нет,314.51,382.24,0.0,144,30,18,8,1.276,2.18,2429,64.17,98.58,нет,нет,нет,нет,нет,C,2009-12-01,2011-07-01
84952B,BLACK LOVE BIRD T-LIGHT HOLDER,C,Z,CZ,Оставить,нет,313.43,283.35,7.46,182,27,9,7,2.1,1.72,2430,64.2,98.59,нет,нет,нет,нет,да,C,2009-12-01,2011-11-01
85202,HANGING WOOD AND FELT HEART,C,Z,CZ,Оставить,нет,313.13,246.88,0.0,672,106,34,12,1.366,0.47,2431,64.23,98.59,нет,нет,нет,нет,нет,C,2009-12-01,2011-11-01
84358,FLOOR LAMP SHADE WOOD BASE,C,Z,CZ,Оставить,нет,312.7,784.78,0.0,33,13,6,8,1.008,9.48,2432,64.25,98.59,нет,нет,нет,нет,нет,B,2009-12-01,2011-08-01
47594B,SCOTTIES DESIGN WASHBAG,C,Z,CZ,Оставить,нет,310.65,476.29,0.0,168,54,26,12,1.695,1.85,2433,64.28,98.6,нет,нет,нет,нет,да,C,2009-12-01,2011-11-01
21248,DOOR HANGER  MUM + DADS ROOM,C,Y,CY,Оставить,нет,310.42,941.47,20.3,191,64,45,12,0.882,1.63,2434,64.31,98.6,нет,нет,нет,нет,нет,B,2009-12-01,2011-11-01
21841,BABY MOUSE RED GINGHAM DRESS,C,Z,CZ,Оставить,нет,310.25,1534.47,0.0,73,21,19,7,1.83,4.25,2435,64.33,98.6,нет,нет,нет,нет,нет,B,2009-12-01,2011-11-01
22100,SKULLS SQUARE TISSUE BOX,C,Z,CZ,Оставить,нет,309.85,354.68,44.97,645,56,34,10,1.376,0.48,2436,64.36,98.61,нет,нет,нет,нет,нет,C,2009-12-01,2011-11-01
23478,WOODLAND LARGE PINK FELT HEART,C,Z,CZ,Наблюдать: новый товар,нет,309.4,0.0,15.0,273,12,8,2,2.552,1.13,2437,64.39,98.61,да,нет,нет,да,нет,не продавался,2011-10-01,2011-11-01
47021G,SET/6 BEAD COASTERS GAUZE BAG GOLD,C,Z,CZ,Оставить,нет,309.3,232.66,0.0,582,27,12,7,1.939,0.53,2438,64.41,98.61,нет,нет,нет,нет,нет,C,2009-12-01,2011-06-01
21375,LARGE CAMPHOR WOOD FIELD MUSHROOM,C,Y,CY,Оставить,нет,309.02,504.83,3.75,38,26,8,12,0.574,8.13,2439,64.44,98.62,нет,нет,нет,нет,нет,C,2009-12-01,2011-11-01
21850,BLUE  DIAMANTE PEN IN GIFT BOX,C,Z,CZ,Оставить,нет,308.65,584.85,26.48,89,50,10,10,1.189,3.47,2440,64.46,98.62,нет,нет,нет,нет,нет,C,2009-12-01,2011-11-01
46776D,WOVEN SUNSET CUSHION COVER,C,Y,CY,Оставить,нет,308.08,279.78,70.21,72,32,3,11,0.957,4.28,2441,64.49,98.62,нет,нет,нет,нет,да,C,2009-12-01,2011-11-01
20936,FORKED CACTUS CANDLE,C,Z,CZ,Оставить,нет,306.83,523.73,12.83,97,31,20,9,1.239,3.16,2442,64.52,98.63,нет,нет,нет,нет,нет,C,2009-12-01,2011-11-01
17084N,FAIRY DREAMS INCENSE,C,X,CX,Оставить,нет,305.96,326.95,7.35,1234,96,25,12,0.446,0.25,2443,64.54,98.63,нет,нет,нет,нет,да,C,2009-12-01,2011-11-01
84766,SILVER ROCOCO CANDLE STICK,C,Z,CZ,Кандидат на вывод: редкий хаотичный спрос,да,305.4,291.35,0.0,132,12,9,6,1.861,2.31,2444,64.57,98.63,нет,нет,нет,нет,нет,C,2010-01-01,2011-11-01
16238,PARTY TIME PENCIL ERASERS,C,X,CX,Оставить,нет,305.08,237.87,16.59,1335,121,58,12,0.48,0.23,2445,64.6,98.64,нет,нет,нет,нет,нет,C,2009-12-01,2011-11-01
72122,COFFEE SCENT PILLAR CANDLE,C,Y,CY,Оставить,нет,304.68,257.54,31.11,303,55,36,12,0.757,1.01,2446,64.62,98.64,нет,нет,нет,нет,нет,C,2009-12-01,2011-11-01
22040,BOTANICAL ROSE GIFT WRAP,C,Y,CY,Оставить,нет,304.5,839.8,0.0,725,28,27,11,0.685,0.42,2447,64.65,98.64,нет,нет,нет,нет,нет,B,2009-12-01,2011-11-01
90147,CHUNKY SILVER NECKLACE PASTEL FLOWE,C,Y,CY,Оставить,нет,304.11,593.54,0.0,30,22,10,9,0.887,10.14,2448,64.68,98.65,нет,нет,нет,нет,нет,C,2009-12-01,2011-11-01
16236,KITTY PENCIL ERASERS,C,Y,CY,Оставить,нет,303.71,267.32,10.5,1364,125,53,12,0.652,0.22,2449,64.7,98.65,нет,нет,нет,нет,нет,C,2009-12-01,2011-11-01
21425,SKULLS STORAGE BOX LARGE,C,Z,CZ,Оставить,нет,302.79,898.39,17.7,81,29,11,10,1.253,3.74,2450,64.73,98.65,нет,нет,нет,нет,нет,B,2009-12-01,2011-11-01
72586,SET OF 6 HALLOWEEN GHOST T-LIGHTS,C,Z,CZ,Оставить,нет,301.88,692.27,0.83,654,81,35,11,2.081,0.46,2451,64.76,98.66,нет,нет,нет,нет,нет,B,2009-12-01,2011-11-01
84708B,PINK JEWELLED PHOTO FRAME,C,Y,CY,Оставить,нет,301.6,406.44,24.75,57,17,11,9,0.894,5.29,2452,64.78,98.66,нет,нет,нет,нет,нет,C,2009-12-01,2011-11-01
22641,SET OF 4 NAPKIN CHARMS INSTRUMENT,C,Z,CZ,Оставить,нет,301.36,401.17,2.37,136,36,22,11,1.015,2.22,2453,64.81,98.66,нет,нет,нет,нет,нет,C,2010-07-01,2011-11-01
35912B,WHITE/PINK CHICK DECORATION,C,Z,CZ,Оставить,нет,301.26,54.32,0.0,252,20,15,7,1.444,1.2,2454,64.83,98.66,нет,нет,нет,да,нет,C,2010-01-01,2011-10-01
21719,LOVELY BONBON STICKER SHEET,C,Y,CY,Оставить,нет,300.92,505.7,6.52,341,55,29,12,0.577,0.88,2455,64.86,98.67,нет,нет,нет,нет,нет,C,2009-12-01,2011-11-01
22135,MINI LADLE LOVE HEART PINK,C,Y,CY,Оставить,нет,299.9,483.77,22.48,533,169,21,12,0.641,0.56,2456,64.89,98.67,нет,нет,нет,нет,нет,C,2009-12-01,2011-11-01
84632,DECORATIVE HANGING SHELVING UNIT,C,Z,CZ,Кандидат на вывод: редкий хаотичный спрос,да,299.75,439.6,0.0,5,4,4,3,1.822,59.95,2457,64.91,98.67,нет,нет,нет,нет,нет,C,2010-06-01,2011-07-01
22134,LADLE LOVE HEART RED,C,Y,CY,Оставить: сезонный спрос,нет,299.49,624.58,119.51,576,153,27,12,0.991,0.52,2458,64.94,98.68,нет,да,нет,нет,нет,C,2009-12-01,2011-11-01
23597,PAPER BUNTING PAISLEY PARK,C,Z,CZ,Наблюдать: новый товар,нет,299.32,0.0,362.05,104,22,19,1,3.317,2.88,2459,64.97,98.68,да,нет,нет,нет,нет,не продавался,2011-11-01,2011-11-01
21026,SPACE OWL,C,Z,CZ,Оставить,нет,298.53,400.98,17.22,248,63,20,9,1.105,1.2,2460,64.99,98.68,нет,нет,нет,нет,нет,C,2009-12-01,2011-11-01
46118,FUNKY MONKEY CUSHION COVER,C,Y,CY,Оставить,нет,297.25,196.41,19.92,224,41,12,9,0.822,1.33,2461,65.02,98.69,нет,нет,нет,нет,нет,C,2009-12-01,2011-11-01
84510C,SET OF 4 POLKADOT COASTERS,C,Y,CY,Оставить,нет,296.48,230.42,13.55,166,74,25,12,0.647,1.79,2462,65.05,98.69,нет,нет,нет,нет,да,C,2009-12-01,2011-11-01
84596J,MIXED NUTS LIGHT GREEN BOWL,C,Z,CZ,Вывести: продаж нет 6+ месяцев,да,296.45,330.31,0.0,568,68,21,6,1.754,0.52,2463,65.07,98.69,нет,нет,да,нет,да,C,2009-12-01,2011-05-01
22409,MONEY BOX BISCUITS DESIGN,C,Y,CY,Оставить,нет,295.97,1989.49,3.75,225,54,33,12,0.753,1.32,2464,65.1,98.7,нет,нет,нет,нет,нет,B,2010-03-01,2011-11-01
21284,RETROSPOT CANDLE  SMALL,C,Z,CZ,Оставить,нет,295.81,1263.87,78.68,231,30,15,12,1.626,1.28,2465,65.13,98.7,нет,нет,нет,нет,нет,B,2009-12-01,2011-11-01
20622,VIPPASSPORT COVER,C,Z,CZ,Оставить,нет,295.44,823.89,8.26,183,49,24,12,1.069,1.61,2466,65.15,98.7,нет,нет,нет,нет,нет,B,2009-12-01,2011-11-01
22547,MINI JIGSAW DINOSAUR,C,Y,CY,Оставить,нет,295.12,508.59,43.11,628,91,37,12,0.511,0.47,2467,65.18,98.71,нет,нет,нет,нет,нет,C,2010-03-01,2011-11-01
35911A,MULTICOLOUR RABBIT EGG WARMER,C,Z,CZ,Оставить,нет,292.07,174.62,0.0,319,70,23,12,1.253,0.92,2468,65.2,98.71,нет,нет,нет,нет,да,C,2009-12-01,2011-11-01
22049,WRAP CHRISTMAS SCREEN PRINT,C,Z,CZ,Оставить: сезонный спрос,нет,291.5,713.75,0.0,1050,33,26,4,1.759,0.28,2469,65.23,98.71,нет,да,нет,нет,нет,B,2009-12-01,2011-10-01
21371,MIRRORED WALL ART POPPIES,C,Z,CZ,Оставить,нет,291.21,236.3,28.5,249,35,24,11,1.149,1.17,2470,65.26,98.72,нет,нет,нет,нет,нет,C,2009-12-01,2011-11-01
20780,BLACK EAR MUFF HEADPHONES,C,Z,CZ,Оставить: сезонный спрос,нет,291.12,1015.77,21.58,45,26,13,7,2.226,6.47,2471,65.28,98.72,нет,да,нет,нет,нет,B,2009-12-01,2011-11-01
85129D,BEADED CRYSTAL HEART PINK SMALL,C,Z,CZ,Оставить,нет,291.08,850.82,51.66,186,64,16,11,1.152,1.56,2472,65.31,98.72,нет,нет,нет,нет,да,B,2009-12-01,2011-11-01
20655,QUEEN OF SKIES LUGGAGE TAG,C,Y,CY,Оставить,нет,291.04,316.19,1.25,196,98,20,12,0.626,1.48,2473,65.34,98.72,нет,нет,нет,нет,нет,C,2009-12-01,2011-11-01
23410,CURIO CABINET LINEN AND LACE,C,Z,CZ,Наблюдать: новый товар,нет,290.1,0.0,0.0,36,18,16,3,1.991,8.06,2474,65.36,98.73,да,нет,нет,нет,нет,не продавался,2011-09-01,2011-11-01
16015,MEDIUM CHINESE STYLE SCISSOR,C,Z,CZ,Оставить,нет,289.98,421.4,0.0,662,24,19,10,1.441,0.44,2475,65.39,98.73,нет,нет,нет,нет,нет,C,2009-12-01,2011-11-01
22043,CHRISTMAS CARD SCREEN PRINT,C,Z,CZ,Оставить: сезонный спрос,нет,289.02,309.71,15.48,1188,61,39,8,1.509,0.24,2476,65.42,98.73,нет,да,нет,нет,нет,C,2009-12-01,2011-11-01
23015,CORDIAL GLASS JUG,C,Z,CZ,Наблюдать: новый товар,нет,288.88,0.0,0.0,34,16,13,6,1.597,8.5,2477,65.44,98.74,да,нет,нет,нет,нет,не продавался,2011-06-01,2011-11-01
21503,TOYBOX  WRAP,C,Z,CZ,Оставить,нет,288.5,451.5,0.0,725,22,22,10,1.303,0.4,2478,65.47,98.74,нет,нет,нет,нет,нет,C,2009-12-01,2011-11-01
85024B,EAU DE NILE JEWELLED PHOTOFRAME,C,Z,CZ,Оставить,нет,288.0,41.25,1.65,192,11,11,9,2.65,1.5,2479,65.5,98.74,нет,нет,нет,да,да,C,2010-01-01,2011-11-01
22486,PLASMATRONIC LAMP,C,Z,CZ,Оставить,нет,286.73,333.45,95.97,45,18,6,6,1.465,6.37,2480,65.52,98.75,нет,нет,нет,нет,нет,C,2010-03-01,2011-11-01
21942,SKULLS DESIGN FLANNEL,C,Z,CZ,Оставить,нет,286.19,813.07,16.62,261,93,12,11,1.076,1.1,2481,65.55,98.75,нет,нет,нет,нет,нет,B,2009-12-01,2011-11-01
21944,KITTENS DESIGN FLANNEL,C,Y,CY,Оставить,нет,285.66,795.82,24.53,290,89,19,11,0.851,0.99,2482,65.57,98.75,нет,нет,нет,нет,нет,B,2009-12-01,2011-11-01
20618,QUEEN OF THE SKIES PASSPORT COVER,C,Y,CY,Оставить,нет,284.29,362.15,2.1,147,75,19,12,0.708,1.93,2483,65.6,98.76,нет,нет,нет,нет,нет,C,2009-12-01,2011-11-01
71403,"PINK/WHITE ""KEEP CLEAN"" BULLET BIN",C,Y,CY,Оставить,нет,283.96,372.09,0.0,76,33,12,12,0.95,3.74,2484,65.63,98.76,нет,нет,нет,нет,нет,C,2009-12-01,2011-11-01
18094C,WHITE AND BLUE CERAMIC OIL BURNER,C,Y,CY,Оставить,нет,283.93,316.73,0.0,192,42,13,11,0.913,1.48,2485,65.65,98.76,нет,нет,нет,нет,нет,C,2009-12-01,2011-10-01
84661B,BLACK SQUARE TABLE CLOCK,C,Z,CZ,Оставить,нет,283.43,229.98,21.77,99,24,6,8,1.635,2.86,2486,65.68,98.76,нет,нет,нет,нет,да,C,2009-12-01,2011-11-01
84341B,SMALL PINK MAGIC CHRISTMAS TREE,C,Z,CZ,Оставить,нет,282.38,639.8,0.0,645,40,30,7,1.537,0.44,2487,65.71,98.77,нет,нет,нет,нет,нет,C,2009-12-01,2011-11-01
23037,CANDLE HOLDER SILVER MADELINE,C,Z,CZ,Наблюдать: новый товар,нет,282.27,0.0,42.89,171,17,14,6,1.21,1.65,2488,65.73,98.77,да,нет,нет,нет,нет,не продавался,2011-06-01,2011-11-01
21167,WHITE SAGE INCENSE,C,Y,CY,Оставить,нет,281.91,250.38,55.23,1191,63,20,12,0.578,0.24,2489,65.76,98.77,нет,нет,нет,нет,нет,C,2009-12-01,2011-11-01
21442,GREEN BIRDHOUSE DECORATION,C,Y,CY,Оставить,нет,281.34,397.03,26.6,297,52,26,12,0.617,0.95,2490,65.79,98.78,нет,нет,нет,нет,нет,C,2009-12-01,2011-11-01
20897,VINTAGE NOTEBOOK PARIS DAYS,C,Z,CZ,Оставить,нет,280.57,532.73,0.0,101,23,7,7,1.693,2.78,2491,65.81,98.78,нет,нет,нет,нет,нет,C,2009-12-01,2011-08-01
22257,FELT FARM ANIMAL SHEEP,C,Z,CZ,Оставить,нет,280.42,50.06,0.0,373,42,16,7,1.64,0.75,2492,65.84,98.78,нет,нет,нет,нет,нет,C,2010-02-01,2011-10-01
71101E,STANDING FAIRY POLE SUPPORT,C,Y,CY,Оставить,нет,278.5,347.63,0.0,346,22,17,10,0.721,0.8,2493,65.87,98.79,нет,нет,нет,нет,нет,C,2009-12-01,2011-11-01
85188A,GREEN METAL SWINGING BUNNY,C,Z,CZ,Оставить: сезонный спрос,нет,278.17,526.4,0.0,319,42,29,4,1.817,0.87,2494,65.89,98.79,нет,да,да,нет,да,C,2009-12-01,2011-04-01
21725,SWEETIES  STICKERS,C,Y,CY,Оставить,нет,277.24,757.49,0.0,301,50,26,12,0.87,0.92,2495,65.92,98.79,нет,нет,нет,нет,нет,B,2009-12-01,2011-11-01
72801D,4 SKY BLUE DINNER CANDLES,C,Y,CY,Оставить,нет,275.69,403.24,22.22,139,57,10,12,0.716,1.98,2496,65.94,98.79,нет,нет,нет,нет,да,C,2009-12-01,2011-11-01
21250,SET OF SKULL WALL STICKERS,C,Z,CZ,Оставить,нет,274.37,723.18,0.0,95,20,15,10,1.309,2.89,2497,65.97,98.8,нет,нет,нет,нет,нет,B,2009-12-01,2011-11-01
85186A,EASTER BUNNY GARLAND OF FLOWERS,C,Z,CZ,Оставить: сезонный спрос,нет,273.64,412.23,0.0,567,79,35,5,2.477,0.48,2498,66.0,98.8,нет,да,да,нет,да,C,2009-12-01,2011-04-01
37413,ICON MUG REVOLUTIONARY,C,Y,CY,Оставить,нет,273.57,0.0,10.92,675,75,50,10,0.998,0.41,2499,66.02,98.8,нет,нет,нет,нет,нет,не продавался,2011-02-01,2011-11-01
16218,CARTOON  PENCIL SHARPENERS,C,Z,CZ,Оставить,нет,273.41,164.82,9.9,3716,59,41,11,1.133,0.07,2500,66.05,98.81,нет,нет,нет,нет,нет,C,2009-12-01,2011-11-01
21293,MIRRORED DOVE WALL DECORATION,C,Z,CZ,Оставить,нет,272.59,595.62,4.13,115,23,13,9,1.076,2.37,2501,66.08,98.81,нет,нет,нет,нет,нет,C,2009-12-01,2011-11-01
46776E,WOVEN CANDY CUSHION COVER,C,Y,CY,Оставить,нет,271.91,373.67,20.65,63,38,5,11,0.934,4.32,2502,66.1,98.81,нет,нет,нет,нет,да,C,2010-01-01,2011-11-01
20734,SILVER MINI TAPE MEASURE,C,Z,CZ,Вывести: продаж нет 6+ месяцев,да,271.22,1199.4,0.0,158,26,0,5,1.715,1.72,2503,66.13,98.81,нет,нет,да,нет,нет,B,2009-12-01,2011-04-01
21386,IVORY HANGING DECORATION  EGG,C,Y,CY,Оставить,нет,271.2,395.14,14.44,633,49,40,11,0.682,0.43,2504,66.16,98.82,нет,нет,нет,нет,нет,C,2010-01-01,2011-11-01
85214,TUB 24 PINK FLOWER PEGS,C,Z,CZ,Оставить,нет,271.04,615.19,0.0,164,58,36,9,1.026,1.65,2505,66.18,98.82,нет,нет,нет,нет,нет,C,2009-12-01,2011-08-01
23567,EGG CUP HENRIETTA HEN PINK,C,Z,CZ,Наблюдать: новый товар,нет,270.61,0.0,20.97,201,32,14,2,2.308,1.35,2506,66.21,98.82,да,нет,нет,нет,нет,не продавался,2011-10-01,2011-11-01
20684,STRAWBERRY DREAM CHILDS UMBRELLA,C,Z,CZ,Оставить,нет,270.56,1639.5,0.0,80,35,30,8,1.093,3.38,2507,66.24,98.83,нет,нет,нет,нет,нет,B,2009-12-01,2011-07-01
21815,STAR  T-LIGHT HOLDER,C,Z,CZ,Оставить,нет,270.23,790.01,0.0,158,29,15,8,1.514,1.71,2508,66.26,98.83,нет,нет,нет,нет,нет,B,2009-12-01,2011-11-01
90198A,VINTAGE ROSE BEAD BRACELET RASPBERR,C,Z,CZ,Оставить,нет,270.08,293.7,45.65,64,37,8,11,1.002,4.22,2509,66.29,98.83,нет,нет,нет,нет,да,C,2009-12-01,2011-11-01
35001W,HAND OPEN SHAPE DECO.WHITE,C,Z,CZ,Вывести: продаж нет 6+ месяцев,да,270.02,2529.69,0.0,92,5,5,1,3.317,2.94,2510,66.31,98.84,нет,нет,да,да,да,A,2009-12-01,2010-12-01
79051A,SMOKEY GREY COLOUR D.O.F. GLASS,C,Z,CZ,Оставить: сезонный спрос,нет,269.81,96.83,19.74,769,38,30,11,1.084,0.35,2511,66.34,98.84,нет,да,нет,нет,нет,C,2009-12-01,2011-11-01
23429,RED RETRO KITCHEN WALL CLOCK,C,Z,CZ,Наблюдать: новый товар,нет,269.61,0.0,130.4,31,17,14,1,3.317,8.7,2512,66.37,98.84,да,нет,нет,нет,нет,не продавался,2011-11-01,2011-11-01
21761,WOOD AND GLASS MEDICINE CABINET,C,Y,CY,Оставить,нет,269.55,1485.3,29.95,9,9,9,8,0.793,29.95,2513,66.39,98.84,нет,нет,нет,нет,нет,B,2009-12-01,2011-11-01
85186C,BUNNY EGG GARLAND,C,Z,CZ,Оставить: сезонный спрос,нет,269.17,389.02,0.0,528,78,32,7,1.552,0.51,2514,66.42,98.85,нет,да,нет,нет,да,C,2009-12-01,2011-10-01
21286,RETRO SPOT CANDLE  LARGE,C,Z,CZ,Оставить: сезонный спрос,нет,268.9,1260.89,93.22,115,19,7,7,1.631,2.34,2515,66.45,98.85,нет,да,нет,нет,нет,B,2009-12-01,2011-11-01
21785,RAIN PONCHO,C,Z,CZ,Вывести: продаж нет 6+ месяцев,да,268.76,1245.87,0.0,411,5,3,3,3.282,0.65,2516,66.47,98.85,нет,нет,да,да,нет,B,2009-12-01,2011-02-01
21332,MOROCCAN BEATEN METAL MIRROR,C,Z,CZ,Оставить,нет,268.1,1328.67,0.0,19,13,8,7,1.046,14.11,2517,66.5,98.86,нет,нет,нет,нет,нет,B,2009-12-01,2011-08-01
21666,RIDGED GLASS T-LIGHT HOLDER,C,Y,CY,Оставить,нет,267.91,821.64,15.6,388,41,20,11,0.825,0.69,2518,66.53,98.86,нет,нет,нет,нет,нет,B,2009-12-01,2011-11-01
17013D,ORIGAMI ROSE INCENSE IN TUBE,C,Z,CZ,Оставить,нет,267.82,304.58,0.0,535,13,10,7,1.364,0.5,2519,66.55,98.86,нет,нет,нет,нет,нет,C,2009-12-01,2011-06-01
21644,ASSORTED TUTTI FRUTTI HEART BOX,C,Y,CY,Оставить: сезонный спрос,нет,267.5,1162.72,0.0,214,31,29,11,0.959,1.25,2520,66.58,98.86,нет,да,нет,нет,нет,B,2009-12-01,2011-11-01
85230E,STRAWBRY SCENTED VOTIVE CANDLE,C,Y,CY,Оставить,нет,267.45,360.96,0.0,1101,24,17,10,0.696,0.24,2521,66.61,98.87,нет,нет,нет,нет,да,C,2009-12-01,2011-09-01
16169M,WRAP DAISY CARPET,C,Y,CY,Оставить,нет,266.7,363.75,10.5,635,24,23,10,0.687,0.42,2522,66.63,98.87,нет,нет,нет,нет,да,C,2009-12-01,2011-11-01
84926D,LA PALMIERA TILE COASTER,C,Y,CY,Оставить,нет,265.95,88.82,10.58,680,31,24,9,0.93,0.39,2523,66.66,98.87,нет,нет,нет,нет,да,C,2009-12-01,2011-11-01
21441,BLUE BIRDHOUSE DECORATION,C,Y,CY,Оставить,нет,265.43,363.43,26.6,281,55,27,11,0.738,0.94,2524,66.68,98.88,нет,нет,нет,нет,нет,C,2009-12-01,2011-11-01
84859A,SILVER DISCO HANDBAG,C,Z,CZ,Оставить,нет,264.73,340.54,8.26,127,34,24,9,1.246,2.08,2525,66.71,98.88,нет,нет,нет,нет,да,C,2009-12-01,2011-11-01
23476,WOODLAND LARGE RED FELT HEART,C,Z,CZ,Наблюдать: новый товар,нет,264.72,0.0,0.0,205,22,18,2,2.716,1.29,2526,66.74,98.88,да,нет,нет,нет,нет,не продавался,2011-10-01,2011-11-01
90160D,PINK BOUDICCA LARGE BRACELET,C,Z,CZ,Кандидат на вывод: редкий хаотичный спрос,да,264.7,264.52,0.0,38,12,9,10,1.022,6.97,2527,66.76,98.88,нет,нет,нет,нет,да,C,2009-12-01,2011-11-01
84952A,CLEAR LOVE BIRD T-LIGHT HOLDER,C,Z,CZ,Оставить,нет,264.47,128.06,0.0,92,26,6,7,1.636,2.87,2528,66.79,98.89,нет,нет,нет,нет,да,C,2009-12-01,2011-11-01
21279,VINTAGE KITCHEN PRINT FRUITS,C,Y,CY,Оставить,нет,263.6,947.68,2.55,84,28,11,8,0.884,3.14,2529,66.82,98.89,нет,нет,нет,нет,нет,B,2009-12-01,2011-09-01
20699,MOUSEY LONG LEGS SOFT TOY,C,Z,CZ,Оставить,нет,263.48,531.93,2.55,96,40,10,7,2.032,2.74,2530,66.84,98.89,нет,нет,нет,нет,нет,C,2009-12-01,2011-11-01
79190B,RETRO PLASTIC POLKA TRAY,C,Z,CZ,Оставить: сезонный спрос,нет,263.16,314.72,18.9,647,53,23,12,1.531,0.41,2531,66.87,98.9,нет,да,нет,нет,да,C,2009-12-01,2011-11-01
72801C,4 ROSE PINK DINNER CANDLES,C,Y,CY,Оставить,нет,263.0,393.44,13.59,177,41,13,12,0.899,1.49,2532,66.9,98.9,нет,нет,нет,нет,да,C,2009-12-01,2011-11-01
85039C,S/4 BLACK MINI ROSE CANDLE IN BOWL,C,Z,CZ,Оставить,нет,262.51,247.24,3.26,303,65,9,11,1.536,0.87,2533,66.92,98.9,нет,нет,нет,нет,да,C,2009-12-01,2011-11-01
22052,VINTAGE CARAVAN GIFT WRAP,C,Z,CZ,Оставить,нет,262.5,1187.5,0.0,625,26,22,6,1.61,0.42,2534,66.95,98.9,нет,нет,нет,нет,нет,B,2009-12-01,2011-07-01
21445,12 PINK ROSE PEG PLACE SETTINGS,C,Z,CZ,Оставить,нет,262.5,1619.73,0.0,210,20,16,6,1.939,1.25,2535,66.97,98.91,нет,нет,нет,да,нет,B,2009-12-01,2011-07-01
20771,CHRYSANTHEMUM  JOURNAL,C,Y,CY,Оставить,нет,262.03,919.25,5.1,100,39,21,10,0.913,2.62,2536,67.0,98.91,нет,нет,нет,нет,нет,B,2009-12-01,2011-11-01
85124C,GREEN JUICY FRUIT PHOTO FRAME,C,Z,CZ,Оставить,нет,261.89,877.18,0.0,94,39,23,10,1.267,2.79,2537,67.03,98.91,нет,нет,нет,нет,да,B,2009-12-01,2011-10-01
90184B,AMETHYST CHUNKY BEAD BRACELET W STR,C,Y,CY,Оставить,нет,261.74,309.64,36.2,29,18,10,8,0.977,9.03,2538,67.05,98.91,нет,нет,нет,нет,да,C,2009-12-01,2011-11-01
84858C,PINK RIVIERA HANDBAG,C,Z,CZ,Вывести: продаж нет 6+ месяцев,да,261.68,349.39,0.0,186,6,4,3,2.727,1.41,2539,67.08,98.92,нет,нет,да,да,нет,C,2009-12-01,2011-04-01
20755,BLUE PAISLEY POCKET BOOK,C,Y,CY,Оставить,нет,260.97,818.56,10.2,294,61,43,10,0.931,0.89,2540,67.11,98.92,нет,нет,нет,нет,нет,B,2009-12-01,2011-11-01
79337,BLUE FLOCK GLASS CANDLEHOLDER,C,Z,CZ,Кандидат на вывод: редкий хаотичный спрос,да,259.96,242.07,0.0,644,10,9,8,1.694,0.4,2541,67.13,98.92,нет,нет,нет,нет,нет,C,2010-01-01,2011-07-01
21324,HANGING MEDINA LANTERN SMALL,C,Z,CZ,Вывести: продаж нет 6+ месяцев,да,259.67,2448.89,0.0,81,28,20,6,1.413,3.21,2542,67.16,98.93,нет,нет,да,нет,нет,A,2009-12-01,2011-05-01
22889,NUMBER TILE VINTAGE FONT No,C,Z,CZ,Оставить,нет,259.67,63.32,4.13,168,32,6,10,1.946,1.55,2543,67.19,98.93,нет,нет,нет,нет,нет,C,2010-10-01,2011-11-01
20777,CHRYSANTHEMUM NOTEBOOK,C,Z,CZ,Оставить,нет,259.67,980.21,22.82,155,72,32,11,1.217,1.68,2544,67.21,98.93,нет,нет,нет,нет,нет,B,2009-12-01,2011-11-01
90161D,ANT COPPER PINK BOUDICCA BRACELET,C,Y,CY,Оставить,нет,259.37,368.63,59.52,52,28,5,9,0.844,4.99,2545,67.24,98.93,нет,нет,нет,нет,да,C,2009-12-01,2011-11-01
23137,ZINC WIRE SWEETHEART LETTER TRAY,C,Z,CZ,Оставить,нет,259.37,0.0,16.25,70,21,16,8,1.353,3.71,2546,67.27,98.94,нет,нет,нет,нет,нет,не продавался,2011-04-01,2011-11-01
90160A,PURPLE BOUDICCA LARGE BRACELET,C,Y,CY,Оставить,нет,257.87,97.57,7.07,37,14,10,11,0.799,6.97,2547,67.29,98.94,нет,нет,нет,нет,да,C,2010-01-01,2011-10-01
35915B,BLUE KNITTED HEN,C,Z,CZ,Оставить,нет,257.22,456.51,0.0,220,50,14,5,2.593,1.17,2548,67.32,98.94,нет,нет,нет,нет,да,C,2009-12-01,2011-09-01
21458,2 PICTURE BOOK EGGS EASTER BUNNY,C,Z,CZ,Оставить,нет,256.54,592.7,0.0,182,36,18,7,1.56,1.41,2549,67.34,98.95,нет,нет,нет,нет,нет,C,2009-12-01,2011-11-01
78124,MAGAZINE RACK GEBRA ASSORTED,C,Z,CZ,Оставить,нет,256.5,713.11,0.0,198,18,16,7,1.219,1.3,2550,67.37,98.95,нет,нет,нет,нет,нет,B,2009-12-01,2011-11-01
84559B,3D SHEET OF CAT STICKERS,C,Y,CY,Оставить,нет,255.62,863.47,0.0,260,75,36,12,0.866,0.98,2551,67.4,98.95,нет,нет,нет,нет,да,B,2009-12-01,2011-11-01
84952C,MIRROR LOVE BIRD T-LIGHT HOLDER,C,Z,CZ,Кандидат на вывод: редкий хаотичный спрос,да,255.0,450.01,0.0,144,12,7,5,2.56,1.77,2552,67.42,98.95,нет,нет,нет,да,да,C,2009-12-01,2011-10-01
21269,ANTIQUE CREAM CUTLERY SHELF,C,Y,CY,Оставить,нет,254.98,781.86,0.0,29,19,17,10,0.685,8.79,2553,67.45,98.96,нет,нет,нет,нет,нет,B,2009-12-01,2011-11-01
21547,CERAMIC BIRDHOUSE CRESTED TIT SMALL,C,Z,CZ,Оставить: сезонный спрос,нет,253.53,1589.04,0.0,79,22,13,3,2.001,3.21,2554,67.48,98.96,нет,да,да,нет,нет,B,2009-12-01,2011-03-01
21275,ZINC TOP  2 DOOR WOODEN SHELF,C,Z,CZ,Оставить: сезонный спрос,нет,253.13,1333.75,0.0,12,11,8,6,1.871,21.09,2555,67.5,98.96,нет,да,нет,нет,нет,B,2009-12-01,2011-11-01
18007,ESSENTIAL BALM 3.5g TIN IN ENVELOPE,C,Z,CZ,Оставить,нет,251.61,383.61,0.0,3484,29,15,8,3.03,0.07,2556,67.53,98.96,нет,нет,нет,да,нет,C,2009-12-01,2011-07-01
21882,SKULLS TAPE,C,Z,CZ,Оставить,нет,251.17,248.27,0.0,704,70,35,11,1.683,0.36,2557,67.56,98.97,нет,нет,нет,нет,нет,C,2009-12-01,2011-11-01
23481,PEARLISED IVORY HEART SMALL,C,Z,CZ,Наблюдать: новый товар,нет,251.17,0.0,30.0,204,24,19,2,2.397,1.23,2558,67.58,98.97,да,нет,нет,нет,нет,не продавался,2011-10-01,2011-11-01
16012,FOOD/DRINK SPONGE STICKERS,C,Z,CZ,Оставить,нет,250.95,351.81,5.25,1195,33,31,10,1.013,0.21,2559,67.61,98.97,нет,нет,нет,нет,нет,C,2009-12-01,2011-11-01
22164,STRING OF STARS CARD HOLDER,C,Z,CZ,Оставить,нет,250.22,633.0,0.0,78,15,11,6,1.685,3.21,2560,67.64,98.97,нет,нет,нет,нет,нет,C,2009-12-01,2011-11-01
23141,TRIPLE WIRE HOOK PINK HEART,C,Z,CZ,Оставить,нет,248.82,0.0,24.09,58,21,15,7,1.235,4.29,2561,67.66,98.98,нет,нет,нет,нет,нет,не продавался,2011-04-01,2011-11-01
85124B,BLUE JUICY FRUIT PHOTO FRAME,C,Y,CY,Оставить,нет,248.76,669.34,0.0,87,38,23,12,0.86,2.86,2562,67.69,98.98,нет,нет,нет,нет,да,C,2009-12-01,2011-11-01
85071D,CHARLIE+LOLA MY ROOM DOOR SIGN,C,Y,CY,Оставить,нет,248.32,299.37,1.17,400,81,56,11,0.929,0.62,2563,67.71,98.98,нет,нет,нет,нет,да,C,2009-12-01,2011-11-01
84678,CLASSICAL ROSE SMALL VASE,C,Z,CZ,Вывести: продаж нет 6+ месяцев,да,247.04,861.24,0.0,142,13,10,4,1.552,1.74,2564,67.74,98.99,нет,нет,да,нет,нет,B,2009-12-01,2011-03-01
72800B,4 PURPLE FLOCK DINNER CANDLES,C,Z,CZ,Оставить,нет,246.99,985.98,38.71,93,33,27,11,1.588,2.66,2565,67.77,98.99,нет,нет,нет,нет,да,B,2009-12-01,2011-11-01
22869,NUMBER TILE COTTAGE GARDEN 1,C,Y,CY,Оставить,нет,246.14,145.54,0.0,96,44,18,12,0.705,2.56,2566,67.79,98.99,нет,нет,нет,нет,нет,C,2010-10-01,2011-11-01
47422,ASSORTED MONKEY SUCTION CUP HOOK,C,Y,CY,Оставить,нет,245.34,192.0,0.0,615,44,16,12,0.852,0.4,2567,67.82,98.99,нет,нет,нет,нет,нет,C,2010-02-01,2011-11-01
20819,SILVER TEDDY BEAR,C,Z,CZ,Оставить,нет,244.72,386.77,0.0,64,27,14,9,1.233,3.82,2568,67.85,99.0,нет,нет,нет,нет,нет,C,2009-12-01,2011-11-01
84422,PINK/BLUE DISC/MIRROR STRING,C,Z,CZ,Оставить,нет,244.17,183.78,0.0,566,15,8,8,3.094,0.43,2569,67.87,99.0,нет,нет,нет,да,нет,C,2009-12-01,2011-09-01
22512,DOORSTOP RACING CAR DESIGN,C,Z,CZ,Оставить,нет,243.25,686.46,26.46,96,29,20,8,1.518,2.53,2570,67.9,99.0,нет,нет,нет,нет,нет,B,2010-03-01,2011-11-01
20616,CHERRY BLOSSOM PASSPORT COVER,C,Y,CY,Оставить,нет,242.78,205.73,0.75,193,70,18,12,0.904,1.26,2571,67.93,99.0,нет,нет,нет,нет,нет,C,2009-12-01,2011-11-01
20794,BLUE  TILE HOOK,C,Z,CZ,Оставить,нет,242.27,308.23,20.12,85,22,12,11,1.108,2.85,2572,67.95,99.01,нет,нет,нет,нет,нет,C,2010-01-01,2011-11-01
21676,FLOWERS  STICKERS,C,Y,CY,Оставить,нет,242.1,648.36,3.26,255,59,21,11,0.711,0.95,2573,67.98,99.01,нет,нет,нет,нет,нет,C,2009-12-01,2011-11-01
23495,SET OF 3 PANTRY WOODEN SPOONS,C,Z,CZ,Наблюдать: новый товар,нет,241.9,0.0,64.76,179,30,16,2,3.217,1.35,2574,68.01,99.01,да,нет,нет,нет,нет,не продавался,2011-10-01,2011-11-01
21427,SKULLS STORAGE BOX SMALL,C,Z,CZ,Оставить,нет,241.74,725.82,12.6,89,39,20,10,1.023,2.72,2575,68.03,99.01,нет,нет,нет,нет,нет,B,2009-12-01,2011-11-01
22954,HEN PARTY CORDON BARRIER TAPE,C,Y,CY,Оставить,нет,241.38,52.51,0.0,197,40,20,12,0.671,1.23,2576,68.06,99.02,нет,нет,нет,нет,нет,C,2010-11-01,2011-11-01
84592,CROCHET ROSE PURSE WITH SUEDE BACK,C,Y,CY,Оставить,нет,241.24,295.16,0.0,76,22,15,10,0.727,3.17,2577,68.08,99.02,нет,нет,нет,нет,нет,C,2009-12-01,2011-11-01
85019C,CURIOUS  IMAGES NOTEBOOK SET,C,Z,CZ,Ручная проверка: покупают вместе с A-товаром,нет,240.72,299.47,0.0,158,10,8,6,1.441,1.52,2578,68.11,99.02,нет,нет,нет,нет,да,C,2009-12-01,2011-06-01
22870,NUMBER TILE COTTAGE GARDEN 2,C,Y,CY,Оставить,нет,240.29,127.68,0.0,93,39,14,12,0.74,2.58,2579,68.14,99.02,нет,нет,нет,нет,нет,C,2010-10-01,2011-11-01
22137,BATHROOM SET LOVE HEART DESIGN,C,Z,CZ,Оставить: сезонный спрос,нет,237.98,1264.4,0.0,82,14,9,8,1.192,2.9,2580,68.16,99.03,нет,да,нет,нет,нет,B,2009-12-01,2011-08-01
47469,ASSORTED SHAPES PHOTO CLIP SILVER,C,Z,CZ,Кандидат на вывод: редкий хаотичный спрос,да,237.31,355.67,1.3,467,11,9,7,2.202,0.51,2581,68.19,99.03,нет,нет,нет,да,нет,C,2010-01-01,2011-11-01
20997,ROSE DU SUD CUSHION COVER,C,Z,CZ,Оставить,нет,236.96,539.13,20.65,54,30,4,8,1.281,4.39,2582,68.22,99.03,нет,нет,нет,нет,нет,C,2009-12-01,2011-11-01
23149,ANTIQUE IVORY WIRE BOWL SMALL,C,Z,CZ,Оставить,нет,236.51,0.0,0.0,93,20,16,7,1.793,2.54,2583,68.24,99.03,нет,нет,нет,нет,нет,не продавался,2011-05-01,2011-11-01
72131,COLUMBIAN CANDLE RECTANGLE,C,Z,CZ,Оставить,нет,236.4,424.68,0.0,136,18,14,9,2.414,1.74,2584,68.27,99.04,нет,нет,нет,да,нет,C,2009-12-01,2011-11-01
21360,JOY LARGE WOOD LETTERS,C,Z,CZ,Оставить,нет,236.17,2554.24,0.0,39,16,14,7,1.433,6.06,2585,68.3,99.04,нет,нет,нет,нет,нет,A,2009-12-01,2011-06-01
85230G,ORANGE VOTIVE CANDLE,C,Y,CY,Оставить,нет,236.16,168.72,6.96,960,23,19,11,0.686,0.25,2586,68.32,99.04,нет,нет,нет,нет,да,C,2009-12-01,2011-11-01
90200A,PURPLE SWEETHEART BRACELET,C,Y,CY,Оставить,нет,235.64,404.25,92.8,56,41,14,12,0.774,4.21,2587,68.35,99.04,нет,нет,нет,нет,да,C,2009-12-01,2011-11-01
22124,SET OF 2 TEA TOWELS PING MICROWAVE,C,Y,CY,Оставить,нет,235.29,445.77,70.87,91,64,9,11,0.658,2.59,2588,68.38,99.05,нет,нет,нет,нет,нет,C,2009-12-01,2011-11-01
85095,THREE CANVAS LUGGAGE TAGS,C,Z,CZ,Оставить,нет,235.23,15.6,8.26,148,46,9,11,1.218,1.59,2589,68.4,99.05,нет,нет,нет,нет,нет,C,2010-08-01,2011-11-01
85094,CANDY SPOT EGG WARMER RABBIT,C,Z,CZ,Оставить,нет,234.28,117.61,7.85,629,84,28,12,1.155,0.37,2590,68.43,99.05,нет,нет,нет,нет,нет,C,2009-12-01,2011-11-01
84857C,PINK MONTE CARLO HANDBAG,C,Z,CZ,Кандидат на вывод: редкий хаотичный спрос,да,232.33,212.7,0.0,98,10,8,6,2.402,2.37,2591,68.45,99.05,нет,нет,нет,нет,да,C,2010-06-01,2011-07-01
21265,PINK GOOSE FEATHER TREE 60CM,C,Z,CZ,Оставить,нет,232.11,428.43,35.1,113,16,13,8,1.272,2.05,2592,68.48,99.06,нет,нет,нет,нет,нет,C,2009-12-01,2011-11-01
21028,NINJA RABBIT BLACK,C,Y,CY,Оставить,нет,231.86,184.66,7.38,184,56,15,11,0.851,1.26,2593,68.51,99.06,нет,нет,нет,нет,нет,C,2009-12-01,2011-11-01
84712B,PINK JEWELLED PHOTO FRAME,C,Y,CY,Оставить,нет,231.56,535.6,0.0,30,20,9,10,0.841,7.72,2594,68.53,99.06,нет,нет,нет,нет,нет,C,2009-12-01,2011-11-01
23465,TUSCAN VILLA BIRD FEEDER,C,Z,CZ,Наблюдать: новый товар,нет,231.0,0.0,16.63,28,15,15,2,2.263,8.25,2595,68.56,99.06,да,нет,нет,нет,нет,не продавался,2011-10-01,2011-11-01
20696,FLORAL SOFT CAR TOY,C,Z,CZ,Оставить,нет,230.81,387.13,0.0,54,30,10,9,1.131,4.27,2596,68.59,99.07,нет,нет,нет,нет,нет,C,2009-12-01,2011-11-01
21973,SET OF 36 MUSHROOM PAPER DOILIES,C,Z,CZ,Оставить,нет,230.55,2170.63,0.0,159,30,25,11,1.23,1.45,2597,68.61,99.07,нет,нет,нет,нет,нет,B,2009-12-01,2011-11-01
22391,PAPERWEIGHT HOME SWEET HOME,C,Z,CZ,Оставить,нет,230.37,389.61,15.21,119,25,14,10,1.425,1.94,2598,68.64,99.07,нет,нет,нет,нет,нет,C,2010-03-01,2011-11-01
21379,CAMPHOR WOOD PORTOBELLO MUSHROOM,C,Y,CY,Оставить,нет,230.09,458.63,16.74,151,44,20,12,0.808,1.52,2599,68.67,99.07,нет,нет,нет,нет,нет,C,2009-12-01,2011-11-01
21161,KEEP OUT BOYS DOOR HANGER,C,Z,CZ,Оставить,нет,229.92,1529.92,0.0,143,43,25,7,1.3,1.61,2600,68.69,99.08,нет,нет,нет,нет,нет,B,2009-12-01,2011-06-01
85040B,SET/4 BLUE FLOWER CANDLES IN BOWL,C,Z,CZ,Вывести: продаж нет 6+ месяцев,да,229.47,3525.03,0.0,137,35,28,5,1.254,1.67,2601,68.72,99.08,нет,нет,да,нет,да,A,2009-12-01,2011-04-01
90143,SILVER BRACELET W PASTEL FLOWER,C,Y,CY,Оставить,нет,229.28,309.45,7.9,30,17,6,9,0.987,7.64,2602,68.75,99.08,нет,нет,нет,нет,нет,C,2009-12-01,2011-10-01
85200,BUNNY EGG BOX,C,Z,CZ,Вывести: продаж нет 6+ месяцев,да,228.75,1090.34,0.0,183,26,24,4,1.718,1.25,2603,68.77,99.08,нет,нет,да,нет,нет,B,2009-12-01,2011-04-01
20775,DAISY NOTEBOOK,C,Z,CZ,Оставить,нет,228.65,693.0,4.89,131,61,19,11,1.243,1.75,2604,68.8,99.09,нет,нет,нет,нет,нет,B,2009-12-01,2011-11-01
16216,LETTER SHAPE PENCIL SHARPENER,C,Z,CZ,Оставить,нет,227.4,120.04,6.6,3223,42,35,10,1.723,0.07,2605,68.82,99.09,нет,нет,нет,нет,нет,C,2009-12-01,2011-11-01
72800D,4 BLUE DINNER CANDLES SILVER FLOCK,C,Y,CY,Оставить,нет,226.67,790.99,0.0,87,31,20,12,0.774,2.61,2606,68.85,99.09,нет,нет,нет,нет,да,B,2009-12-01,2011-11-01
23003,TRAVEL CARD WALLET VINTAGE ROSE,C,Z,CZ,Оставить,нет,226.2,0.0,0.0,542,53,38,5,1.55,0.42,2607,68.88,99.09,нет,нет,нет,нет,нет,не продавался,2011-02-01,2011-06-01
21157,RED SPOTTY WASHBAG,C,Z,CZ,Оставить: сезонный спрос,нет,225.5,1391.45,0.0,78,34,12,8,1.314,2.89,2608,68.9,99.1,нет,да,нет,нет,нет,B,2009-12-01,2011-10-01
21025,SPACE FROG,C,Z,CZ,Оставить,нет,223.68,162.6,9.84,170,53,14,11,1.112,1.32,2609,68.93,99.1,нет,нет,нет,нет,нет,C,2009-12-01,2011-11-01
84218,BOX/12 CHICK & EGG IN BASKET,C,Z,CZ,Вывести: продаж нет 6+ месяцев,да,223.11,278.45,0.0,123,41,37,3,2.152,1.81,2610,68.96,99.1,нет,нет,да,нет,нет,C,2010-01-01,2011-03-01
90201D,GREEN ENAMEL FLOWER RING,C,Z,CZ,Оставить,нет,222.94,165.53,2.9,76,30,9,12,1.064,2.93,2611,68.98,99.1,нет,нет,нет,нет,да,C,2009-12-01,2011-11-01
23474,WOODLAND SMALL BLUE FELT HEART,C,Z,CZ,Наблюдать: новый товар,нет,222.94,0.0,48.02,258,32,23,2,2.78,0.86,2612,69.01,99.11,да,нет,нет,нет,нет,не продавался,2011-10-01,2011-11-01
21647,ASSORTED TUTTI FRUTTI LARGE PURSE,C,Z,CZ,Оставить,нет,222.6,1672.48,0.0,106,24,21,8,1.22,2.1,2613,69.04,99.11,нет,нет,нет,нет,нет,B,2009-12-01,2011-11-01
72800C,4 PINK DINNER CANDLE SILVER FLOCK,C,Z,CZ,Оставить,нет,221.01,665.12,38.71,81,30,21,10,1.178,2.73,2614,69.06,99.11,нет,нет,нет,нет,да,C,2009-12-01,2011-11-01
22394,PAPERWEIGHT KINGS CHOICE,C,Z,CZ,Оставить,нет,220.93,298.31,9.75,143,20,13,10,1.495,1.54,2615,69.09,99.11,нет,нет,нет,нет,нет,C,2010-04-01,2011-11-01
35967,FOLK ART METAL STAR T-LIGHT HOLDER,C,Z,CZ,Оставить: сезонный спрос,нет,219.19,236.18,33.14,439,59,22,9,1.168,0.5,2616,69.11,99.12,нет,да,нет,нет,нет,C,2009-12-01,2011-11-01
90058B,CRYSTAL STUD EARRINGS ASSORTED COL,C,Z,CZ,Оставить,нет,218.88,276.52,13.68,576,14,14,5,1.63,0.38,2617,69.14,99.12,нет,нет,нет,нет,да,C,2009-12-01,2011-11-01
35914,PINK CHICK EGG WARMER + EGG CUP,C,Z,CZ,Оставить,нет,218.81,117.77,0.0,195,40,16,6,1.777,1.12,2618,69.17,99.12,нет,нет,нет,нет,нет,C,2009-12-01,2011-10-01
90010E,AMBER GLASS/SILVER BRACELET,C,Y,CY,Оставить,нет,218.74,237.96,9.15,24,15,7,8,0.935,9.11,2619,69.19,99.12,нет,нет,нет,нет,да,C,2009-12-01,2011-11-01
75178,ASSTD COL BUTTERFLY/CRYSTAL W/CHIME,C,Z,CZ,Кандидат на вывод: редкий хаотичный спрос,да,217.62,55.06,1.25,458,12,5,7,1.648,0.48,2620,69.22,99.12,нет,нет,нет,да,нет,C,2010-02-01,2011-10-01
20847,ZINC HEART LATTICE CHARGER LARGE,C,Y,CY,Оставить: сезонный спрос,нет,217.58,116.77,0.0,52,18,12,11,0.958,4.18,2621,69.25,99.13,нет,да,нет,нет,нет,C,2009-12-01,2011-11-01
84876D,BLUE HEART COMPACT MIRROR,C,Z,CZ,Оставить,нет,217.5,338.02,0.0,128,16,12,8,1.373,1.7,2622,69.27,99.13,нет,нет,нет,нет,да,C,2009-12-01,2011-09-01
23036,T-LIGHT HOLDER SILVER PETIT FOUR,C,Z,CZ,Наблюдать: новый товар,нет,217.42,0.0,15.0,172,15,13,6,1.391,1.26,2623,69.3,99.13,да,нет,нет,нет,нет,не продавался,2011-06-01,2011-11-01
20868,SILVER FABRIC MIRROR,C,Z,CZ,Оставить,нет,216.62,298.72,2.73,451,42,25,10,1.981,0.48,2624,69.33,99.13,нет,нет,нет,нет,нет,C,2009-12-01,2011-11-01
21657,MILK BOTTLE WITH GLASS STOPPER,C,Z,CZ,Вывести: продаж нет 6+ месяцев,да,216.51,1709.17,0.0,29,16,11,3,2.009,7.47,2625,69.35,99.14,нет,нет,да,нет,нет,B,2009-12-01,2011-02-01
21364,PEACE SMALL WOOD LETTERS,C,Y,CY,Оставить,нет,216.21,3184.76,0.0,29,23,18,10,0.977,7.46,2626,69.38,99.14,нет,нет,нет,нет,нет,A,2009-12-01,2011-10-01
21132,SILVER STANDING GNOME,C,Y,CY,Оставить,нет,214.86,259.25,2.5,42,20,12,10,0.733,5.12,2627,69.41,99.14,нет,нет,нет,нет,нет,C,2009-12-01,2011-11-01
21316,SMALL CHUNKY GLASS ROMAN  BOWL,C,Z,CZ,Вывести: продаж нет 6+ месяцев,да,214.73,931.38,0.0,159,15,9,5,2.698,1.35,2628,69.43,99.14,нет,нет,да,нет,нет,B,2009-12-01,2011-04-01
90201B,BLACK ENAMEL FLOWER RING,C,Z,CZ,Оставить,нет,214.6,183.71,2.9,73,20,8,11,1.091,2.94,2629,69.46,99.15,нет,нет,нет,нет,да,C,2009-12-01,2011-11-01
20659,ECONOMY LUGGAGE TAG,C,Y,CY,Оставить,нет,213.61,286.67,33.23,144,58,17,11,0.562,1.48,2630,69.48,99.15,нет,нет,нет,нет,нет,C,2009-12-01,2011-11-01
21520,BOOZE & WOMEN GREETING CARD,C,Y,CY,Оставить: сезонный спрос,нет,213.36,197.44,0.83,503,57,29,12,0.691,0.42,2631,69.51,99.15,нет,да,нет,нет,нет,C,2009-12-01,2011-11-01
84711A,SILVER OVAL SHAPE TRINKET BOX,C,Z,CZ,Оставить,нет,211.85,169.15,9.95,24,16,6,9,1.155,8.83,2632,69.54,99.15,нет,нет,нет,нет,да,C,2009-12-01,2011-11-01
23695,DOILY THANK YOU CARD,C,Z,CZ,Наблюдать: новый товар,нет,211.78,0.0,101.46,495,40,29,1,3.317,0.43,2633,69.56,99.15,да,нет,нет,нет,нет,не продавался,2011-11-01,2011-11-01
90200C,BLUE SWEETHEART BRACELET,C,Z,CZ,Вывести: продаж нет 6+ месяцев,да,211.43,650.45,0.0,50,26,6,4,1.964,4.23,2634,69.59,99.16,нет,нет,да,нет,да,C,2009-12-01,2011-03-01
23475,WOODLAND SMALL PINK FELT HEART,C,Z,CZ,Наблюдать: новый товар,нет,210.64,0.0,31.54,248,28,23,2,2.971,0.85,2635,69.62,99.16,да,нет,нет,нет,нет,не продавался,2011-10-01,2011-11-01
72127,COLUMBIAN CANDLE ROUND,C,Z,CZ,Оставить,нет,210.61,235.33,0.0,169,30,25,10,1.395,1.25,2636,69.64,99.16,нет,нет,нет,нет,нет,C,2009-12-01,2011-11-01
84877B,GREEN ROUND COMPACT MIRROR,C,Z,CZ,Оставить,нет,210.56,293.87,0.0,144,21,8,8,1.474,1.46,2637,69.67,99.16,нет,нет,нет,нет,да,C,2009-12-01,2011-11-01
90160B,RED BOUDICCA LARGE BRACELET,C,Z,CZ,Ручная проверка: покупают вместе с A-товаром,нет,209.73,281.19,0.0,30,12,7,8,1.089,6.99,2638,69.7,99.17,нет,нет,нет,нет,да,C,2009-12-01,2011-11-01
90158,ST TROPEZ NECKLACE,C,Y,CY,Оставить,нет,209.18,162.2,14.94,42,32,6,11,0.922,4.98,2639,69.72,99.17,нет,нет,нет,нет,нет,C,2009-12-01,2011-11-01
22031,BOTANICAL LAVENDER BIRTHDAY CARD,C,Y,CY,Оставить,нет,208.81,268.4,11.74,466,75,25,12,0.728,0.45,2640,69.75,99.17,нет,нет,нет,нет,нет,C,2009-12-01,2011-11-01
22882,NUMBER TILE VINTAGE FONT 3,C,Z,CZ,Оставить,нет,207.85,41.38,3.9,105,39,11,12,1.097,1.98,2641,69.78,99.17,нет,нет,нет,нет,нет,C,2010-10-01,2011-11-01
21750,LARGE SKULL WINDMILL,C,Z,CZ,Оставить,нет,207.51,456.34,0.0,90,24,15,9,1.166,2.31,2642,69.8,99.17,нет,нет,нет,нет,нет,C,2009-12-01,2011-11-01
21456,2 PICTURE BOOK EGGS EASTER CHICKS,C,Z,CZ,Оставить,нет,207.22,553.83,15.0,159,24,16,5,1.917,1.3,2643,69.83,99.18,нет,нет,нет,нет,нет,C,2009-12-01,2011-08-01
22410,MONEY BOX HOUSEKEEPING DESIGN,C,Y,CY,Оставить,нет,207.16,1405.04,40.26,155,49,29,12,0.832,1.34,2644,69.85,99.18,нет,нет,нет,нет,нет,B,2010-03-01,2011-11-01
22878,NUMBER TILE COTTAGE GARDEN No,C,Y,CY,Оставить,нет,204.19,123.97,0.0,75,33,10,12,0.673,2.72,2645,69.88,99.18,нет,нет,нет,нет,нет,C,2010-10-01,2011-11-01
16048,TEATIME ROUND PENCIL SHARPENER,C,Y,CY,Оставить,нет,203.64,331.76,1.66,1458,65,41,12,0.732,0.14,2646,69.91,99.18,нет,нет,нет,нет,нет,C,2009-12-01,2011-11-01
84926A,WAKE UP COCKEREL TILE COASTER,C,Z,CZ,Оставить,нет,203.56,82.56,6.96,580,34,23,10,1.348,0.35,2647,69.93,99.19,нет,нет,нет,нет,да,C,2010-03-01,2011-11-01
21377,SMALL CAMPHOR WOOD FIELD  MUSHROOM,C,X,CX,Оставить,нет,203.03,492.08,12.65,96,37,15,12,0.399,2.11,2648,69.96,99.19,нет,нет,нет,нет,нет,C,2009-12-01,2011-11-01
20781,GOLD EAR MUFF HEADPHONES,C,Z,CZ,Оставить,нет,202.87,356.69,9.39,32,22,17,10,1.284,6.34,2649,69.99,99.19,нет,нет,нет,нет,нет,C,2009-12-01,2011-11-01
90120C,GREEN MURANO TWIST BRACELET,C,Z,CZ,Оставить,нет,202.75,247.12,12.45,48,19,6,9,1.046,4.22,2650,70.01,99.19,нет,нет,нет,нет,да,C,2009-12-01,2011-11-01
20763,DAISY SKETCHBOOK,C,Z,CZ,Оставить,нет,201.29,482.82,3.75,72,26,23,11,1.157,2.8,2651,70.04,99.19,нет,нет,нет,нет,нет,C,2009-12-01,2011-11-01
90175A,WHITE GLASS CHUNKY CHARM BRACELET,C,Y,CY,Оставить,нет,199.88,647.22,45.75,22,21,6,10,0.858,9.09,2652,70.07,99.2,нет,нет,нет,нет,да,C,2009-12-01,2011-11-01
20769,DAISY JOURNAL,C,Y,CY,Оставить,нет,199.71,591.25,17.85,73,32,20,9,0.866,2.74,2653,70.09,99.2,нет,нет,нет,нет,нет,C,2009-12-01,2011-11-01
84688,BEACH HUT DESIGN BLACKBOARD,C,Z,CZ,Вывести: продаж нет 6+ месяцев,да,198.82,1036.85,0.0,40,14,6,5,1.371,4.97,2654,70.12,99.2,нет,нет,да,нет,нет,B,2009-12-01,2011-05-01
44235,ASS COL CIRCLE MOBILE,C,Z,CZ,Оставить: сезонный спрос,нет,198.78,103.8,1.26,535,11,9,9,2.637,0.37,2655,70.15,99.2,нет,да,нет,да,нет,C,2010-01-01,2011-11-01
21651,HANGING GLASS ETCHED TEALIGHT,C,Z,CZ,Вывести: продаж нет 6+ месяцев,да,198.57,2001.79,0.0,127,11,9,3,3.01,1.56,2656,70.17,99.21,нет,нет,да,нет,нет,B,2009-12-01,2011-02-01
22541,MINI JIGSAW LEAP FROG,C,Z,CZ,Оставить,нет,198.06,301.97,3.89,496,30,18,12,1.562,0.4,2657,70.2,99.21,нет,нет,нет,нет,нет,C,2010-03-01,2011-11-01
90014A,SILVER/MOP ORBIT NECKLACE,C,Y,CY,Оставить,нет,196.79,284.42,20.8,25,19,8,11,0.886,7.87,2658,70.22,99.21,нет,нет,нет,нет,да,C,2009-12-01,2011-11-01
90201A,PURPLE ENAMEL FLOWER RING,C,Z,CZ,Оставить,нет,196.71,180.33,5.8,67,27,11,10,1.261,2.94,2659,70.25,99.21,нет,нет,нет,нет,да,C,2009-12-01,2011-11-01
22880,NUMBER TILE VINTAGE FONT 1,C,Z,CZ,Оставить,нет,196.69,33.58,0.0,97,32,8,12,1.166,2.03,2660,70.28,99.21,нет,нет,нет,нет,нет,C,2010-10-01,2011-11-01
22044,CHRISTMAS CARD STACK OF PRESENTS,C,Z,CZ,Оставить: сезонный спрос,нет,196.44,348.38,0.0,816,36,35,6,1.804,0.24,2661,70.3,99.22,нет,да,нет,нет,нет,C,2009-12-01,2011-11-01
71143,SILVER BOOK MARK WITH BEADS,C,Z,CZ,Оставить,нет,196.36,318.09,0.0,178,37,1,7,1.896,1.1,2662,70.33,99.22,нет,нет,нет,нет,нет,C,2009-12-01,2011-07-01
85230A,OPIUM SCENTED VOTIVE CANDLE,C,Y,CY,Оставить,нет,196.32,293.76,6.96,816,17,13,8,0.932,0.24,2663,70.36,99.22,нет,нет,нет,нет,да,C,2009-12-01,2011-11-01
84875B,GREEN SQUARE COMPACT MIRROR,C,Z,CZ,Оставить,нет,196.05,307.5,7.46,130,19,14,8,1.339,1.51,2664,70.38,99.22,нет,нет,нет,нет,да,C,2010-04-01,2011-11-01
47594A,CAROUSEL DESIGN WASHBAG,C,Z,CZ,Оставить,нет,195.94,469.02,0.0,106,48,24,9,1.683,1.85,2665,70.41,99.22,нет,нет,нет,нет,да,C,2009-12-01,2011-11-01
90206C,CRYSTAL DIAMANTE STAR BROOCH,C,Y,CY,Оставить: сезонный спрос,нет,194.85,177.88,29.88,39,27,6,10,0.825,5.0,2666,70.44,99.23,нет,да,нет,нет,да,C,2009-12-01,2011-11-01
84051,ASS COLOUR GLOWING TIARAS,C,Z,CZ,Оставить,нет,194.81,392.77,20.4,257,22,21,10,1.685,0.76,2667,70.46,99.23,нет,нет,нет,нет,нет,C,2009-12-01,2011-11-01
22263,FELT EGG COSY LADYBIRD,C,Z,CZ,Оставить,нет,194.34,431.41,1.63,325,50,14,11,1.66,0.6,2668,70.49,99.23,нет,нет,нет,нет,нет,C,2009-12-01,2011-11-01
90192,JADE DROP EARRINGS W FILIGREE,C,Y,CY,Оставить,нет,194.22,260.08,14.88,39,23,4,10,0.744,4.98,2669,70.52,99.23,нет,нет,нет,нет,нет,C,2009-12-01,2011-11-01
22884,NUMBER TILE VINTAGE FONT 5,C,Z,CZ,Оставить,нет,194.05,23.21,0.0,99,36,12,12,1.117,1.96,2670,70.54,99.23,нет,нет,нет,нет,нет,C,2010-10-01,2011-11-01
21726,MULTI HEARTS  STICKERS,C,Z,CZ,Оставить,нет,193.64,724.6,11.05,224,40,27,11,1.286,0.86,2671,70.57,99.24,нет,нет,нет,нет,нет,B,2009-12-01,2011-11-01
22289,"DECORATION , HANGING METAL CHICKEN",C,Z,CZ,Оставить,нет,193.52,623.96,0.0,148,34,19,9,2.141,1.31,2672,70.59,99.24,нет,нет,нет,нет,нет,C,2009-12-01,2011-11-01
22881,NUMBER TILE VINTAGE FONT 2,C,Z,CZ,Оставить,нет,193.43,21.26,4.13,101,33,9,12,1.081,1.92,2673,70.62,99.24,нет,нет,нет,нет,нет,C,2010-10-01,2011-11-01
84910A,PINK PAISLEY CUSHION COVER,C,Z,CZ,Оставить,нет,192.14,1038.25,0.0,26,17,6,5,1.494,7.39,2674,70.65,99.24,нет,нет,нет,нет,нет,B,2009-12-01,2011-07-01
90019A,SILVER M.O.P ORBIT BRACELET,C,Y,CY,Оставить: сезонный спрос,нет,191.69,157.5,5.4,37,26,8,11,0.706,5.18,2675,70.67,99.24,нет,да,нет,нет,да,C,2009-12-01,2011-11-01
85045,GREEN CHRISTMAS TREE STRING 20LIGHT,C,Z,CZ,Кандидат на вывод: редкий хаотичный спрос,да,191.1,2028.44,0.0,42,11,9,6,2.174,4.55,2676,70.7,99.25,нет,нет,нет,да,нет,B,2009-12-01,2011-11-01
20617,FIRST CLASS PASSPORT COVER,C,Y,CY,Оставить,нет,190.81,798.05,4.13,92,42,20,11,0.572,2.07,2677,70.73,99.25,нет,нет,нет,нет,нет,B,2009-12-01,2011-11-01
90184C,BLACK CHUNKY BEAD BRACELET W STRAP,C,Y,CY,Оставить,нет,190.52,461.37,9.15,21,17,7,9,0.812,9.07,2678,70.75,99.25,нет,нет,нет,нет,да,C,2009-12-01,2011-11-01
21376,LARGE  TALL CAMPHOR WOOD TOADSTOOL,C,Y,CY,Оставить,нет,190.31,657.1,2.5,31,16,12,10,0.715,6.14,2679,70.78,99.25,нет,нет,нет,нет,нет,C,2009-12-01,2011-11-01
21306,SET/4 DAISY MIRROR MAGNETS,C,Z,CZ,Оставить,нет,189.77,147.96,0.87,490,41,33,9,1.132,0.39,2680,70.81,99.25,нет,нет,нет,нет,нет,C,2009-12-01,2011-11-01
21378,SMALL TALL CAMPHOR WOOD TOADSTOOL,C,Y,CY,Оставить,нет,189.74,511.08,28.15,107,27,19,11,0.719,1.77,2681,70.83,99.26,нет,нет,нет,нет,нет,C,2009-12-01,2011-11-01
84926F,PSYCHEDELIC TILE COASTER,C,Z,CZ,Оставить,нет,189.72,82.68,5.5,426,26,17,9,1.074,0.45,2682,70.86,99.26,нет,нет,нет,нет,да,C,2009-12-01,2011-11-01
22038,BOTANICAL LAVENDER GIFT WRAP,C,Y,CY,Оставить,нет,189.0,281.5,10.5,450,18,18,8,0.882,0.42,2683,70.89,99.26,нет,нет,нет,нет,нет,C,2009-12-01,2011-11-01
21807,WHITE CHRISTMAS STAR DECORATION,C,Z,CZ,Оставить,нет,189.0,1233.03,0.0,438,30,24,7,1.804,0.43,2684,70.91,99.26,нет,нет,нет,нет,нет,B,2009-12-01,2011-11-01
16156L,"WRAP, CAROUSEL",C,Y,CY,Оставить,нет,189.0,199.5,10.5,450,17,16,9,0.745,0.42,2685,70.94,99.27,нет,нет,нет,нет,да,C,2010-01-01,2011-11-01
21027,NINJA RABBIT PINK,C,Y,CY,Оставить,нет,187.79,245.82,0.0,167,42,16,12,0.901,1.12,2686,70.96,99.27,нет,нет,нет,нет,нет,C,2009-12-01,2011-11-01
20694,FLORAL PINK MONSTER,C,Z,CZ,Оставить,нет,187.54,434.79,0.0,43,16,9,9,1.181,4.36,2687,70.99,99.27,нет,нет,нет,нет,нет,C,2009-12-01,2011-11-01
20654,FIRST CLASS LUGGAGE TAG,C,Y,CY,Оставить,нет,187.42,311.82,6.17,149,46,21,12,0.596,1.26,2688,71.02,99.27,нет,нет,нет,нет,нет,C,2009-12-01,2011-11-01
84535A,ENGLISH ROSE NOTEBOOK A6 SIZE,C,Z,CZ,Вывести: продаж нет 6+ месяцев,да,186.56,160.37,0.0,399,21,19,3,3.095,0.47,2689,71.04,99.27,нет,нет,да,да,да,C,2009-12-01,2011-05-01
21367,MIRRORED WALL ART GENTS,C,Z,CZ,Оставить,нет,185.53,78.99,13.96,158,41,28,10,1.116,1.17,2690,71.07,99.28,нет,нет,нет,нет,нет,C,2009-12-01,2011-11-01
21826,EIGHT PIECE DINOSAUR SET,C,Z,CZ,Вывести: продаж нет 6+ месяцев,да,185.18,2124.19,0.0,125,35,16,4,1.83,1.48,2691,71.1,99.28,нет,нет,да,нет,нет,B,2009-12-01,2011-03-01
22395,PAPERWEIGHT VINTAGE PAISLEY,C,Y,CY,Оставить,нет,184.27,193.72,35.77,72,25,8,10,0.945,2.56,2692,71.12,99.28,нет,нет,нет,нет,нет,C,2010-04-01,2011-11-01
85055,FRENCH ENAMEL UTENSIL HOLDER,C,Z,CZ,Вывести: продаж нет 6+ месяцев,да,183.71,1259.23,0.0,45,16,9,2,2.38,4.08,2693,71.15,99.28,нет,нет,да,нет,нет,B,2009-12-01,2011-01-01
21402,RED  EGG  SPOON,C,Y,CY,Оставить,нет,183.42,147.9,2.1,1364,88,54,12,0.711,0.13,2694,71.18,99.28,нет,нет,нет,нет,нет,C,2009-12-01,2011-11-01
21911,GARDEN METAL SIGN,C,Z,CZ,Вывести: продаж нет 6+ месяцев,да,183.41,3857.84,0.0,102,28,18,5,1.525,1.8,2695,71.2,99.28,нет,нет,да,нет,нет,A,2009-12-01,2011-04-01
47471,RAINBOW PEGS PHOTO CLIP STRING,C,Z,CZ,Оставить,нет,182.74,105.84,7.14,284,36,18,11,1.503,0.64,2696,71.23,99.29,нет,нет,нет,да,нет,C,2009-12-01,2011-11-01
22032,BOTANICAL LILY GREETING CARD,C,Y,CY,Оставить,нет,181.98,236.14,0.0,427,60,28,11,0.514,0.43,2697,71.25,99.29,нет,нет,нет,нет,нет,C,2009-12-01,2011-11-01
84707B,PINK JEWELLED MIRROR TRINKET TRAY,C,Z,CZ,Оставить,нет,181.3,368.17,29.25,19,15,10,6,1.375,9.54,2698,71.28,99.29,нет,нет,нет,нет,да,C,2009-12-01,2011-10-01
22883,NUMBER TILE VINTAGE FONT 4,C,Z,CZ,Оставить,нет,181.27,21.57,8.26,97,29,8,11,1.147,1.87,2699,71.31,99.29,нет,нет,нет,нет,нет,C,2010-10-01,2011-11-01
84907,PINK YELLOW PATCH CUSHION COVER,C,Z,CZ,Оставить,нет,180.93,787.64,0.0,29,23,3,8,1.164,6.24,2700,71.33,99.29,нет,нет,нет,нет,нет,B,2009-12-01,2011-09-01
90018A,SILVER M.O.P ORBIT DROP EARRINGS,C,Y,CY,Оставить,нет,180.88,123.66,12.45,43,34,8,10,0.725,4.21,2701,71.36,99.3,нет,нет,нет,нет,да,C,2009-12-01,2011-11-01
21311,SET/4 BIRD MIRROR MAGNETS,C,Z,CZ,Оставить,нет,180.75,358.34,0.58,457,50,39,10,1.681,0.4,2702,71.39,99.3,нет,нет,нет,нет,нет,C,2009-12-01,2011-11-01
85215,ASSORTED CHEESE FRIDGE MAGNETS,C,Z,CZ,Оставить,нет,180.71,463.18,0.0,223,18,8,8,1.224,0.81,2703,71.41,99.3,нет,нет,нет,нет,нет,C,2009-12-01,2011-08-01
22157,ANGEL DECORATION WITH LACE PADDED,C,Z,CZ,Оставить,нет,180.2,1189.6,0.0,212,11,11,2,2.321,0.85,2704,71.44,99.3,нет,нет,нет,нет,нет,B,2009-12-01,2011-08-01
40003,WHITE BAMBOO RIBS LAMPSHADE,C,Z,CZ,Оставить,нет,179.23,1075.29,0.0,155,15,10,7,2.005,1.16,2705,71.47,99.3,нет,нет,нет,да,нет,B,2009-12-01,2011-06-01
21847,GREEN  DIAMANTE PEN IN GIFT BOX,C,Z,CZ,Оставить,нет,178.89,496.48,0.0,76,33,5,9,2.245,2.35,2706,71.49,99.31,нет,нет,нет,нет,нет,C,2009-12-01,2011-11-01
85131C,BEADED CRYSTAL HEART BLUE ON STICK,C,Y,CY,Оставить,нет,178.85,141.3,0.0,193,50,5,12,0.677,0.93,2707,71.52,99.31,нет,нет,нет,нет,да,C,2010-01-01,2011-11-01
47578A,ENGLISH ROSE SMALL SCENTED FLOWER,C,Z,CZ,Оставить,нет,178.8,82.45,18.63,192,42,24,12,1.043,0.93,2708,71.55,99.31,нет,нет,нет,нет,нет,C,2009-12-01,2011-11-01
84859C,PINK DISCO HANDBAG,C,Z,CZ,Оставить,нет,178.57,372.2,1.95,83,21,16,7,1.322,2.15,2709,71.57,99.31,нет,нет,нет,нет,да,C,2009-12-01,2011-11-01
21721,CANDY SHOP  STICKER SHEET,C,Z,CZ,Оставить,нет,177.83,809.34,1.63,194,32,19,9,1.277,0.92,2710,71.6,99.31,нет,нет,нет,нет,нет,B,2009-12-01,2011-10-01
23143,ZINC WIRE KITCHEN ORGANISER,C,Z,CZ,Ручная проверка: покупают вместе с A-товаром,нет,176.77,0.0,63.2,14,10,6,4,1.519,12.63,2711,71.62,99.32,нет,нет,нет,нет,нет,не продавался,2011-05-01,2011-11-01
84711B,PINK OVAL SHAPE TRINKET BOX,C,Z,CZ,Кандидат на вывод: редкий хаотичный спрос,да,176.69,171.07,9.95,19,12,6,8,1.077,9.3,2712,71.65,99.32,нет,нет,нет,нет,да,C,2009-12-01,2011-11-01
84429A,MEDIUM PINK BUDDHA HEAD,C,Y,CY,Оставить,нет,176.6,189.28,5.9,52,20,13,11,0.994,3.4,2713,71.68,99.32,нет,нет,нет,нет,нет,C,2009-12-01,2011-11-01
21319,GLASS CHALICE GREEN  SMALL,C,Z,CZ,Вывести: продаж нет 6+ месяцев,да,175.78,515.63,0.0,161,19,12,5,1.812,1.09,2714,71.7,99.32,нет,нет,да,нет,нет,C,2009-12-01,2011-04-01
85211,S/4 GROOVY CAT MAGNETS,C,Z,CZ,Оставить,нет,175.16,287.29,0.0,149,24,15,9,1.879,1.18,2715,71.73,99.32,нет,нет,нет,нет,нет,C,2009-12-01,2011-10-01
84927F,PSYCHEDELIC TILE HOOK,C,Z,CZ,Оставить,нет,175.15,90.37,7.8,279,41,33,10,1.42,0.63,2716,71.76,99.33,нет,нет,нет,нет,да,C,2009-12-01,2011-11-01
84691,PACK 20 DOLLY PEGS,C,Z,CZ,Вывести: продаж нет 6+ месяцев,да,174.5,2051.0,0.0,242,4,2,4,1.713,0.72,2717,71.78,99.33,нет,нет,да,да,нет,B,2009-12-01,2011-05-01
84800M,MEDIUM WHITE/PINK ROSE ART FLOWER,C,Z,CZ,Оставить,нет,174.31,182.91,0.0,127,11,11,6,1.434,1.37,2718,71.81,99.33,нет,нет,нет,нет,да,C,2010-01-01,2011-08-01
21418,STARFISH SOAP DISH,C,Z,CZ,Оставить,нет,173.95,336.44,15.8,54,22,8,10,1.167,3.22,2719,71.84,99.33,нет,нет,нет,нет,нет,C,2009-12-01,2011-10-01
84685,BEACH HUT KEY CABINET,C,Z,CZ,Вывести: продаж нет 6+ месяцев,да,173.58,1181.34,0.0,33,20,6,4,1.68,5.26,2720,71.86,99.33,нет,нет,да,нет,нет,B,2009-12-01,2011-05-01
84905,PINK BUTTERFLY CUSHION COVER,C,Z,CZ,Оставить,нет,173.48,834.43,0.0,35,20,2,4,1.555,4.96,2721,71.89,99.33,нет,нет,нет,нет,нет,B,2009-12-01,2011-06-01
78033,FLAG OF ST GEORGE CHAIR,C,Z,CZ,Кандидат на вывод: редкий хаотичный спрос,да,173.4,185.3,0.0,36,7,5,5,1.627,4.82,2722,71.92,99.34,нет,нет,нет,да,нет,C,2010-01-01,2011-09-01
90030B,RED KUKUI COCONUT SEED NECKLACE,C,Z,CZ,Оставить,нет,172.91,101.35,17.82,109,22,11,9,1.211,1.59,2723,71.94,99.34,нет,нет,нет,нет,да,C,2009-12-01,2011-11-01
21190,PINK HEARTS PAPER GARLAND,C,Z,CZ,Кандидат на вывод: редкий хаотичный спрос,да,172.7,1092.39,0.0,118,6,6,3,3.135,1.46,2724,71.97,99.34,нет,нет,нет,да,нет,B,2009-12-01,2011-11-01
84509E,SET OF 4 CAROUSEL PLACEMATS,C,Z,CZ,Оставить,нет,172.39,155.15,11.06,77,21,5,8,1.436,2.24,2725,71.99,99.34,нет,нет,нет,нет,да,C,2010-01-01,2011-10-01
82011C,BATHROOM SCALES FOOTPRINTS IN SAND,C,Z,CZ,Оставить,нет,172.05,423.13,0.0,51,20,17,8,1.185,3.37,2726,72.02,99.34,нет,нет,нет,нет,да,C,2009-12-01,2011-11-01
84993A,75 GREEN PETIT FOUR CASES,C,Y,CY,Оставить,нет,172.0,505.07,14.25,344,68,27,12,0.63,0.5,2727,72.05,99.35,нет,нет,нет,нет,да,C,2009-12-01,2011-11-01
84963A,PINK PAINTED KASHMIRI CHAIR,C,Z,CZ,Вывести: продаж нет 6+ месяцев,да,171.8,591.55,0.0,4,1,1,1,3.317,42.95,2728,72.07,99.35,нет,нет,да,да,да,C,2010-02-01,2010-12-01
47481,50CM METAL STRING WITH  7 CLIPS,C,Z,CZ,Оставить,нет,171.79,93.61,0.0,225,23,15,11,2.25,0.76,2729,72.1,99.35,нет,нет,нет,да,нет,C,2009-12-01,2011-11-01
62086A,PINK RETRO BIG FLOWER BAG,C,Z,CZ,Оставить,нет,171.6,48.75,0.0,88,14,13,6,1.422,1.95,2730,72.13,99.35,нет,нет,нет,нет,нет,C,2010-03-01,2011-06-01
23430,BLUE RETRO KITCHEN WALL CLOCK,C,Z,CZ,Наблюдать: новый товар,нет,171.15,0.0,130.73,21,11,11,1,3.317,8.15,2731,72.15,99.35,да,нет,нет,нет,нет,не продавался,2011-11-01,2011-11-01
85146,JARDIN ETCHED GLASS SMALL BELL JAR,C,Z,CZ,Вывести: продаж нет 6+ месяцев,да,171.11,428.27,0.0,45,9,8,5,1.861,3.8,2732,72.18,99.35,нет,нет,да,нет,нет,C,2010-03-01,2011-04-01
84804A,CREAM DELPHINIUM ARTIFICIAL FLOWER,C,Z,CZ,Кандидат на вывод: редкий хаотичный спрос,да,171.1,215.8,9.48,58,7,7,6,1.46,2.95,2733,72.21,99.36,нет,нет,нет,нет,да,C,2010-01-01,2011-09-01
21196,ROUND WHITE CONFETTI IN TUBE,C,Z,CZ,Ручная проверка: покупают вместе с A-товаром,нет,169.88,117.21,19.8,96,12,8,8,1.334,1.77,2734,72.23,99.36,нет,нет,нет,нет,нет,C,2010-02-01,2011-10-01
21763,VINTAGE WOODEN BAR STOOL,C,Z,CZ,Кандидат на вывод: редкий хаотичный спрос,да,169.75,958.2,0.0,6,4,4,3,1.915,28.29,2735,72.26,99.36,нет,нет,нет,нет,нет,B,2010-01-01,2011-07-01
22872,NUMBER TILE COTTAGE GARDEN 4,C,Z,CZ,Оставить,нет,169.2,133.84,8.26,70,28,13,11,1.122,2.42,2736,72.29,99.36,нет,нет,нет,нет,нет,C,2010-10-01,2011-11-01
21333,CLASSIC WHITE FRAME,C,Z,CZ,Вывести: продаж нет 6+ месяцев,да,168.16,3023.93,0.0,56,16,15,5,1.688,3.0,2737,72.31,99.36,нет,нет,да,нет,нет,A,2009-12-01,2011-04-01
90016B,GOLD/M.O.P PENDANT ORBIT NECKLACE,C,Y,CY,Оставить,нет,168.02,127.48,16.64,20,17,6,9,0.86,8.4,2738,72.34,99.37,нет,нет,нет,нет,да,C,2009-12-01,2011-11-01
90082A,DIAMANTE BOW BROOCH GREEN COLOUR,C,Z,CZ,Оставить,нет,167.2,160.51,26.0,26,15,6,10,1.08,6.43,2739,72.36,99.37,нет,нет,нет,нет,да,C,2009-12-01,2011-11-01
85129B,BEADED CRYSTAL HEART GREEN SMALL,C,Z,CZ,Оставить,нет,166.13,146.52,2.46,118,30,10,11,1.287,1.41,2740,72.39,99.37,нет,нет,нет,нет,да,C,2009-12-01,2011-11-01
21457,2 PICTURE BOOK EGGS EASTER DUCKS,C,Z,CZ,Оставить,нет,165.89,550.11,0.0,124,25,15,5,1.467,1.34,2741,72.42,99.37,нет,нет,нет,нет,нет,C,2009-12-01,2011-11-01
21280,VINTAGE KITCHEN PRINT VEGETABLES,C,Y,CY,Оставить,нет,165.75,1322.69,0.0,65,12,12,8,0.99,2.55,2742,72.44,99.37,нет,нет,нет,нет,нет,B,2009-12-01,2011-11-01
21331,MOROCCAN BEATEN METAL DISH LARGE,C,Z,CZ,Кандидат на вывод: редкий хаотичный спрос,да,165.74,768.19,0.0,12,8,7,6,1.291,13.81,2743,72.47,99.37,нет,нет,нет,нет,нет,B,2009-12-01,2011-11-01
72225C,LAVENDER SCENT CAKE CANDLE,C,Y,CY,Оставить,нет,165.6,286.86,0.0,624,17,12,10,0.9,0.27,2744,72.5,99.38,нет,нет,нет,нет,нет,C,2009-12-01,2011-11-01
90119,METALIC LEAVES BAG CHARMS,C,Z,CZ,Оставить,нет,165.16,38.01,39.9,67,33,2,9,1.272,2.47,2745,72.52,99.38,нет,нет,нет,да,нет,C,2010-06-01,2011-11-01
90197B,BLACK GLASS BRACELET W HEART CHARMS,C,Z,CZ,Оставить,нет,164.8,147.79,9.93,33,25,1,10,1.019,4.99,2746,72.55,99.38,нет,нет,нет,нет,нет,C,2009-12-01,2011-11-01
85179C,PINK BITTY LIGHT CHAIN,C,Z,CZ,Оставить,нет,164.17,55.84,37.14,85,30,6,5,2.011,1.93,2747,72.58,99.38,нет,нет,нет,нет,да,C,2009-12-01,2011-11-01
35810B,ENAMEL BLUE RIM COFFEE CONTAINER,C,Z,CZ,Оставить,нет,164.13,343.62,0.0,140,25,17,8,1.479,1.17,2748,72.6,99.38,нет,нет,нет,нет,да,C,2009-12-01,2011-11-01
85145,JARDIN ETCHED GLASS LARGE BELL JAR,C,Z,CZ,Вывести: продаж нет 6+ месяцев,да,163.75,607.05,0.0,37,13,12,2,3.126,4.43,2749,72.63,99.38,нет,нет,да,нет,нет,C,2009-12-01,2011-04-01
85020,ROUND PINK HEART MIRROR,C,Y,CY,Оставить,нет,163.61,344.67,25.2,73,21,11,10,0.85,2.24,2750,72.66,99.39,нет,нет,нет,нет,нет,C,2009-12-01,2011-11-01
22871,NUMBER TILE COTTAGE GARDEN 3,C,Y,CY,Оставить,нет,163.35,126.04,0.0,67,25,10,10,0.935,2.44,2751,72.68,99.39,нет,нет,нет,нет,нет,C,2010-10-01,2011-11-01
16207A,PINK STRAWBERRY HANDBAG,C,Z,CZ,Оставить,нет,163.1,260.43,0.0,60,34,4,8,1.214,2.72,2752,72.71,99.39,нет,нет,нет,нет,да,C,2009-12-01,2011-11-01
21100,CHARLIE AND LOLA CHARLOTTE BAG,C,Z,CZ,Вывести: продаж нет 6+ месяцев,да,162.21,3631.14,0.0,65,27,7,4,1.799,2.5,2753,72.73,99.39,нет,нет,да,нет,нет,A,2009-12-01,2011-03-01
84683,CLASSICAL ROSE CANDLESTAND,C,Z,CZ,Вывести: продаж нет 6+ месяцев,да,162.2,354.65,0.0,194,12,6,4,1.57,0.84,2754,72.76,99.39,нет,нет,да,нет,нет,C,2009-12-01,2011-05-01
90201C,RED ENAMEL FLOWER RING,C,Z,CZ,Оставить,нет,161.92,165.52,5.8,55,18,11,10,1.301,2.94,2755,72.79,99.4,нет,нет,нет,нет,да,C,2009-12-01,2011-11-01
85027L,FRENCH CHATEAU LARGE PLATTER,C,Z,CZ,Вывести: продаж нет 6+ месяцев,да,160.5,331.2,0.0,70,18,17,4,2.161,2.29,2756,72.81,99.4,нет,нет,да,нет,нет,C,2010-01-01,2011-04-01
84507C,BLUE CIRCLES DESIGN MONKEY DOLL,C,Y,CY,Оставить,нет,160.43,458.91,0.0,60,27,10,9,0.945,2.67,2757,72.84,99.4,нет,нет,нет,нет,да,C,2009-12-01,2011-10-01
21030,SPACE CADET RED,C,Y,CY,Оставить,нет,159.7,131.2,0.0,131,33,19,10,0.861,1.22,2758,72.87,99.4,нет,нет,нет,нет,нет,C,2009-12-01,2011-11-01
79190A,RETRO PLASTIC 70'S TRAY,C,Y,CY,Оставить,нет,159.29,172.29,20.07,345,56,24,12,0.855,0.46,2759,72.89,99.4,нет,нет,нет,нет,да,C,2009-12-01,2011-11-01
16168M,FUNKY MONKEY GIFT BAG MEDIUM,C,Y,CY,Оставить,нет,158.89,339.26,14.23,342,37,18,11,0.73,0.46,2760,72.92,99.4,нет,нет,нет,нет,нет,C,2009-12-01,2011-11-01
90014B,GOLD M PEARL  ORBIT NECKLACE,C,Y,CY,Оставить,нет,158.74,174.97,0.0,17,15,7,8,0.838,9.34,2761,72.95,99.41,нет,нет,нет,нет,да,C,2009-12-01,2011-10-01
84247G,"DECOUPAGE,GREETING CARD,",C,Y,CY,Оставить,нет,158.63,444.04,0.0,357,32,17,8,0.929,0.44,2762,72.97,99.41,нет,нет,нет,нет,да,C,2009-12-01,2011-07-01
84882,GREEN WIRE STANDING CANDLE HOLDER,C,Y,CY,Оставить,нет,157.34,132.09,0.0,38,18,12,10,0.803,4.14,2763,73.0,99.41,нет,нет,нет,нет,нет,C,2009-12-01,2011-11-01
23468,TUSCAN VILLA BIRD TABLE,C,Z,CZ,Наблюдать: новый товар,нет,156.75,0.0,0.0,19,11,11,2,2.269,8.25,2764,73.03,99.41,да,нет,нет,нет,нет,не продавался,2011-10-01,2011-11-01
23416,CHAMBRE HOOK,C,Z,CZ,Наблюдать: новый товар,нет,156.7,0.0,27.98,90,15,11,3,2.27,1.74,2765,73.05,99.41,да,нет,нет,нет,нет,не продавался,2011-09-01,2011-11-01
90120B,BLUE MURANO TWIST BRACELET,C,Z,CZ,Оставить,нет,155.82,287.32,8.3,37,14,5,10,1.224,4.21,2766,73.08,99.41,нет,нет,нет,нет,да,C,2009-12-01,2011-11-01
17038,PORCELAIN BUDAH INCENSE HOLDER,C,Y,CY,Оставить,нет,155.57,96.45,2.49,1522,32,18,12,0.639,0.1,2767,73.1,99.42,нет,нет,нет,нет,нет,C,2009-12-01,2011-11-01
90145,SILVER HOOP EARRINGS WITH FLOWER,C,Y,CY,Оставить,нет,155.54,287.86,12.46,26,16,7,10,0.648,5.98,2768,73.13,99.42,нет,нет,нет,нет,нет,C,2009-12-01,2011-11-01
22538,MINI JIGSAW GO TO THE FAIR,C,Z,CZ,Оставить,нет,155.3,446.01,9.12,354,39,24,11,1.352,0.44,2769,73.16,99.42,нет,нет,нет,нет,нет,C,2010-03-01,2011-11-01
90175D,TIGRIS EYE CHUNKY CHARM BRACELET,C,Y,CY,Оставить: сезонный спрос,нет,155.14,317.78,54.9,17,16,2,9,0.673,9.13,2770,73.18,99.42,нет,да,нет,нет,да,C,2009-12-01,2011-11-01
84673B,BLUE FLY SWAT,C,Y,CY,Оставить,нет,155.0,234.03,1.63,178,65,31,11,0.976,0.87,2771,73.21,99.42,нет,нет,нет,нет,да,C,2009-12-01,2011-11-01
84595E,LARGE TORTILLA DESIGN RED BOWL,C,Z,CZ,Оставить: сезонный спрос,нет,154.68,568.89,0.0,78,22,8,7,2.181,1.98,2772,73.24,99.42,нет,да,нет,нет,нет,C,2009-12-01,2011-08-01
22885,NUMBER TILE VINTAGE FONT 6,C,Z,CZ,Оставить,нет,154.31,37.48,16.52,91,24,9,11,1.239,1.7,2773,73.26,99.43,нет,нет,нет,нет,нет,C,2010-10-01,2011-11-01
44234,ASSORTED CIRCULAR MOBILE,C,Z,CZ,Оставить: сезонный спрос,нет,153.93,105.62,0.84,689,30,15,11,2.234,0.22,2774,73.29,99.43,нет,да,нет,да,нет,C,2009-12-01,2011-11-01
85232B,SET/3 RUSSIAN DOLL STACKING TINS,C,Z,CZ,Вывести: продаж нет 6+ месяцев,да,153.45,12894.2,0.0,31,11,6,2,2.693,4.95,2775,73.32,99.43,нет,нет,да,нет,да,A,2009-12-01,2011-02-01
21614,SET OF 12 ROSE BOTANICAL T-LIGHTS,C,Z,CZ,Вывести: продаж нет 6+ месяцев,да,153.29,4367.18,0.0,51,9,7,3,2.349,3.01,2776,73.34,99.43,нет,нет,да,нет,нет,A,2009-12-01,2011-05-01
22353,LUNCH BOX WITH CUTLERY FAIRY CAKES,C,Z,CZ,Вывести: продаж нет 6+ месяцев,да,153.0,7764.89,0.0,60,24,23,4,1.831,2.55,2777,73.37,99.43,нет,нет,да,нет,нет,A,2009-12-01,2011-05-01
21698,MOCK LOBSTER FRIDGE MAGNET,C,Z,CZ,Оставить,нет,152.86,234.84,11.31,267,42,19,10,1.001,0.57,2778,73.39,99.43,нет,нет,нет,нет,нет,C,2009-12-01,2011-11-01
23697,A PRETTY THANK YOU CARD,C,Z,CZ,Наблюдать: новый товар,нет,152.6,0.0,41.98,358,25,18,1,3.317,0.43,2779,73.42,99.44,да,нет,нет,нет,нет,не продавался,2011-11-01,2011-11-01
21145,ANTIQUE GLASS PLACE SETTING,C,Z,CZ,Кандидат на вывод: редкий хаотичный спрос,да,152.5,1088.71,0.0,122,8,8,5,1.357,1.25,2780,73.45,99.44,нет,нет,нет,нет,нет,B,2009-12-01,2011-11-01
90082B,DIAMANTE BOW BROOCH RED COLOUR,C,Z,CZ,Оставить: сезонный спрос,нет,152.4,209.55,6.35,24,9,7,5,2.041,6.35,2781,73.47,99.44,нет,да,нет,нет,да,C,2009-12-01,2011-11-01
84508C,BLUE CIRCLES DESIGN TEDDY,C,Z,CZ,Оставить,нет,152.4,124.87,0.0,55,24,14,12,1.041,2.77,2782,73.5,99.44,нет,нет,нет,нет,да,C,2009-12-01,2011-11-01
90209A,PURPLE ENAMEL+GLASS HAIR COMB,C,Z,CZ,Кандидат на вывод: редкий хаотичный спрос,да,151.2,155.4,0.0,78,3,2,2,2.237,1.94,2783,73.53,99.44,нет,нет,нет,да,да,C,2010-01-01,2011-11-01
22415,WHITE TISSUE REAM,C,Z,CZ,Оставить: сезонный спрос,нет,151.05,2369.1,0.0,19,13,13,2,2.411,7.95,2784,73.55,99.44,нет,да,да,нет,нет,B,2009-12-01,2011-01-01
85135A,YELLOW DRAGONFLY HELICOPTER,C,Z,CZ,Кандидат на вывод: редкий хаотичный спрос,да,151.05,579.69,0.0,19,8,6,3,2.61,7.95,2785,73.58,99.45,нет,нет,нет,да,да,C,2009-12-01,2011-11-01
84877D,BLUE ROUND COMPACT MIRROR,C,Z,CZ,Оставить,нет,150.93,220.92,0.0,96,18,11,6,1.918,1.57,2786,73.61,99.45,нет,нет,нет,нет,да,C,2009-12-01,2011-09-01
22874,NUMBER TILE COTTAGE GARDEN 6,C,Y,CY,Оставить,нет,150.81,121.21,0.0,65,21,10,10,0.88,2.32,2787,73.63,99.45,нет,нет,нет,нет,нет,C,2010-10-01,2011-11-01
84804B,BLUE DELPHINIUM ARTIFICIAL FLOWER,C,Z,CZ,Кандидат на вывод: редкий хаотичный спрос,да,150.45,310.65,37.92,51,4,4,4,1.74,2.95,2788,73.66,99.45,нет,нет,нет,нет,да,C,2010-01-01,2011-09-01
90013A,MIDNIGHT BLUE VINTAGE EARRINGS,C,Y,CY,Оставить,нет,150.4,238.95,14.92,40,29,2,9,0.903,3.76,2789,73.69,99.45,нет,нет,нет,нет,да,C,2009-12-01,2011-11-01
21459,YELLOW EASTER EGG HUNT START POST,C,Z,CZ,Оставить: сезонный спрос,нет,150.38,370.17,0.0,76,19,16,4,1.711,1.98,2790,73.71,99.45,нет,да,да,нет,нет,C,2010-01-01,2011-04-01
84963B,BLUE PAINTED KASHMIRI CHAIR,C,Z,CZ,Кандидат на вывод: редкий хаотичный спрос,да,149.85,441.65,0.0,3,1,1,1,3.317,49.95,2791,73.74,99.45,нет,нет,нет,да,да,C,2010-05-01,2011-08-01
22764,"RUSTIC WOODEN CABINET, GLASS DOORS",C,Z,CZ,Вывести: продаж нет 6+ месяцев,да,149.82,3287.72,0.0,4,2,1,2,2.236,37.46,2792,73.76,99.46,нет,нет,да,нет,нет,A,2010-10-01,2011-03-01
90013B,BLACK VINTAGE EARRINGS,C,Y,CY,Оставить: сезонный спрос,нет,149.41,279.51,0.0,36,31,0,11,0.953,4.15,2793,73.79,99.46,нет,да,нет,нет,да,C,2009-12-01,2011-11-01
90134,OLD ROSE COMBO BEAD NECKLACE,C,Y,CY,Оставить,нет,148.8,213.42,8.7,51,42,0,11,0.912,2.92,2794,73.82,99.46,нет,нет,нет,нет,нет,C,2009-12-01,2011-11-01
72128,COLUMBIAN CANDLE ROUND,C,Z,CZ,Оставить,нет,148.79,290.19,3.26,191,35,28,10,1.057,0.78,2795,73.84,99.46,нет,нет,нет,нет,нет,C,2009-12-01,2011-11-01
90185D,CRYSTAL DIAMANTE EXPANDABLE RING,C,Z,CZ,Кандидат на вывод: редкий хаотичный спрос,да,148.63,136.2,0.0,35,11,7,5,1.451,4.25,2796,73.87,99.46,нет,нет,нет,нет,да,C,2009-12-01,2011-06-01
22408,MONEY BOX CONFECTIONERY DESIGN,C,Z,CZ,Оставить,нет,148.4,636.23,14.04,109,26,17,10,1.011,1.36,2797,73.9,99.46,нет,нет,нет,нет,нет,C,2010-03-01,2011-11-01
84576,BLUE CAT BISCUIT BARREL PINK HEART,C,Z,CZ,Оставить,нет,148.32,188.72,0.0,66,17,8,4,1.685,2.25,2798,73.92,99.47,нет,нет,нет,нет,нет,C,2009-12-01,2011-07-01
90010A,MIDNIGHT BLUE GLASS/SILVER BRACELET,C,Y,CY,Оставить,нет,148.16,222.85,19.14,16,13,5,8,0.984,9.26,2799,73.95,99.47,нет,нет,нет,нет,да,C,2009-12-01,2011-11-01
21486,PINK HEART DOTS HOT WATER BOTTLE,C,Z,CZ,Оставить: сезонный спрос,нет,147.88,3490.79,0.0,36,11,4,1,3.317,4.11,2800,73.98,99.47,нет,да,да,нет,нет,A,2009-12-01,2010-12-01
23560,SET OF 6 RIBBONS COUNTRY STYLE,C,Z,CZ,Наблюдать: новый товар,нет,147.41,0.0,351.77,49,11,10,1,3.317,3.01,2801,74.0,99.47,да,нет,нет,нет,нет,не продавался,2011-11-01,2011-11-01
23561,SET OF 6 RIBBONS PARTY,C,Z,CZ,Наблюдать: новый товар,нет,147.39,0.0,328.61,51,4,4,1,3.317,2.89,2802,74.03,99.47,да,нет,нет,нет,нет,не продавался,2011-11-01,2011-11-01
82011B,BATHROOM SCALES RUBBER DUCKS,C,Z,CZ,Оставить,нет,146.85,201.95,0.0,43,21,11,9,1.197,3.42,2803,74.06,99.47,нет,нет,нет,нет,да,C,2009-12-01,2011-11-01
84827,ASS DES PHONE SPONGE CRAFT STICKER,C,Z,CZ,Кандидат на вывод: редкий хаотичный спрос,да,146.7,336.7,6.39,438,12,10,5,1.833,0.33,2804,74.08,99.48,нет,нет,нет,нет,нет,C,2009-12-01,2011-10-01
21369,MIRRORED WALL ART SPLODGES,C,Z,CZ,Оставить,нет,146.49,63.87,15.0,89,15,11,10,1.213,1.65,2805,74.11,99.48,нет,нет,нет,нет,нет,C,2009-12-01,2011-11-01
46000R,POLYESTER FILLER PAD 45x30cm,C,Y,CY,Оставить,нет,146.45,203.0,2.9,101,37,21,11,0.614,1.45,2806,74.13,99.48,нет,нет,нет,нет,да,C,2010-01-01,2011-11-01
84865,NEW BAROQUE BLACK PHOTO ALBUM,C,Z,CZ,Оставить,нет,146.21,493.21,0.0,27,14,8,5,1.964,5.42,2807,74.16,99.48,нет,нет,нет,нет,нет,C,2009-12-01,2011-07-01
84870B,BLUE GEISHA GIRL,C,Z,CZ,Оставить,нет,146.08,176.53,0.0,44,25,9,7,1.457,3.32,2808,74.19,99.48,нет,нет,нет,нет,да,C,2009-12-01,2011-11-01
84870C,GREEN GEISHA GIRL,C,Z,CZ,Оставить,нет,146.05,184.31,0.0,46,28,10,6,1.723,3.18,2809,74.21,99.48,нет,нет,нет,нет,да,C,2009-12-01,2011-10-01
21401,BLUE PUDDING SPOON,C,Y,CY,Оставить,нет,145.67,164.51,5.52,1016,77,47,12,0.759,0.14,2810,74.24,99.48,нет,нет,нет,нет,нет,C,2009-12-01,2011-11-01
22873,NUMBER TILE COTTAGE GARDEN 5,C,Z,CZ,Оставить,нет,145.5,117.0,0.0,60,26,12,11,1.052,2.42,2811,74.27,99.49,нет,нет,нет,нет,нет,C,2010-10-01,2011-11-01
16258A,SWIRLY CIRCULAR RUBBERS IN BAG,C,Y,CY,Оставить,нет,145.4,196.96,33.15,310,50,23,11,0.948,0.47,2812,74.29,99.49,нет,нет,нет,нет,нет,C,2009-12-01,2011-11-01
47343A,FUSCHIA FLOWER PURSE WITH BEADS,C,Z,CZ,Оставить,нет,145.17,61.09,0.0,159,14,13,6,1.511,0.91,2813,74.32,99.49,нет,нет,нет,нет,нет,C,2009-12-01,2011-08-01
84629,WHITE 3 FRAME BIRDS AND TREE,C,Z,CZ,Кандидат на вывод: редкий хаотичный спрос,да,145.05,87.8,0.0,19,9,9,3,2.771,7.63,2814,74.35,99.49,нет,нет,нет,нет,нет,C,2010-02-01,2011-07-01
22868,NUMBER TILE COTTAGE GARDEN 0,C,Y,CY,Оставить,нет,144.65,125.73,0.0,63,20,10,11,0.89,2.3,2815,74.37,99.49,нет,нет,нет,нет,нет,C,2010-10-01,2011-11-01
21738,COSY SLIPPER SHOES SMALL  RED,C,Z,CZ,Оставить: сезонный спрос,нет,144.58,1178.05,0.0,46,21,17,8,2.097,3.14,2816,74.4,99.49,нет,да,нет,нет,нет,B,2009-12-01,2011-10-01
35649,VINTAGE BEAD COSMETIC BAG,C,Z,CZ,Оставить,нет,144.55,1206.05,12.3,52,32,5,7,1.063,2.78,2817,74.43,99.5,нет,нет,нет,нет,нет,B,2009-12-01,2011-11-01
85118,HEART T-LIGHT HOLDER,C,Z,CZ,Вывести: продаж нет 6+ месяцев,да,144.52,970.92,0.0,146,10,5,2,2.237,0.99,2818,74.45,99.5,нет,нет,да,нет,нет,B,2009-12-01,2011-01-01
22886,NUMBER TILE VINTAGE FONT 7,C,Z,CZ,Оставить,нет,144.48,27.73,1.95,86,24,8,11,1.263,1.68,2819,74.48,99.5,нет,нет,нет,нет,нет,C,2010-10-01,2011-11-01
90198B,VINTAGE ROSE BEAD BRACELET BLACK,C,Z,CZ,Оставить,нет,143.9,289.5,8.5,34,16,10,11,1.007,4.23,2820,74.5,99.5,нет,нет,нет,нет,да,C,2009-12-01,2011-11-01
21082,SET/20 FRUIT SALAD PAPER NAPKINS,C,Z,CZ,Оставить,нет,143.44,1293.07,0.0,88,25,0,6,1.103,1.63,2821,74.53,99.5,нет,нет,нет,нет,нет,B,2009-12-01,2011-06-01
22042,CHRISTMAS CARD SINGING ANGEL,C,Z,CZ,Оставить: сезонный спрос,нет,143.13,453.82,20.16,339,34,20,8,1.198,0.42,2822,74.56,99.5,нет,да,нет,нет,нет,C,2009-12-01,2011-11-01
84508B,STRIPES DESIGN TEDDY,C,Y,CY,Оставить,нет,142.8,295.66,0.0,56,30,21,11,0.549,2.55,2823,74.58,99.5,нет,нет,нет,нет,да,C,2009-12-01,2011-11-01
20837,FRENCH FLORAL CUSHION COVER,C,Z,CZ,Оставить,нет,142.47,45.6,0.0,141,15,14,6,1.329,1.01,2824,74.61,99.51,нет,нет,нет,нет,нет,C,2009-12-01,2011-11-01
37479P,CUBIC MUG FLOCK PINK ON BROWN,C,Z,CZ,Оставить,нет,142.23,17.85,0.0,163,32,15,11,1.009,0.87,2825,74.64,99.51,нет,нет,нет,нет,да,C,2010-06-01,2011-11-01
22033,BOTANICAL ROSE GREETING CARD,C,Z,CZ,Оставить,нет,141.95,539.98,0.0,337,22,20,8,1.091,0.42,2826,74.66,99.51,нет,нет,нет,нет,нет,C,2009-12-01,2011-11-01
21117,BLOND DOLL DOORSTOP,C,Z,CZ,Оставить,нет,141.75,360.33,0.0,109,14,11,8,1.215,1.3,2827,74.69,99.51,нет,нет,нет,нет,нет,C,2009-12-01,2011-11-01
90013C,GREEN VINTAGE EARRINGS,C,Y,CY,Оставить,нет,141.48,195.47,16.6,35,26,4,10,0.954,4.04,2828,74.72,99.51,нет,нет,нет,нет,да,C,2009-12-01,2011-11-01
20774,GREEN FERN NOTEBOOK,C,Z,CZ,Оставить,нет,141.24,819.59,0.0,86,44,21,11,1.496,1.64,2829,74.74,99.51,нет,нет,нет,нет,нет,B,2009-12-01,2011-10-01
22875,NUMBER TILE COTTAGE GARDEN 7,C,Y,CY,Оставить,нет,140.83,119.26,8.26,61,23,14,10,0.969,2.31,2830,74.77,99.52,нет,нет,нет,нет,нет,C,2010-10-01,2011-09-01
84799,SPRIG LAVENDER ARTIFICIAL FLOWER,C,Z,CZ,Вывести: продаж нет 6+ месяцев,да,140.32,368.3,0.0,176,9,8,5,1.883,0.8,2831,74.8,99.52,нет,нет,да,нет,нет,C,2010-01-01,2011-04-01
84744,S/6 SEW ON CROCHET FLOWERS,C,Z,CZ,Оставить,нет,140.02,48.75,0.0,110,20,17,9,1.289,1.27,2832,74.82,99.52,нет,нет,нет,нет,нет,C,2009-12-01,2011-11-01
22125,UNION JACK HOT WATER BOTTLE,C,Z,CZ,Кандидат на вывод: редкий хаотичный спрос,да,139.86,3949.23,0.0,13,3,1,2,3.049,10.76,2833,74.85,99.52,нет,нет,нет,нет,нет,A,2009-12-01,2011-11-01
90191,SILVER LARIAT 40CM,C,Z,CZ,Кандидат на вывод: редкий хаотичный спрос,да,138.86,178.78,24.96,24,9,7,7,1.837,5.79,2834,74.87,99.52,нет,нет,нет,нет,нет,C,2009-12-01,2011-11-01
22876,NUMBER TILE COTTAGE GARDEN 8,C,Z,CZ,Оставить,нет,138.81,113.41,0.0,61,20,11,9,1.033,2.28,2835,74.9,99.52,нет,нет,нет,нет,нет,C,2010-10-01,2011-09-01
75011,BLUE DAISY MOBILE,C,Z,CZ,Кандидат на вывод: редкий хаотичный спрос,да,138.76,33.75,0.0,172,12,9,8,1.41,0.81,2836,74.93,99.52,нет,нет,нет,нет,нет,C,2009-12-01,2011-11-01
35922,EASTER BUNNY WREATH,C,Z,CZ,Оставить: сезонный спрос,нет,138.6,437.39,0.0,28,10,10,4,1.787,4.95,2837,74.95,99.53,нет,да,да,нет,нет,C,2009-12-01,2011-04-01
22877,NUMBER TILE COTTAGE GARDEN 9,C,Z,CZ,Оставить,нет,138.11,131.58,0.0,63,19,12,10,1.017,2.19,2838,74.98,99.53,нет,нет,нет,нет,нет,C,2010-10-01,2011-10-01
21736,GOLD SCROLL GLASS T-LIGHT HOLDER,C,Z,CZ,Вывести: продаж нет 6+ месяцев,да,137.22,256.47,0.0,80,5,5,5,1.649,1.72,2839,75.01,99.53,нет,нет,да,да,нет,C,2009-12-01,2011-04-01
20757,RED DAISY POCKET BOOK,C,Z,CZ,Оставить,нет,136.64,754.06,0.0,158,33,30,11,1.271,0.86,2840,75.03,99.53,нет,нет,нет,нет,нет,B,2009-12-01,2011-11-01
21637,ASSORTED SANSKRIT MINI NOTEBOOK,C,Z,CZ,Кандидат на вывод: редкий хаотичный спрос,да,136.25,1582.97,0.0,109,6,6,5,1.508,1.25,2841,75.06,99.53,нет,нет,нет,нет,нет,B,2009-12-01,2011-10-01
16054,POPART RECT PENCIL SHARPENER ASST,C,Z,CZ,Оставить,нет,136.2,18.48,4.32,1130,32,28,7,1.225,0.12,2842,75.09,99.53,нет,нет,нет,нет,нет,C,2010-01-01,2011-11-01
20661,BLUE SPOTTY PURSE,C,Z,CZ,Оставить,нет,135.36,664.01,5.79,43,32,3,7,1.281,3.15,2843,75.11,99.53,нет,нет,нет,нет,нет,C,2009-12-01,2011-11-01
90115,SUMMER BUTTERFLIES BAG CHARM,C,Z,CZ,Оставить,нет,134.53,144.43,0.0,54,31,0,5,1.637,2.49,2844,75.14,99.54,нет,нет,нет,нет,нет,C,2009-12-01,2011-06-01
47518F,ICON PLACEMAT POP ART ELVIS,C,Z,CZ,Оставить,нет,134.37,56.52,0.0,832,33,19,12,1.09,0.16,2845,75.17,99.54,нет,нет,нет,нет,нет,C,2009-12-01,2011-11-01
21368,MIRRORED WALL ART LADIES,C,Z,CZ,Оставить,нет,134.28,68.76,9.0,151,32,24,9,1.2,0.89,2846,75.19,99.54,нет,нет,нет,нет,нет,C,2009-12-01,2011-11-01
90028,NEW BAROQUE LARGE NECKLACE BLK/WHIT,C,Z,CZ,Оставить,нет,134.16,110.63,0.0,16,14,1,7,1.447,8.38,2847,75.22,99.54,нет,нет,нет,нет,нет,C,2009-12-01,2011-11-01
90164B,WHITE  ROSEBUD PEARL BRACELET,C,Z,CZ,Оставить,нет,133.5,221.96,7.48,37,14,7,7,1.754,3.61,2848,75.24,99.54,нет,нет,нет,нет,да,C,2009-12-01,2011-11-01
72130,COLUMBIAN CANDLE ROUND,C,Z,CZ,Оставить,нет,133.34,173.01,0.0,219,27,20,10,1.061,0.61,2849,75.27,99.54,нет,нет,нет,нет,нет,C,2009-12-01,2011-11-01
35921,EASTER BUNNY HANGING GARLAND,C,Z,CZ,Вывести: продаж нет 6+ месяцев,да,133.23,197.09,0.0,68,23,9,4,1.746,1.96,2850,75.3,99.54,нет,нет,да,нет,нет,C,2010-01-01,2011-04-01
84192,ASSORTED COLOUR METAL CAT,C,Z,CZ,Оставить,нет,132.5,132.35,6.25,106,23,18,9,1.076,1.25,2851,75.32,99.55,нет,нет,нет,нет,нет,C,2010-02-01,2011-11-01
62096A,PINK/YELLOW FLOWERS HANDBAG,C,Z,CZ,Вывести: продаж нет 6+ месяцев,да,132.5,460.29,0.0,106,8,7,3,2.082,1.25,2852,75.35,99.55,нет,нет,да,да,да,C,2010-01-01,2011-02-01
21518,BANK ACCOUNT  GREETING  CARD,C,Z,CZ,Оставить: сезонный спрос,нет,132.44,336.84,0.0,318,38,16,7,1.465,0.42,2853,75.38,99.55,нет,да,нет,нет,нет,C,2009-12-01,2011-07-01
90210D,PURPLE ACRYLIC FACETED BANGLE,C,Z,CZ,Оставить: сезонный спрос,нет,132.05,103.68,0.0,107,8,4,4,2.609,1.23,2854,75.4,99.55,нет,да,нет,да,да,C,2009-12-01,2011-11-01
21943,CAKES AND RABBITS DESIGN FLANNEL,C,Y,CY,Оставить,нет,131.23,394.67,3.26,117,48,7,11,0.84,1.12,2855,75.43,99.55,нет,нет,нет,нет,нет,C,2009-12-01,2011-11-01
20836,FRENCH PAISLEY CUSHION COVER,C,Z,CZ,Оставить,нет,131.14,73.5,0.0,158,16,13,6,1.149,0.83,2856,75.46,99.55,нет,нет,нет,нет,нет,C,2010-03-01,2011-11-01
37467,PIG MUG IN TWO COLOUR DESIGNS,C,Z,CZ,Оставить,нет,130.27,198.24,0.0,159,17,11,9,1.071,0.82,2857,75.48,99.55,нет,нет,нет,нет,нет,C,2009-12-01,2011-10-01
21344,MOROCCAN BEATEN METAL DISH,C,Z,CZ,Кандидат на вывод: редкий хаотичный спрос,да,130.24,589.73,29.85,12,4,3,4,1.683,10.85,2858,75.51,99.56,нет,нет,нет,нет,нет,C,2009-12-01,2011-11-01
90000D,COPPER/OLIVE GREEN FLOWER NECKLACE,C,Y,CY,Оставить,нет,129.85,183.9,0.0,21,14,4,10,0.965,6.18,2859,75.54,99.56,нет,нет,нет,нет,да,C,2009-12-01,2011-11-01
21281,VINTAGE KITCHEN PRINT SEAFOOD,C,Z,CZ,Оставить,нет,129.63,1203.17,0.0,43,14,6,4,2.216,3.01,2860,75.56,99.56,нет,нет,нет,нет,нет,B,2009-12-01,2011-11-01
20823,GOLD WINE GOBLET,C,Z,CZ,Кандидат на вывод: редкий хаотичный спрос,да,129.56,385.55,0.0,164,8,6,3,2.211,0.79,2861,75.59,99.56,нет,нет,нет,да,нет,C,2009-12-01,2011-06-01
20758,ABSTRACT CIRCLES POCKET BOOK,C,Y,CY,Оставить,нет,129.2,818.27,5.95,152,39,33,12,0.669,0.85,2862,75.61,99.56,нет,нет,нет,нет,нет,B,2009-12-01,2011-11-01
21349,IVY HEART WREATH,C,Z,CZ,Ручная проверка: покупают вместе с A-товаром,нет,128.6,3828.13,0.0,14,10,6,3,2.124,9.19,2863,75.64,99.56,нет,нет,нет,нет,нет,A,2009-12-01,2011-11-01
20826,SILVER APERITIF GLASS,C,Z,CZ,Вывести: продаж нет 6+ месяцев,да,128.4,162.32,0.0,276,8,7,4,2.132,0.47,2864,75.67,99.56,нет,нет,да,нет,нет,C,2009-12-01,2011-05-01
35638B,PINK/BLUE STRING CURTAIN,C,Z,CZ,Кандидат на вывод: редкий хаотичный спрос,да,128.33,184.96,0.0,57,5,4,4,2.775,2.25,2865,75.69,99.57,нет,нет,нет,да,да,C,2009-12-01,2011-11-01
90180A,BLACK+WHITE NECKLACE W TASSEL,C,Z,CZ,Кандидат на вывод: редкий хаотичный спрос,да,127.24,269.4,0.0,17,9,5,7,1.366,7.48,2866,75.72,99.57,нет,нет,нет,нет,да,C,2009-12-01,2011-11-01
85130A,BEADED PEARL HEART WHITE LARGE,C,Z,CZ,Вывести: продаж нет 6+ месяцев,да,127.05,1049.24,0.0,77,10,10,4,2.226,1.65,2867,75.75,99.57,нет,нет,да,нет,да,B,2009-12-01,2011-05-01
21400,RED PUDDING SPOON,C,Y,CY,Оставить,нет,126.77,84.44,1.86,873,69,41,12,0.673,0.15,2868,75.77,99.57,нет,нет,нет,нет,нет,C,2009-12-01,2011-11-01
85067,CREAM SWEETHEART WALL CABINET,C,Z,CZ,Вывести: продаж нет 6+ месяцев,да,126.65,7923.74,0.0,7,5,5,2,2.839,18.09,2869,75.8,99.57,нет,нет,да,нет,нет,A,2009-12-01,2011-01-01
84846A,SCENTED CANDLE IN DIGITALIS TIN,C,Z,CZ,Оставить,нет,126.04,441.51,0.0,56,13,9,5,1.713,2.25,2870,75.83,99.57,нет,нет,нет,нет,нет,C,2009-12-01,2011-10-01
23417,BATHROOM HOOK,C,Z,CZ,Наблюдать: новый товар,нет,125.35,0.0,32.15,71,17,12,3,1.861,1.77,2871,75.85,99.57,да,нет,нет,нет,нет,не продавался,2011-09-01,2011-11-01
22887,NUMBER TILE VINTAGE FONT 8,C,Z,CZ,Оставить,нет,124.83,33.58,1.95,77,22,7,11,1.446,1.62,2872,75.88,99.57,нет,нет,нет,нет,нет,C,2010-10-01,2011-10-01
90073,VINTAGE ENAMEL & CRYSTAL EARRINGS,C,Z,CZ,Оставить,нет,124.8,115.64,9.9,25,17,3,9,1.321,4.99,2873,75.9,99.58,нет,нет,нет,нет,нет,C,2009-12-01,2011-11-01
84228,HEN HOUSE W CHICK STANDING,C,Z,CZ,Оставить,нет,124.09,31.98,0.0,297,27,16,6,1.737,0.42,2874,75.93,99.58,нет,нет,нет,нет,нет,C,2009-12-01,2011-11-01
23477,WOODLAND LARGE BLUE FELT HEART,C,Z,CZ,Наблюдать: новый товар,нет,123.47,0.0,0.0,92,13,8,2,2.5,1.34,2875,75.96,99.58,да,нет,нет,нет,нет,не продавался,2011-10-01,2011-11-01
37343,SPOTS DESIGN MUG W PINK INSIDE,C,Z,CZ,Вывести: продаж нет 6+ месяцев,да,123.3,1635.74,0.0,72,13,8,3,1.92,1.71,2876,75.98,99.58,нет,нет,да,нет,нет,B,2009-12-01,2011-03-01
90058A,CRYSTAL STUD EARRINGS CLEAR DISPLAY,C,Z,CZ,Кандидат на вывод: редкий хаотичный спрос,да,123.12,95.76,0.0,324,7,7,4,1.895,0.38,2877,76.01,99.58,нет,нет,нет,нет,да,C,2009-12-01,2011-11-01
84906,PINK B'FLY C/COVER W BOBBLES,C,Z,CZ,Вывести: продаж нет 6+ месяцев,да,123.02,184.45,0.0,35,12,9,5,1.437,3.51,2878,76.04,99.58,нет,нет,да,нет,нет,C,2009-12-01,2011-05-01
85086A,CANDY SPOT HEART DECORATION,C,Z,CZ,Оставить,нет,122.08,446.65,0.0,146,50,8,7,1.577,0.84,2879,76.06,99.58,нет,нет,нет,нет,нет,C,2009-12-01,2011-08-01
46000U,POLYESTER FILLER PAD 30CMx30CM,C,Z,CZ,Оставить,нет,121.25,180.0,12.5,97,25,15,10,1.221,1.25,2880,76.09,99.59,нет,нет,нет,нет,да,C,2009-12-01,2011-10-01
37333,"RETRO ""TEA FOR ONE""",C,Z,CZ,Вывести: продаж нет 6+ месяцев,да,120.99,684.11,0.0,21,17,9,6,1.567,5.76,2881,76.12,99.59,нет,нет,да,нет,нет,B,2009-12-01,2011-05-01
22888,NUMBER TILE VINTAGE FONT 9,C,Z,CZ,Оставить,нет,120.85,5.85,4.13,75,20,7,11,1.436,1.61,2882,76.14,99.59,нет,нет,нет,нет,нет,C,2010-11-01,2011-11-01
79190D,RETRO PLASTIC DAISY TRAY,C,Y,CY,Оставить,нет,120.68,169.6,6.3,250,46,16,12,0.534,0.48,2883,76.17,99.59,нет,нет,нет,нет,да,C,2009-12-01,2011-11-01
20845,ZINC HEART LATTICE 2 WALL PLANTER,C,Z,CZ,Ручная проверка: покупают вместе с A-товаром,нет,120.65,381.62,0.0,19,11,7,5,1.446,6.35,2884,76.2,99.59,нет,нет,нет,нет,нет,C,2009-12-01,2011-08-01
90173,PAIR BUTTERFLY HAIR CLIPS,C,Z,CZ,Оставить,нет,120.34,186.3,0.0,32,17,3,8,1.902,3.76,2885,76.22,99.59,нет,нет,нет,нет,нет,C,2009-12-01,2011-10-01
90116,FRUIT SALAD BAG CHARM,C,Y,CY,Оставить,нет,120.32,80.0,25.2,50,43,2,11,0.764,2.41,2886,76.25,99.59,нет,нет,нет,нет,нет,C,2010-02-01,2011-11-01
84800S,SMALL WHITE/PINK ROSE ART FLOWER,C,Z,CZ,Кандидат на вывод: редкий хаотичный спрос,да,120.07,171.97,0.0,107,9,9,6,1.443,1.12,2887,76.27,99.59,нет,нет,нет,нет,да,C,2010-02-01,2011-09-01
35972,DAISY FOLKART HEART DECORATION,C,Z,CZ,Оставить,нет,120.0,491.38,0.0,96,16,14,9,1.46,1.25,2888,76.3,99.6,нет,нет,нет,нет,нет,C,2009-12-01,2011-11-01
90124B,BLUE MURANO TWIST NECKLACE,C,Y,CY,Оставить,нет,119.89,271.29,0.0,12,11,3,8,0.816,9.99,2889,76.33,99.6,нет,нет,нет,нет,да,C,2009-12-01,2011-11-01
23694,PAISLEY PARK CARD,C,Z,CZ,Наблюдать: новый товар,нет,119.78,0.0,45.3,274,29,15,1,3.317,0.44,2890,76.35,99.6,да,нет,нет,нет,нет,не продавался,2011-11-01,2011-11-01
90181B,AMETHYST GLASS/SHELL/PEARL NECKLACE,C,Y,CY,Оставить: сезонный спрос,нет,119.33,93.64,18.3,13,12,0,7,0.958,9.18,2891,76.38,99.6,нет,да,нет,нет,да,C,2009-12-01,2011-11-01
10080,GROOVY CACTUS INFLATABLE,C,Z,CZ,Оставить,нет,119.09,10.2,0.0,303,22,19,7,1.255,0.39,2892,76.41,99.6,нет,нет,нет,нет,нет,C,2009-12-01,2011-11-01
84709B,PINK OVAL JEWELLED MIRROR,C,Z,CZ,Оставить,нет,119.0,895.48,0.0,20,11,11,6,1.208,5.95,2893,76.43,99.6,нет,нет,нет,нет,нет,B,2009-12-01,2011-06-01
90164A,PINK ROSEBUD PEARL BRACELET,C,Z,CZ,Оставить,нет,118.97,99.72,11.7,21,13,5,8,1.343,5.67,2894,76.46,99.6,нет,нет,нет,нет,да,C,2009-12-01,2011-11-01
21095,SET/6 POSIES PAPER PLATES,C,Z,CZ,Оставить,нет,118.73,155.84,0.0,125,14,9,7,1.286,0.95,2895,76.49,99.6,нет,нет,нет,нет,нет,C,2009-12-01,2011-06-01
90129B,TURQUOISE GLASS TASSLE BAG CHARM,C,Z,CZ,Оставить,нет,118.43,208.57,2.95,56,19,5,9,1.485,2.11,2896,76.51,99.61,нет,нет,нет,нет,да,C,2009-12-01,2011-11-01
84569B,PACK 3 FIRE ENGINE/CAR PATCHES,C,Z,CZ,Вывести: продаж нет 6+ месяцев,да,118.4,438.78,0.0,85,19,11,4,1.625,1.39,2897,76.54,99.61,нет,нет,да,нет,да,C,2009-12-01,2011-03-01
21032,SPACE CADET WHITE,C,Z,CZ,Оставить,нет,117.78,134.38,0.0,97,30,13,9,1.217,1.21,2898,76.57,99.61,нет,нет,нет,нет,нет,C,2009-12-01,2011-11-01
90184A,AMBER CHUNKY BEAD BRACELET W STRAP,C,Z,CZ,Кандидат на вывод: редкий хаотичный спрос,да,117.73,263.09,0.0,13,9,4,6,1.382,9.06,2899,76.59,99.61,нет,нет,нет,нет,да,C,2009-12-01,2011-11-01
84741C,CITRUS GARLAND FELT FLOWERS,C,Z,CZ,Вывести: продаж нет 6+ месяцев,да,117.0,255.14,0.0,60,14,14,4,1.776,1.95,2900,76.62,99.61,нет,нет,да,нет,нет,C,2009-12-01,2011-04-01
51020A,SUMMER FUN DESIGN SHOWER CAP,C,Z,CZ,Вывести: продаж нет 6+ месяцев,да,116.33,346.98,0.0,325,18,16,5,2.796,0.36,2901,76.64,99.61,нет,нет,да,нет,да,C,2009-12-01,2011-04-01
79191B,RETRO PLASTIC POLKA TRAY,C,Y,CY,Оставить,нет,116.2,258.22,11.9,133,26,19,12,0.618,0.87,2902,76.67,99.61,нет,нет,нет,нет,да,C,2009-12-01,2011-11-01
84507B,STRIPES DESIGN MONKEY DOLL,C,Y,CY,Оставить,нет,116.18,1640.2,0.0,38,21,10,9,0.919,3.06,2903,76.7,99.61,нет,нет,нет,нет,да,B,2009-12-01,2011-09-01
84809A,WHITE CHRYSANTHEMUMS ART FLOWER,C,Z,CZ,Кандидат на вывод: редкий хаотичный спрос,да,115.5,359.34,0.0,55,8,5,6,1.261,2.1,2904,76.72,99.62,нет,нет,нет,нет,да,C,2010-01-01,2011-06-01
16052,TEATIME PUSH DOWN RUBBER,C,Z,CZ,Оставить: сезонный спрос,нет,115.3,155.94,0.0,479,13,5,6,2.709,0.24,2905,76.75,99.62,нет,да,нет,да,нет,C,2009-12-01,2011-06-01
90122C,TURQUOISE CRYSTAL+GLASS BRACELET,C,Z,CZ,Кандидат на вывод: редкий хаотичный спрос,да,114.25,149.87,4.98,23,10,3,8,1.25,4.97,2906,76.78,99.62,нет,нет,нет,да,да,C,2009-12-01,2011-11-01
90199C,5 STRAND GLASS NECKLACE CRYSTAL,C,Z,CZ,Кандидат на вывод: редкий хаотичный спрос,да,113.94,465.0,0.0,18,9,6,6,1.427,6.33,2907,76.8,99.62,нет,нет,нет,нет,да,C,2009-12-01,2011-11-01
84661A,WHITE SQUARE TABLE CLOCK,C,Z,CZ,Оставить,нет,113.85,146.26,58.9,41,15,6,8,1.092,2.78,2908,76.83,99.62,нет,нет,нет,нет,да,C,2009-12-01,2011-11-01
23305,SET 4 PICNIC CUTLERY BLUEBERRY,C,Z,CZ,Наблюдать: новый товар,нет,113.1,0.0,46.8,58,7,7,2,2.242,1.95,2909,76.86,99.62,да,нет,нет,нет,нет,не продавался,2011-10-01,2011-11-01
84457,SET/3 RABBITS FLOWER SKIPPPING ROPE,C,Z,CZ,Оставить,нет,112.56,166.17,0.0,126,26,21,7,1.57,0.89,2910,76.88,99.62,нет,нет,нет,нет,нет,C,2010-01-01,2011-11-01
23185,FRENCH STYLE STORAGE JAR JAM,C,Z,CZ,Оставить,нет,112.24,0.0,2.61,308,29,26,7,1.236,0.36,2911,76.91,99.62,нет,нет,нет,нет,нет,не продавался,2011-03-01,2011-11-01
90096,NECKLACE+BRACELET SET BLUE BLOSSOM,C,Y,CY,Оставить,нет,112.21,131.4,0.0,45,26,3,11,0.715,2.49,2912,76.94,99.63,нет,нет,нет,нет,нет,C,2010-01-01,2011-11-01
47351B,BLUE  VOILE LAMPSHADE,C,Y,CY,Оставить,нет,112.1,35.4,0.0,38,8,7,8,0.793,2.95,2913,76.96,99.63,нет,нет,нет,нет,нет,C,2009-12-01,2011-11-01
21814,HEART T-LIGHT HOLDER,C,Z,CZ,Оставить: сезонный спрос,нет,111.77,904.76,0.0,74,15,11,6,1.886,1.51,2914,76.99,99.63,нет,да,нет,нет,нет,B,2009-12-01,2011-11-01
72780,BLACK SILOUETTE CANDLE PLATE,C,Y,CY,Оставить,нет,111.35,291.53,5.1,131,18,17,11,0.618,0.85,2915,77.01,99.63,нет,нет,нет,нет,нет,C,2009-12-01,2011-11-01
90036E,"FLOWER GLASS GARLD NECKL36""AMETHYST",C,Z,CZ,Кандидат на вывод: редкий хаотичный спрос,да,110.95,247.92,0.0,14,11,4,8,1.152,7.92,2916,77.04,99.63,нет,нет,нет,нет,да,C,2009-12-01,2011-10-01
47503H,ASS FLORAL PRINT SPIRIT LEVEL,C,Z,CZ,Оставить,нет,110.07,135.26,0.79,99,36,29,12,1.454,1.11,2917,77.07,99.63,нет,нет,нет,нет,да,C,2009-12-01,2011-11-01
90125D,PURPLE BERTIE GLASS BEAD BAG CHARM,C,Z,CZ,Оставить,нет,110.03,113.71,0.0,95,19,3,5,1.901,1.16,2918,77.09,99.63,нет,нет,нет,да,да,C,2009-12-01,2011-07-01
20731,POSY CANDY BAG,C,Z,CZ,Оставить,нет,109.96,1142.96,0.0,92,16,8,6,1.906,1.2,2919,77.12,99.63,нет,нет,нет,нет,нет,B,2009-12-01,2011-06-01
85167B,BLACK GRAND BAROQUE PHOTO FRAME,C,Z,CZ,Вывести: продаж нет 6+ месяцев,да,109.94,1316.4,0.0,50,8,7,4,2.304,2.2,2920,77.15,99.64,нет,нет,да,нет,нет,B,2009-12-01,2011-04-01
84925F,PSYCHEDELIC WALL THERMOMETER,C,Z,CZ,Оставить,нет,109.93,763.18,0.0,79,14,14,7,2.119,1.39,2921,77.17,99.64,нет,нет,нет,нет,да,B,2010-01-01,2011-07-01
23463,VINTAGE ZINC WATERING CAN,C,Z,CZ,Наблюдать: новый товар,нет,109.55,0.0,29.85,10,6,5,2,2.676,10.96,2922,77.2,99.64,да,нет,нет,нет,нет,не продавался,2011-10-01,2011-11-01
90124C,GREEN MURANO TWIST NECKLACE,C,Z,CZ,Кандидат на вывод: редкий хаотичный спрос,да,109.54,110.67,0.0,11,8,4,6,1.216,9.96,2923,77.23,99.64,нет,нет,нет,нет,да,C,2009-12-01,2011-11-01
90170,DAISY HAIR BAND,C,Z,CZ,Оставить,нет,108.98,109.25,11.55,66,29,5,9,1.038,1.65,2924,77.25,99.64,нет,нет,нет,нет,нет,C,2009-12-01,2011-11-01
21678,PAISLEY PATTERN  STICKERS,C,Y,CY,Оставить,нет,108.6,311.14,3.26,123,31,16,11,0.768,0.88,2925,77.28,99.64,нет,нет,нет,нет,нет,C,2009-12-01,2011-11-01
72812,LARGE ZINC GLASS CANDLEHOLDER,C,Z,CZ,Кандидат на вывод: редкий хаотичный спрос,да,107.8,172.4,8.26,32,9,3,6,1.179,3.37,2926,77.31,99.64,нет,нет,нет,нет,нет,C,2009-12-01,2011-11-01
21372,MIRRORED WALL ART TABLE LAMP,C,Y,CY,Оставить,нет,107.75,159.26,0.0,75,33,18,9,0.829,1.44,2927,77.33,99.64,нет,нет,нет,нет,нет,C,2009-12-01,2011-11-01
35916C,PINK FELT HANGING HEART W FLOWER,C,Z,CZ,Оставить,нет,107.72,59.83,0.0,106,20,5,8,1.26,1.02,2928,77.36,99.64,нет,нет,нет,нет,да,C,2009-12-01,2011-10-01
17090A,LAVENDER INCENSE 40 CONES IN TIN,C,Z,CZ,Кандидат на вывод: редкий хаотичный спрос,да,107.45,75.2,0.0,109,10,9,8,1.54,0.99,2929,77.38,99.65,нет,нет,нет,нет,да,C,2009-12-01,2011-11-01
90125A,PINK BERTIE GLASS BEAD BAG CHARM,C,Z,CZ,Ручная проверка: покупают вместе с A-товаром,нет,106.24,52.53,0.0,115,10,4,4,1.964,0.92,2930,77.41,99.65,нет,нет,нет,да,да,C,2009-12-01,2011-07-01
23496,PANTRY KITCHEN THERMOMETER,C,Z,CZ,Наблюдать: новый товар,нет,106.13,0.0,48.39,82,20,17,2,3.144,1.29,2931,77.44,99.65,да,нет,нет,нет,нет,не продавался,2011-10-01,2011-11-01
35819B,"ACRYLIC HANGING JEWEL,BLUE",C,Z,CZ,Оставить,нет,106.05,86.25,0.0,268,24,19,6,1.668,0.4,2932,77.46,99.65,нет,нет,нет,нет,да,C,2009-12-01,2011-11-01
20657,TROPICAL LUGGAGE TAG,C,Y,CY,Оставить,нет,105.91,620.56,0.0,73,33,20,12,0.894,1.45,2933,77.49,99.65,нет,нет,нет,нет,нет,C,2009-12-01,2011-11-01
20894,HANGING BAUBLE T-LIGHT HOLDER LARGE,C,Z,CZ,Оставить: сезонный спрос,нет,105.76,706.79,2.95,32,14,9,7,1.495,3.3,2934,77.52,99.65,нет,да,нет,нет,нет,B,2009-12-01,2011-11-01
90016A,SILVER/M.O.P PENDANT ORBIT NECKLACE,C,Z,CZ,Кандидат на вывод: редкий хаотичный спрос,да,105.71,102.15,0.0,17,7,4,7,1.716,6.22,2935,77.54,99.65,нет,нет,нет,нет,да,C,2009-12-01,2011-10-01
90185A,AMBER DIAMANTE EXPANDABLE RING,C,Z,CZ,Кандидат на вывод: редкий хаотичный спрос,да,105.53,51.26,0.0,25,12,4,6,1.736,4.22,2936,77.57,99.65,нет,нет,нет,нет,да,C,2009-12-01,2011-11-01
85096,HILDA CANDY SPOT RABBIT,C,Y,CY,Оставить: сезонный спрос,нет,105.48,567.69,3.75,24,15,9,7,0.913,4.4,2937,77.6,99.65,нет,да,нет,нет,нет,C,2009-12-01,2011-11-01
90195A,PURPLE GEMSTONE BRACELET,C,Z,CZ,Оставить: сезонный спрос,нет,105.14,444.46,17.7,13,9,6,5,1.786,8.09,2938,77.62,99.66,нет,да,нет,нет,да,C,2009-12-01,2011-11-01
35818P,"ACRYLIC JEWEL ICICLE, PINK",C,Z,CZ,Оставить,нет,105.07,136.32,0.76,261,18,14,6,1.732,0.4,2939,77.65,99.66,нет,нет,нет,нет,да,C,2010-05-01,2011-11-01
90161A,ANT COPPER RED BOUDICCA BRACELET,C,Y,CY,Оставить,нет,105.03,230.05,14.88,21,19,5,9,0.965,5.0,2940,77.68,99.66,нет,нет,нет,нет,да,C,2009-12-01,2011-11-01
21904,HOUSE WRECKING METAL SIGN,C,Z,CZ,Вывести: продаж нет 6+ месяцев,да,105.0,1096.52,0.0,50,23,21,6,1.307,2.1,2941,77.7,99.66,нет,нет,да,нет,нет,B,2009-12-01,2011-05-01
85129C,BEADED CRYSTAL HEART BLUE SMALL,C,Z,CZ,Оставить,нет,104.85,402.92,2.46,79,14,8,7,1.488,1.33,2942,77.73,99.66,нет,нет,нет,нет,да,C,2009-12-01,2011-11-01
35920,FOUR RABBIT EASTER DECORATIONS,C,Z,CZ,Вывести: продаж нет 6+ месяцев,да,104.84,191.5,0.0,72,15,11,4,1.492,1.46,2943,77.75,99.66,нет,нет,да,нет,нет,C,2010-01-01,2011-04-01
90070,RUBY GLASS CLUSTER BRACELET,C,Y,CY,Оставить,нет,104.79,226.81,0.0,17,13,2,9,0.932,6.16,2944,77.78,99.66,нет,нет,нет,нет,нет,C,2009-12-01,2011-11-01
90210C,RED   ACRYLIC FACETED BANGLE,C,Z,CZ,Кандидат на вывод: редкий хаотичный спрос,да,104.71,56.05,25.8,77,6,3,4,3.13,1.36,2945,77.81,99.66,нет,нет,нет,да,да,C,2009-12-01,2011-06-01
90122A,PINK CRYSTAL+GLASS BRACELET,C,Z,CZ,Оставить,нет,104.53,169.36,0.0,21,14,3,8,1.322,4.98,2946,77.83,99.66,нет,нет,нет,нет,да,C,2010-01-01,2011-11-01
20796,SMALL BLUE PROVENCAL CERAMIC BALL,C,Z,CZ,Кандидат на вывод: редкий хаотичный спрос,да,103.94,78.22,0.0,62,9,8,7,1.53,1.68,2947,77.86,99.67,нет,нет,нет,нет,нет,C,2009-12-01,2011-11-01
90214A,"LETTER ""A"" BLING KEY RING",C,Y,CY,Оставить,нет,103.87,101.99,7.79,105,53,3,12,0.619,0.99,2948,77.89,99.67,нет,нет,нет,нет,да,C,2009-12-01,2011-11-01
23303,SET 4 PICNIC CUTLERY FONDANT,C,Z,CZ,Наблюдать: новый товар,нет,103.35,0.0,23.4,53,5,5,2,2.237,1.95,2949,77.91,99.67,да,нет,нет,нет,нет,не продавался,2011-10-01,2011-11-01
90032,IVORY SHELL HEART NECKLACE,C,Z,CZ,Кандидат на вывод: редкий хаотичный спрос,да,103.13,168.75,0.0,21,8,4,6,1.459,4.91,2950,77.94,99.67,нет,нет,нет,нет,нет,C,2010-01-01,2011-10-01
22879,NUMBER TILE VINTAGE FONT 0,C,Z,CZ,Оставить,нет,102.46,31.94,0.0,70,16,6,10,1.6,1.46,2951,77.97,99.67,нет,нет,нет,нет,нет,C,2010-10-01,2011-10-01
90130B,TURQ STONE/CRYSTAL EARRINGS,C,Y,CY,Оставить,нет,102.37,74.12,11.6,35,28,3,11,0.785,2.92,2952,77.99,99.67,нет,нет,нет,нет,да,C,2009-12-01,2011-11-01
90196A,PURPLE GEMSTONE NECKLACE 45CM,C,Z,CZ,Кандидат на вывод: редкий хаотичный спрос,да,102.0,127.5,0.0,8,5,5,3,2.151,12.75,2953,78.02,99.67,нет,нет,нет,да,да,C,2009-12-01,2011-11-01
90063A,WHITE VINT ART DECO CRYSTAL NECKLAC,C,Z,CZ,Кандидат на вывод: редкий хаотичный спрос,да,102.0,76.48,0.0,12,8,7,6,1.08,8.5,2954,78.04,99.67,нет,нет,нет,нет,да,C,2010-06-01,2011-11-01
84989A,75 GREEN FAIRY CAKE CASES,C,X,CX,Оставить,нет,101.81,1141.63,0.55,68,41,15,12,0.469,1.5,2955,78.07,99.67,нет,нет,нет,нет,нет,B,2009-12-01,2011-11-01
20701,PINK CAT FLORAL CUSHION COVER,C,Z,CZ,Оставить,нет,100.97,620.52,0.0,25,18,3,3,2.169,4.04,2956,78.1,99.68,нет,нет,нет,нет,нет,C,2009-12-01,2011-06-01
35637C,PINK STRING CURTAIN WITH POLE,C,Z,CZ,Кандидат на вывод: редкий хаотичный спрос,да,100.86,230.28,0.0,30,9,7,6,1.88,3.36,2957,78.12,99.68,нет,нет,нет,нет,да,C,2010-01-01,2011-11-01
16033,MINI HIGHLIGHTER PENS,C,Z,CZ,Вывести: продаж нет 6+ месяцев,да,100.8,1400.52,0.0,840,4,4,3,2.035,0.12,2958,78.15,99.68,нет,нет,да,да,нет,B,2009-12-01,2011-02-01
35911B,PINK/FLOWER RABBIT EGG WARMER,C,Z,CZ,Вывести: продаж нет 6+ месяцев,да,100.76,84.0,0.0,119,15,4,3,2.83,0.85,2959,78.18,99.68,нет,нет,да,нет,да,C,2009-12-01,2011-03-01
90010B,BLACK/WHITE GLASS/SILVER BRACELET,C,Z,CZ,Вывести: продаж нет 6+ месяцев,да,100.09,477.93,0.0,11,7,3,4,1.634,9.1,2960,78.2,99.68,нет,нет,да,нет,да,C,2009-12-01,2011-04-01
17091A,LAVENDER INCENSE IN TIN,C,Z,CZ,Вывести: продаж нет 6+ месяцев,да,98.91,1186.98,0.0,171,25,19,6,1.6,0.58,2961,78.23,99.68,нет,нет,да,нет,да,B,2009-12-01,2011-05-01
84898F,YELLOW FLOWERS FELT HANDBAG KIT,C,Z,CZ,Вывести: продаж нет 6+ месяцев,да,98.63,254.12,0.0,46,19,15,4,1.68,2.14,2962,78.26,99.68,нет,нет,да,нет,нет,C,2009-12-01,2011-03-01
21420,OYSTER TRINKET BOX,C,Y,CY,Оставить: сезонный спрос,нет,98.29,211.75,22.12,25,17,10,11,0.603,3.93,2963,78.28,99.68,нет,да,нет,нет,нет,C,2010-01-01,2011-11-01
84723,CHERRY BLOSSOM CANVAS ART PICTURE,C,Z,CZ,Кандидат на вывод: редкий хаотичный спрос,да,97.95,63.6,0.0,41,6,5,4,2.433,2.39,2964,78.31,99.68,нет,нет,нет,да,нет,C,2010-02-01,2011-08-01
90208,PAIR OF PINK FLOWER CLUSTER SLIDE,C,Z,CZ,Оставить,нет,97.56,254.13,19.84,39,31,3,7,1.11,2.5,2965,78.34,99.69,нет,нет,нет,нет,нет,C,2009-12-01,2011-11-01
90003D,CRYSTAL PAIR HEART HAIR SLIDES,C,Y,CY,Оставить,нет,97.26,102.66,0.0,26,15,6,9,0.976,3.74,2966,78.36,99.69,нет,нет,нет,нет,да,C,2009-12-01,2011-11-01
84801A,PINK HYDRANGEA ART FLOWER,C,Z,CZ,Кандидат на вывод: редкий хаотичный спрос,да,96.6,330.84,0.0,46,5,5,5,1.268,2.1,2967,78.39,99.69,нет,нет,нет,нет,да,C,2010-01-01,2011-11-01
21777,RECIPE BOX WITH METAL HEART,C,Z,CZ,Вывести: продаж нет 6+ месяцев,да,95.4,8932.41,0.0,12,6,3,1,3.317,7.95,2968,78.41,99.69,нет,нет,да,нет,нет,A,2009-12-01,2010-12-01
23562,SET OF 6 RIBBONS PERFECTLY PRETTY,C,Z,CZ,Наблюдать: новый товар,нет,95.37,0.0,629.22,33,12,12,1,3.317,2.89,2969,78.44,99.69,да,нет,нет,нет,нет,не продавался,2011-11-01,2011-11-01
90036D,"FLOWER GLASS GARLAND NECKL.36""BLACK",C,Z,CZ,Кандидат на вывод: редкий хаотичный спрос,да,95.35,206.94,0.0,12,5,4,5,1.414,7.95,2970,78.47,99.69,нет,нет,нет,нет,да,C,2009-12-01,2011-06-01
90178A,AMBER CHUNKY GLASS+BEAD NECKLACE,C,Z,CZ,Кандидат на вывод: редкий хаотичный спрос,да,95.25,227.16,0.0,8,8,6,4,2.062,11.91,2971,78.49,99.69,нет,нет,нет,нет,да,C,2009-12-01,2011-10-01
84527,FLAMES SUNGLASSES PINK LENSES,C,Z,CZ,Кандидат на вывод: редкий хаотичный спрос,да,95.1,51.01,0.0,52,8,6,6,1.852,1.83,2972,78.52,99.69,нет,нет,нет,нет,нет,C,2010-03-01,2011-11-01
79144B,PAINTED LIGHTBULB STAR+ MOON,C,Y,CY,Оставить: сезонный спрос,нет,94.93,77.8,8.3,170,47,14,12,0.807,0.56,2973,78.55,99.69,нет,да,нет,нет,да,C,2009-12-01,2011-11-01
82613A,"METAL SIGN,CUPCAKE SINGLE HOOK",C,Z,CZ,Оставить,нет,94.84,580.11,0.0,72,19,13,8,1.435,1.32,2974,78.57,99.69,нет,нет,нет,нет,да,C,2009-12-01,2011-07-01
84666,SQUARE CHERRY BLOSSOM CABINET,C,Z,CZ,Вывести: продаж нет 6+ месяцев,да,94.8,797.9,0.0,24,4,4,3,1.871,3.95,2975,78.6,99.7,нет,нет,да,нет,нет,B,2009-12-01,2011-04-01
90081C,LILY BROOCH OLIVE COLOUR,C,Y,CY,Оставить,нет,94.65,150.87,4.95,19,14,5,8,0.91,4.98,2976,78.63,99.7,нет,нет,нет,нет,да,C,2009-12-01,2011-11-01
22039,BOTANICAL LILY GIFT WRAP,C,Z,CZ,Кандидат на вывод: редкий хаотичный спрос,да,94.5,248.0,0.0,225,6,6,4,2.186,0.42,2977,78.65,99.7,нет,нет,нет,нет,нет,C,2009-12-01,2011-10-01
20795,LARGE BLUE PROVENCAL CERAMIC BALL,C,Z,CZ,Кандидат на вывод: редкий хаотичный спрос,да,94.22,195.65,16.73,41,8,6,5,1.333,2.3,2978,78.68,99.7,нет,нет,нет,нет,нет,C,2009-12-01,2011-11-01
79144C,PAINTED LIGHTBULB RAINBOW DESIGN,C,Y,CY,Оставить: сезонный спрос,нет,93.14,82.02,4.98,146,47,5,12,0.964,0.64,2979,78.71,99.7,нет,да,нет,нет,да,C,2009-12-01,2011-11-01
17084P,DRAGONS BLOOD INCENSE,C,Y,CY,Оставить,нет,93.1,118.31,11.34,396,37,12,11,0.561,0.24,2980,78.73,99.7,нет,нет,нет,нет,да,C,2009-12-01,2011-11-01
20653,CHERRY BLOSSOM LUGGAGE TAG,C,Z,CZ,Оставить,нет,92.72,433.59,2.46,72,32,5,10,1.058,1.29,2981,78.76,99.7,нет,нет,нет,нет,нет,C,2009-12-01,2011-11-01
20773,BLUE PAISLEY NOTEBOOK,C,Z,CZ,Оставить,нет,92.4,869.93,0.0,56,23,21,10,1.006,1.65,2982,78.78,99.7,нет,нет,нет,нет,нет,B,2009-12-01,2011-09-01
35933,PINK STOCKING CHRISTMAS DECORATION,C,Z,CZ,Оставить,нет,92.21,39.17,0.0,226,19,15,7,1.782,0.41,2983,78.81,99.7,нет,нет,нет,нет,нет,C,2009-12-01,2011-11-01
82615,PINK MARSHMALLOW SCARF KNITTING KIT,C,Z,CZ,Вывести: продаж нет 6+ месяцев,да,91.8,1512.17,0.0,36,1,1,1,3.317,2.55,2984,78.84,99.7,нет,нет,да,да,нет,B,2009-12-01,2010-12-01
90030C,BROWN KUKUI COCONUT SEED NECKLACE,C,Z,CZ,Кандидат на вывод: редкий хаотичный спрос,да,91.7,59.6,0.0,77,11,8,6,2.237,1.19,2985,78.86,99.71,нет,нет,нет,нет,да,C,2009-12-01,2011-11-01
90175B,PINK GLASS CHUNKY CHARM BRACELET,C,Z,CZ,Кандидат на вывод: редкий хаотичный спрос,да,91.68,213.27,0.0,10,9,0,6,1.183,9.17,2986,78.89,99.71,нет,нет,нет,нет,да,C,2009-12-01,2011-11-01
23304,SET 4 PICNIC CUTLERY CHERRY,C,Z,CZ,Наблюдать: новый товар,нет,91.65,0.0,46.8,47,7,7,2,2.759,1.95,2987,78.92,99.71,да,нет,нет,нет,нет,не продавался,2011-10-01,2011-11-01
47369B,BLUE GREEN EMBROIDERY COSMETIC BAG,C,Z,CZ,Оставить,нет,91.34,56.05,5.79,34,21,3,6,2.203,2.69,2988,78.94,99.71,нет,нет,нет,нет,да,C,2009-12-01,2011-11-01
21722,SWEET PUDDING STICKER SHEET,C,Z,CZ,Оставить,нет,90.64,230.52,4.89,95,33,13,11,1.049,0.95,2989,78.97,99.71,нет,нет,нет,нет,нет,C,2009-12-01,2011-11-01
20662,FIRST CLASS HOLIDAY PURSE,C,Z,CZ,Оставить,нет,90.42,329.91,0.0,31,20,4,7,1.269,2.92,2990,79.0,99.71,нет,нет,нет,нет,нет,C,2009-12-01,2011-10-01
85230F,JASMINE VOTIVE CANDLE,C,Z,CZ,Оставить,нет,90.34,635.36,0.0,338,12,11,7,1.506,0.27,2991,79.02,99.71,нет,нет,нет,нет,да,C,2009-12-01,2011-11-01
90003C,MIDNIGHT BLUE PAIR HEART HAIR SLIDE,C,Y,CY,Оставить,нет,89.92,60.45,14.92,24,19,4,10,0.707,3.75,2992,79.05,99.71,нет,нет,нет,нет,да,C,2009-12-01,2011-11-01
22407,MONEY BOX FIRST ADE DESIGN,C,Y,CY,Оставить,нет,89.92,421.84,9.36,70,22,15,9,0.982,1.28,2993,79.08,99.71,нет,нет,нет,нет,нет,C,2010-03-01,2011-11-01
23611,SET 10 CARDS RED RIDING HOOD 17214,C,Z,CZ,Наблюдать: новый товар,нет,89.64,0.0,9.96,36,14,0,3,2.059,2.49,2994,79.1,99.71,да,нет,нет,нет,нет,не продавался,2011-09-01,2011-11-01
23151,ZINC SWEETHEART SOAP DISH,C,Z,CZ,Оставить,нет,89.62,0.0,24.71,35,14,13,7,1.294,2.56,2995,79.13,99.72,нет,нет,нет,нет,нет,не продавался,2011-05-01,2011-11-01
72051S,BAG OF SILVER STONES,C,Z,CZ,Вывести: продаж нет 6+ месяцев,да,89.53,101.36,0.0,130,13,5,5,1.968,0.69,2996,79.15,99.72,нет,нет,да,нет,нет,C,2009-12-01,2011-04-01
90133,TEAL/FUSCHIA COL BEAD NECKLACE,C,Z,CZ,Кандидат на вывод: редкий хаотичный спрос,да,89.45,142.03,4.98,18,12,3,4,2.203,4.97,2997,79.18,99.72,нет,нет,нет,нет,нет,C,2009-12-01,2011-11-01
84461,12 PINK HEN+CHICKS IN BASKET,C,Z,CZ,Вывести: продаж нет 6+ месяцев,да,89.25,149.24,0.0,35,13,12,4,2.179,2.55,2998,79.21,99.72,нет,нет,да,нет,нет,C,2010-01-01,2011-04-01
20892,SET/3 TALL GLASS CANDLE HOLDER PINK,C,Z,CZ,Вывести: продаж нет 6+ месяцев,да,89.22,980.63,0.0,4,3,1,1,3.317,22.3,2999,79.23,99.72,нет,нет,да,нет,нет,B,2009-12-01,2010-12-01
90123A,PINK HEART OF GLASS BRACELET,C,Z,CZ,Кандидат на вывод: редкий хаотичный спрос,да,89.12,124.95,0.0,15,9,8,7,1.089,5.94,3000,79.26,99.72,нет,нет,нет,нет,да,C,2009-12-01,2011-10-01
90148,LONG SILVER NECKLACE PASTEL FLOWER,C,Z,CZ,Кандидат на вывод: редкий хаотичный спрос,да,88.98,242.25,0.0,7,5,4,5,1.301,12.71,3001,79.29,99.72,нет,нет,нет,нет,нет,C,2009-12-01,2011-08-01
35833P,4 PINK FLOCK CHRISTMAS BALLS,C,Z,CZ,Оставить: сезонный спрос,нет,88.47,253.7,0.0,49,22,8,7,1.614,1.81,3002,79.31,99.72,нет,да,нет,нет,да,C,2009-12-01,2011-11-01
84984A,GREEN PEONY CUSHION COVER,C,Z,CZ,Кандидат на вывод: редкий хаотичный спрос,да,88.35,364.47,0.0,19,6,4,5,1.351,4.65,3003,79.34,99.72,нет,нет,нет,да,да,C,2010-01-01,2011-11-01
84306,S/3 PINK SQUARE PLANTERS ROSES,C,Z,CZ,Вывести: продаж нет 6+ месяцев,да,88.22,469.26,0.0,10,9,2,2,2.441,8.82,3004,79.37,99.72,нет,нет,да,нет,нет,C,2009-12-01,2011-03-01
20898,VINTAGE NOTEBOOK TRAVELOGUE,C,Z,CZ,Кандидат на вывод: редкий хаотичный спрос,да,88.03,588.19,0.0,32,12,3,4,1.734,2.75,3005,79.39,99.72,нет,нет,нет,нет,нет,C,2009-12-01,2011-10-01
90146,FINE SILVER NECKLACE W PASTEL FLOWE,C,Z,CZ,Кандидат на вывод: редкий хаотичный спрос,да,87.45,166.14,7.9,16,6,3,5,1.846,5.47,3006,79.42,99.73,нет,нет,нет,нет,нет,C,2009-12-01,2011-10-01
47369A,PINK GREEN EMBROIDERY COSMETIC BAG,C,Z,CZ,Оставить,нет,87.4,47.21,5.79,32,19,6,6,1.293,2.73,3007,79.45,99.73,нет,нет,нет,нет,да,C,2010-03-01,2011-11-01
23626,SET 10 CARDS DINKY TREE 17076,C,Z,CZ,Наблюдать: новый товар,нет,87.15,0.0,19.92,35,12,0,2,2.839,2.49,3008,79.47,99.73,да,нет,нет,нет,нет,не продавался,2011-10-01,2011-11-01
23580,SNACK TRAY HAPPY FOREST,C,Z,CZ,Наблюдать: новый товар,нет,86.26,0.0,148.66,42,10,9,1,3.317,2.05,3009,79.5,99.73,да,нет,нет,нет,нет,не продавался,2011-11-01,2011-11-01
90019B,GOLD M.O.P ORBIT BRACELET,C,Z,CZ,Оставить,нет,85.72,72.1,10.8,16,16,2,8,1.075,5.36,3010,79.52,99.73,нет,нет,нет,нет,да,C,2010-01-01,2011-11-01
84531B,BLUE KNITTED EGG COSY,C,Z,CZ,Вывести: продаж нет 6+ месяцев,да,85.61,78.4,0.0,155,28,24,4,2.118,0.55,3011,79.55,99.73,нет,нет,да,нет,да,C,2009-12-01,2011-04-01
75172,PAINTED SEA SHELL METAL WINDCHIME,C,Z,CZ,Кандидат на вывод: редкий хаотичный спрос,да,85.31,15.0,0.0,93,8,8,4,2.972,0.92,3012,79.58,99.73,нет,нет,нет,нет,нет,C,2010-06-01,2011-07-01
90129F,RED GLASS TASSLE BAG CHARM,C,Z,CZ,Оставить,нет,85.08,95.23,2.95,39,15,4,8,1.359,2.18,3013,79.6,99.73,нет,нет,нет,нет,да,C,2009-12-01,2011-11-01
90183A,AMBER DROP EARRINGS W LONG BEADS,C,Z,CZ,Оставить,нет,84.99,38.41,14.55,29,18,3,9,1.408,2.93,3014,79.63,99.73,нет,нет,нет,нет,да,C,2010-01-01,2011-11-01
79403,FROSTED WHITE BASE,C,Y,CY,Оставить,нет,84.67,113.5,0.85,94,14,9,9,0.886,0.9,3015,79.66,99.73,нет,нет,нет,нет,нет,C,2009-12-01,2011-10-01
90185C,BLACK DIAMANTE EXPANDABLE RING,C,Z,CZ,Ручная проверка: покупают вместе с A-товаром,нет,84.59,89.62,0.0,20,9,4,5,1.995,4.23,3016,79.68,99.73,нет,нет,нет,нет,да,C,2009-12-01,2011-10-01
20869,GOLD FABRIC MIRROR,C,Z,CZ,Оставить,нет,84.42,208.36,2.34,174,27,15,9,1.468,0.49,3017,79.71,99.74,нет,нет,нет,нет,нет,C,2009-12-01,2011-11-01
16169K,WRAP FOLK ART,C,Z,CZ,Кандидат на вывод: редкий хаотичный спрос,да,84.0,574.75,0.0,200,8,8,4,1.768,0.42,3018,79.74,99.74,нет,нет,нет,нет,да,C,2009-12-01,2011-09-01
90018B,GOLD M.O.P ORBIT DROP EARRINGS,C,Y,CY,Оставить,нет,83.98,72.34,8.3,20,15,5,9,0.927,4.2,3019,79.76,99.74,нет,нет,нет,нет,да,C,2009-12-01,2011-11-01
90166,PINK & WHITE ROSEBUD RING,C,Z,CZ,Оставить,нет,83.89,80.9,4.15,20,14,4,8,1.02,4.19,3020,79.79,99.74,нет,нет,нет,нет,нет,C,2009-12-01,2011-11-01
20941,FROG CANDLE,C,Z,CZ,Оставить,нет,83.78,782.5,0.0,64,19,13,8,1.149,1.31,3021,79.82,99.74,нет,нет,нет,нет,нет,B,2009-12-01,2011-07-01
22016,Dotcomgiftshop Gift Voucher £100.00,C,Z,CZ,Наблюдать: новый товар,нет,83.33,0.0,0.0,1,1,0,1,3.317,83.33,3022,79.84,99.74,да,нет,нет,нет,нет,не продавался,2011-08-01,2011-08-01
90123C,GREEN HEART OF GLASS BRACELET,C,Z,CZ,Кандидат на вывод: редкий хаотичный спрос,да,83.29,77.46,0.0,14,6,5,5,1.301,5.95,3023,79.87,99.74,нет,нет,нет,нет,да,C,2009-12-01,2011-08-01
90129A,PINK GLASS TASSLE BAG CHARM,C,Z,CZ,Оставить,нет,82.98,212.4,0.0,45,20,3,8,1.352,1.84,3024,79.89,99.74,нет,нет,нет,нет,да,C,2009-12-01,2011-10-01
84881,BLUE WIRE SPIRAL CANDLE HOLDER,C,Z,CZ,Кандидат на вывод: редкий хаотичный спрос,да,82.57,260.37,0.0,12,6,5,4,1.683,6.88,3025,79.92,99.74,нет,нет,нет,нет,нет,C,2010-01-01,2011-07-01
21690,SILVER  CANDLEPOT JARDIN,C,Z,CZ,Вывести: продаж нет 6+ месяцев,да,82.5,908.34,0.0,22,7,6,2,2.859,3.75,3026,79.95,99.74,нет,нет,да,нет,нет,B,2009-12-01,2011-01-01
23574,PACKING CHARGE,C,Z,CZ,Наблюдать: новый товар,нет,82.5,0.0,7.5,11,11,7,4,1.807,7.5,3027,79.97,99.74,да,нет,нет,нет,нет,не продавался,2011-07-01,2011-11-01
35968,FOLK ART METAL HEART T-LIGHT HOLDER,C,Z,CZ,Оставить,нет,82.1,281.24,0.0,163,19,14,7,1.061,0.5,3028,80.0,99.75,нет,нет,нет,нет,нет,C,2009-12-01,2011-11-01
35638A,PINK AND BLACK STRING CURTAIN,C,Z,CZ,Кандидат на вывод: редкий хаотичный спрос,да,82.1,5.95,0.0,38,5,5,5,2.847,2.16,3029,80.03,99.75,нет,нет,нет,да,да,C,2010-01-01,2011-11-01
16049,TEATIME GEL PENS ASST,C,Z,CZ,Вывести: продаж нет 6+ месяцев,да,82.08,478.4,0.0,504,5,5,2,3.067,0.16,3030,80.05,99.75,нет,нет,да,нет,нет,C,2009-12-01,2011-05-01
20664,TROPICAL HOLIDAY PURSE,C,Z,CZ,Оставить,нет,81.66,73.75,0.0,32,18,3,4,1.741,2.55,3031,80.08,99.75,нет,нет,нет,нет,нет,C,2009-12-01,2011-08-01
85023B,EAU DE NILE JEWELLED PHOTOFRAME,C,Z,CZ,Кандидат на вывод: редкий хаотичный спрос,да,81.6,447.0,2.55,32,11,8,7,1.871,2.55,3032,80.11,99.75,нет,нет,нет,нет,нет,C,2009-12-01,2011-11-01
71496A,A4 WALL TIDY BLUE OFFICE,C,Z,CZ,Кандидат на вывод: редкий хаотичный спрос,да,80.96,67.05,0.0,127,12,5,9,1.715,0.64,3033,80.13,99.75,нет,нет,нет,нет,да,C,2010-03-01,2011-11-01
21038,SET/4 MODERN VINTAGE COTTON NAPKINS,C,Z,CZ,Вывести: продаж нет 6+ месяцев,да,80.85,268.73,0.0,75,22,19,4,2.377,1.08,3034,80.16,99.75,нет,нет,да,нет,нет,C,2009-12-01,2011-05-01
90175C,BLUE GLASS CHUNKY CHARM BRACELET,C,Z,CZ,Кандидат на вывод: редкий хаотичный спрос,да,80.55,252.4,0.0,9,6,6,4,1.453,8.95,3035,80.18,99.75,нет,нет,нет,нет,да,C,2009-12-01,2011-11-01
21226,POCKET MIRROR WOODLAND,C,Z,CZ,Оставить,нет,80.55,150.0,0.0,93,20,4,5,2.02,0.87,3036,80.21,99.75,нет,нет,нет,нет,нет,C,2009-12-01,2011-11-01
90101,WHITE FRANGIPANI NECKLACE,C,Y,CY,Оставить,нет,80.29,33.09,2.48,32,15,3,9,0.935,2.51,3037,80.24,99.75,нет,нет,нет,нет,нет,C,2009-12-01,2011-11-01
84927E,FLOWERS TILE HOOK,C,Z,CZ,Оставить,нет,80.16,128.79,0.0,59,13,10,5,1.713,1.36,3038,80.26,99.75,нет,нет,нет,нет,да,C,2010-02-01,2011-07-01
90124A,PINK MURANO TWIST NECKLACE,C,Z,CZ,Кандидат на вывод: редкий хаотичный спрос,да,79.66,219.62,0.0,8,6,4,5,1.414,9.96,3039,80.29,99.75,нет,нет,нет,нет,да,C,2009-12-01,2011-10-01
84249A,"GREETING CARD,SQUARE, DOUGHNUTS",C,Z,CZ,Оставить,нет,79.63,32.76,0.83,173,26,12,12,1.022,0.46,3040,80.32,99.76,нет,нет,нет,нет,нет,C,2010-02-01,2011-11-01
90108,BLUE BLOSSOM HAIR CLIP,C,Z,CZ,Ручная проверка: покупают вместе с A-товаром,нет,79.5,43.87,2.46,69,11,6,9,1.329,1.15,3041,80.34,99.76,нет,нет,нет,нет,нет,C,2010-01-01,2011-11-01
90072,RUBY DROP CHANDELIER EARRINGS,C,Z,CZ,Оставить,нет,79.27,92.89,4.15,20,13,2,8,1.158,3.96,3042,80.37,99.76,нет,нет,нет,нет,нет,C,2009-12-01,2011-11-01
84984B,RED PEONY CUSHION COVER,C,Z,CZ,Кандидат на вывод: редкий хаотичный спрос,да,79.05,452.95,0.0,17,5,4,4,1.537,4.65,3043,80.4,99.76,нет,нет,нет,нет,да,C,2010-01-01,2011-11-01
21278,VINTAGE KITCHEN PRINT PUDDINGS,C,Z,CZ,Кандидат на вывод: редкий хаотичный спрос,да,79.05,1260.1,0.0,31,7,7,4,1.52,2.55,3044,80.42,99.76,нет,нет,нет,нет,нет,B,2009-12-01,2011-07-01
21370,MIRRORED WALL ART FOXY,C,Z,CZ,Кандидат на вывод: редкий хаотичный спрос,да,78.3,151.31,22.36,9,5,4,2,2.618,8.7,3045,80.45,99.76,нет,нет,нет,да,нет,C,2009-12-01,2011-11-01
37479B,CUBIC MUG FLOCK BLUE ON BROWN,C,Z,CZ,Оставить,нет,78.09,1017.76,0.0,131,21,16,6,1.875,0.6,3046,80.48,99.76,нет,нет,нет,нет,да,B,2010-01-01,2011-06-01
23576,SNACK TRAY RED VINTAGE DOILY,C,Z,CZ,Наблюдать: новый товар,нет,78.0,0.0,322.04,40,8,8,1,3.317,1.95,3047,80.5,99.76,да,нет,нет,нет,нет,не продавался,2011-11-01,2011-11-01
90000A,RASPBERRY ANT COPPER FLOWER NECKLAC,C,Z,CZ,Кандидат на вывод: редкий хаотичный спрос,да,77.91,121.07,0.0,13,8,6,5,1.433,5.99,3048,80.53,99.76,нет,нет,нет,нет,да,C,2009-12-01,2011-11-01
90129E,PURPLE GLASS TASSLE BAG CHARM,C,Z,CZ,Оставить,нет,77.04,186.1,0.0,42,14,1,7,1.696,1.83,3049,80.55,99.76,нет,нет,нет,нет,да,C,2009-12-01,2011-11-01
20980,36 PENCILS TUBE POSY,C,Z,CZ,Оставить,нет,76.91,205.4,0.0,79,20,10,6,2.135,0.97,3050,80.58,99.76,нет,нет,нет,нет,нет,C,2009-12-01,2011-08-01
90204,PAIR OF ENAMEL BUTTERFLY HAIRCLIP,C,Z,CZ,Оставить,нет,76.82,71.6,6.64,23,16,7,7,1.286,3.34,3051,80.61,99.76,нет,нет,нет,нет,нет,C,2009-12-01,2011-11-01
90129C,GREEN GLASS TASSLE BAG CHARM,C,Z,CZ,Оставить,нет,76.81,163.62,2.95,34,15,5,7,1.373,2.26,3052,80.63,99.77,нет,нет,нет,нет,да,C,2009-12-01,2011-11-01
90162B,ANT SILVER LIME GREEN BOUDICCA RING,C,Z,CZ,Кандидат на вывод: редкий хаотичный спрос,да,76.7,82.6,0.0,26,9,6,6,1.54,2.95,3053,80.66,99.77,нет,нет,нет,нет,да,C,2010-03-01,2011-11-01
84531A,PINK KNITTED EGG COSY,C,Z,CZ,Вывести: продаж нет 6+ месяцев,да,76.69,92.67,0.0,147,29,24,4,2.259,0.52,3054,80.69,99.77,нет,нет,да,нет,да,C,2009-12-01,2011-04-01
35916B,BLUE FELT HANGING HEART WITH FLOWER,C,Z,CZ,Оставить,нет,76.68,42.99,0.0,91,32,1,7,1.489,0.84,3055,80.71,99.77,нет,нет,нет,нет,да,C,2009-12-01,2011-10-01
46000P,POLYESTER FILLER PAD 65CMx65CM,C,Z,CZ,Кандидат на вывод: редкий хаотичный спрос,да,76.5,816.0,0.0,18,6,5,4,2.028,4.25,3056,80.74,99.77,нет,нет,нет,нет,да,B,2009-12-01,2011-09-01
84840,SWEETHEART CARRY-ALL BASKET,C,Z,CZ,Вывести: продаж нет 6+ месяцев,да,76.44,2337.38,0.0,6,6,3,3,1.915,12.74,3057,80.77,99.77,нет,нет,да,нет,нет,B,2010-05-01,2011-03-01
90063B,BLACK VINT ART DEC CRYSTAL NECKLACE,C,Z,CZ,Кандидат на вывод: редкий хаотичный спрос,да,76.32,93.85,0.0,9,6,5,5,1.347,8.48,3058,80.79,99.77,нет,нет,нет,нет,да,C,2009-12-01,2011-11-01
16207B,PINK HEART RED HANDBAG,C,Z,CZ,Оставить,нет,76.14,381.51,0.0,29,18,3,6,1.335,2.63,3059,80.82,99.77,нет,нет,нет,нет,да,C,2009-12-01,2011-08-01
72811,SMALL ZINC/GLASS CANDLEHOLDER,C,Z,CZ,Кандидат на вывод: редкий хаотичный спрос,да,75.95,261.52,2.98,51,7,5,4,1.833,1.49,3060,80.85,99.77,нет,нет,нет,нет,нет,C,2009-12-01,2011-11-01
20798,CLEAR MILKSHAKE GLASS,C,Z,CZ,Вывести: продаж нет 6+ месяцев,да,75.6,1232.55,0.0,36,5,5,2,2.487,2.1,3061,80.87,99.77,нет,нет,да,нет,нет,B,2009-12-01,2011-01-01
90163A,PINK ROSEBUD & PEARL NECKLACE,C,Z,CZ,Кандидат на вывод: редкий хаотичный спрос,да,75.36,190.39,14.96,10,8,2,4,1.536,7.54,3062,80.9,99.77,нет,нет,нет,нет,да,C,2009-12-01,2011-11-01
21413,PERIWINKLE T-LIGHT HOLDER,C,Z,CZ,Оставить,нет,75.02,1056.12,0.0,48,17,8,7,1.531,1.56,3063,80.92,99.77,нет,нет,нет,нет,нет,B,2009-12-01,2011-11-01
84847,FLORAL BATHROOM SET,C,Z,CZ,Кандидат на вывод: редкий хаотичный спрос,да,75.0,706.45,0.0,20,11,9,8,1.208,3.75,3064,80.95,99.78,нет,нет,нет,нет,нет,B,2009-12-01,2011-08-01
90039D,FIRE POLISHED GLASS BRACELET GREEN,C,Z,CZ,Кандидат на вывод: редкий хаотичный спрос,да,74.96,83.97,3.73,20,8,2,7,1.918,3.75,3065,80.98,99.78,нет,нет,нет,да,да,C,2009-12-01,2011-11-01
23467,VINTAGE ZINC PLANTER,C,Z,CZ,Наблюдать: новый товар,нет,74.68,0.0,45.4,20,6,4,2,2.289,3.73,3066,81.0,99.78,да,нет,нет,нет,нет,не продавался,2011-10-01,2011-11-01
85198,ASSORTED FARMYARD ANIMALS IN BUCKET,C,Z,CZ,Вывести: продаж нет 6+ месяцев,да,74.58,1394.92,0.0,90,9,6,4,1.929,0.83,3067,81.03,99.78,нет,нет,да,нет,нет,B,2009-12-01,2011-05-01
21087,SET/6 POSIES PAPER CUPS,C,Z,CZ,Оставить: сезонный спрос,нет,74.57,93.51,0.0,141,16,10,3,1.926,0.53,3068,81.06,99.78,нет,да,да,нет,нет,C,2010-01-01,2011-04-01
90099,NECKLACE+BRACELET SET BLUE HIBISCUS,C,Z,CZ,Оставить,нет,73.83,53.31,2.55,26,15,11,5,1.673,2.84,3069,81.08,99.78,нет,нет,нет,нет,нет,C,2009-12-01,2011-11-01
84231,EASTER BUNNY WITH BASKET ON BACK,C,Z,CZ,Оставить: сезонный спрос,нет,72.63,93.58,0.0,108,20,13,5,1.524,0.67,3070,81.11,99.78,нет,да,нет,нет,нет,C,2010-01-01,2011-11-01
20960,WATERMELON BATH SPONGE,C,Z,CZ,Вывести: продаж нет 6+ месяцев,да,72.49,2478.35,0.0,29,10,0,3,2.614,2.5,3071,81.14,99.78,нет,нет,да,нет,нет,A,2009-12-01,2011-03-01
20901,VINTAGE KEEPSAKE BOX PINK FLOWER,C,Z,CZ,Оставить,нет,72.43,721.45,0.0,17,14,1,2,3.11,4.26,3072,81.16,99.78,нет,нет,нет,нет,нет,B,2009-12-01,2011-11-01
85049B,LUSH GREENS RIBBONS,C,Z,CZ,Оставить,нет,72.42,2590.82,0.0,56,15,13,4,2.313,1.29,3073,81.19,99.78,нет,нет,нет,нет,да,A,2009-12-01,2011-09-01
90030A,SPOTTED WHITE NATURAL SEED NECKLACE,C,Z,CZ,Кандидат на вывод: редкий хаотичный спрос,да,72.0,41.76,0.0,72,7,7,4,2.449,1.0,3074,81.22,99.78,нет,нет,нет,нет,да,C,2009-12-01,2011-11-01
21946,PARTY TIME DESIGN FLANNEL,C,Y,CY,Оставить,нет,71.77,283.62,3.58,80,23,7,9,0.953,0.9,3075,81.24,99.78,нет,нет,нет,нет,нет,C,2009-12-01,2011-11-01
85197,SET OF 12 MINI BUNNIES IN A BUCKET,C,Z,CZ,Оставить,нет,71.4,888.06,0.0,34,19,18,5,1.503,2.1,3076,81.27,99.78,нет,нет,нет,нет,нет,B,2009-12-01,2011-07-01
23579,SNACK TRAY I LOVE LONDON,C,Z,CZ,Наблюдать: новый товар,нет,71.35,0.0,287.4,31,11,8,2,2.609,2.3,3077,81.29,99.79,да,нет,нет,нет,нет,не продавался,2011-10-01,2011-11-01
17014A,ORIGAMI VANILLA INCENSE CONES,C,Z,CZ,Кандидат на вывод: редкий хаотичный спрос,да,71.19,98.94,0.0,155,8,7,6,2.032,0.46,3078,81.32,99.79,нет,нет,нет,да,нет,C,2009-12-01,2011-06-01
47589,CONGRATULATIONS BUNTING,C,Z,CZ,Вывести: продаж нет 6+ месяцев,да,70.85,905.18,0.0,13,3,3,3,2.337,5.45,3079,81.35,99.79,нет,нет,да,да,нет,B,2009-12-01,2011-05-01
51020B,STRIPY DESIGN SHOWER CAP,C,Z,CZ,Вывести: продаж нет 6+ месяцев,да,70.57,415.05,0.0,197,15,13,4,2.92,0.36,3080,81.37,99.79,нет,нет,да,нет,да,C,2009-12-01,2011-04-01
84927A,WAKE UP COCKEREL TILE HOOK,C,Z,CZ,Оставить,нет,70.45,79.3,0.0,50,18,12,8,1.25,1.41,3081,81.4,99.79,нет,нет,нет,нет,да,C,2010-02-01,2011-08-01
90103,PURPLE FRANGIPANI NECKLACE,C,Z,CZ,Оставить,нет,70.18,38.19,2.48,28,15,2,5,1.779,2.51,3082,81.43,99.79,нет,нет,нет,нет,нет,C,2009-12-01,2011-11-01
90051,CRACKED GLAZE NECKLACE RED,C,Z,CZ,Кандидат на вывод: редкий хаотичный спрос,да,70.16,35.56,0.0,10,7,3,4,1.536,7.02,3083,81.45,99.79,нет,нет,нет,нет,нет,C,2010-06-01,2011-10-01
16161G,WRAP BAD HAIR DAY,C,Y,CY,Оставить,нет,70.0,27.5,0.0,700,22,22,9,0.995,0.1,3084,81.48,99.79,нет,нет,нет,нет,да,C,2010-01-01,2011-11-01
16020C,CLEAR STATIONERY BOX SET,C,Z,CZ,Оставить,нет,69.9,64.6,0.0,84,17,1,4,2.419,0.83,3085,81.51,99.79,нет,нет,нет,нет,нет,C,2009-12-01,2011-07-01
90125C,TURQUOISE BERTIE GLASS BEAD CHARM,C,Z,CZ,Вывести: продаж нет 6+ месяцев,да,69.85,31.5,0.0,77,7,2,2,2.334,0.91,3086,81.53,99.79,нет,нет,да,да,да,C,2009-12-01,2011-05-01
46126A,ELVIS WALLHANGING / CURTAIN,C,Z,CZ,Вывести: продаж нет 6+ месяцев,да,69.84,350.15,0.0,52,8,5,3,2.155,1.34,3087,81.56,99.79,нет,нет,да,нет,нет,C,2009-12-01,2011-05-01
90199A,5 STRAND GLASS NECKLACE BLACK,C,Z,CZ,Кандидат на вывод: редкий хаотичный спрос,да,69.63,69.87,0.0,11,6,3,5,1.44,6.33,3088,81.59,99.79,нет,нет,нет,нет,да,C,2009-12-01,2011-11-01
23464,VINTAGE ZINC WATERING CAN SMALL,C,Z,CZ,Наблюдать: новый товар,нет,69.4,0.0,29.8,13,6,5,2,3.049,5.34,3089,81.61,99.79,да,нет,нет,нет,нет,не продавался,2011-10-01,2011-11-01
84549,CROCHET WHITE RABBIT KEYRING,C,Z,CZ,Кандидат на вывод: редкий хаотичный спрос,да,69.38,67.89,0.0,38,7,3,6,2.102,1.83,3090,81.64,99.8,нет,нет,нет,да,нет,C,2009-12-01,2011-11-01
81952V,ROUND PURPLE CLOCK WITH SUCKER,C,Z,CZ,Оставить,нет,69.35,90.52,0.0,365,24,22,5,2.428,0.19,3091,81.66,99.8,нет,нет,нет,нет,да,C,2009-12-01,2011-11-01
85188B,PINK METAL SWINGING BUNNY,C,Z,CZ,Вывести: продаж нет 6+ месяцев,да,68.7,592.18,0.0,78,10,8,4,2.204,0.88,3092,81.69,99.8,нет,нет,да,нет,да,C,2010-01-01,2011-03-01
85026B,EAU DE NILE JEWELLED T-LIGHT HOLDER,C,Z,CZ,Кандидат на вывод: редкий хаотичный спрос,да,68.57,288.78,1.7,77,10,8,7,1.362,0.89,3093,81.72,99.8,нет,нет,нет,нет,нет,C,2009-12-01,2011-11-01
84251B,"GREETING CARD, STICKY GORDON",C,Z,CZ,Оставить,нет,68.5,14.06,0.0,233,52,12,9,1.002,0.29,3094,81.74,99.8,нет,нет,нет,нет,да,C,2010-03-01,2011-09-01
20933,YELLOW POT PLANT CANDLE,C,Z,CZ,Кандидат на вывод: редкий хаотичный спрос,да,68.1,1258.44,2.95,22,8,8,5,1.847,3.1,3095,81.77,99.8,нет,нет,нет,нет,нет,B,2009-12-01,2011-11-01
90151,SILVER/NATURAL SHELL NECKLACE,C,Z,CZ,Кандидат на вывод: редкий хаотичный спрос,да,68.0,68.17,0.0,8,4,2,2,2.55,8.5,3096,81.8,99.8,нет,нет,нет,да,нет,C,2009-12-01,2011-11-01
90194,SILVER LARIAT BLACK STONE EARRINGS,C,Z,CZ,Кандидат на вывод: редкий хаотичный спрос,да,67.87,67.97,0.0,16,10,6,6,1.275,4.24,3097,81.82,99.8,нет,нет,нет,нет,нет,C,2009-12-01,2011-10-01
84251G,"GREETING CARD, OVERCROWDED POOL.",C,Z,CZ,Оставить,нет,67.86,52.86,6.84,234,50,12,10,1.039,0.29,3098,81.85,99.8,нет,нет,нет,нет,да,C,2009-12-01,2011-11-01
90000B,MIDNIGHT BLUE COPPER FLOWER NECKLAC,C,Z,CZ,Кандидат на вывод: редкий хаотичный спрос,да,67.83,109.46,0.0,11,7,2,6,1.508,6.17,3099,81.88,99.8,нет,нет,нет,нет,да,C,2009-12-01,2011-07-01
84874B,BLUE TRAVEL FIRST AID KIT,C,Z,CZ,Оставить,нет,67.51,74.25,0.0,41,14,7,7,1.746,1.65,3100,81.9,99.8,нет,нет,нет,нет,нет,C,2009-12-01,2011-08-01
82011A,"BATHROOM SCALES, TROPICAL BEACH",C,Y,CY,Оставить,нет,67.5,179.08,0.0,18,12,8,9,0.793,3.75,3101,81.93,99.8,нет,нет,нет,нет,да,C,2010-02-01,2011-11-01
35916A,YELLOW FELT HANGING HEART W FLOWER,C,Z,CZ,Оставить,нет,67.39,44.65,0.0,87,29,3,8,1.471,0.77,3102,81.96,99.8,нет,нет,нет,нет,да,C,2009-12-01,2011-10-01
90185B,AMETHYST DIAMANTE EXPANDABLE RING,C,Z,CZ,Кандидат на вывод: редкий хаотичный спрос,да,67.37,123.66,4.15,16,10,2,6,1.714,4.21,3103,81.98,99.8,нет,нет,нет,нет,да,C,2009-12-01,2011-11-01
90144,SILVER DROP EARRINGS WITH FLOWER,C,Z,CZ,Оставить,нет,67.36,132.09,0.0,18,14,3,9,1.072,3.74,3104,82.01,99.81,нет,нет,нет,нет,нет,C,2009-12-01,2011-11-01
90040B,MURANO STYLE GLASS BRACELET BLACK,C,Z,CZ,Вывести: продаж нет 6+ месяцев,да,66.7,189.27,0.0,18,11,2,4,2.117,3.71,3105,82.03,99.81,нет,нет,да,нет,да,C,2009-12-01,2011-05-01
35819P,"ACRYLIC HANGING JEWEL,PINK",C,Z,CZ,Наблюдать: новый товар,нет,66.55,0.0,0.0,95,7,7,3,1.924,0.7,3106,82.06,99.81,да,нет,нет,да,да,не продавался,2011-09-01,2011-11-01
84686,BEACH HUT MIRROR,C,Z,CZ,Кандидат на вывод: редкий хаотичный спрос,да,66.39,918.0,0.0,49,8,7,4,2.755,1.35,3107,82.09,99.81,нет,нет,нет,нет,нет,B,2009-12-01,2011-07-01
17011F,ORIGAMI SANDLEWOOD INCENSE+FLOWER,C,Z,CZ,Вывести: продаж нет 6+ месяцев,да,66.36,269.84,0.0,81,7,6,4,2.105,0.82,3108,82.11,99.81,нет,нет,да,нет,нет,C,2009-12-01,2011-05-01
37444A,YELLOW BREAKFAST CUP AND SAUCER,C,Z,CZ,Оставить,нет,66.35,327.04,0.0,53,18,9,8,1.548,1.25,3109,82.14,99.81,нет,нет,нет,нет,да,C,2009-12-01,2011-07-01
20663,QUEEN OF THE SKIES HOLIDAY PURSE,C,Z,CZ,Оставить,нет,66.26,218.15,0.0,25,20,3,9,1.321,2.65,3110,82.17,99.81,нет,нет,нет,нет,нет,C,2009-12-01,2011-10-01
85008,SET OF 3 CONEY ISLAND OVAL BOXES,C,Z,CZ,Вывести: продаж нет 6+ месяцев,да,66.12,987.65,0.0,13,8,7,4,1.938,5.09,3111,82.19,99.81,нет,нет,да,нет,нет,B,2009-12-01,2011-04-01
20835,FRENCH LATTICE CUSHION COVER,C,Z,CZ,Кандидат на вывод: редкий хаотичный спрос,да,65.8,21.22,0.0,67,8,7,5,1.476,0.98,3112,82.22,99.81,нет,нет,нет,нет,нет,C,2010-03-01,2011-11-01
90211A,DIAMOND LAS VEGAS NECKLACE 45CM,C,Z,CZ,Кандидат на вывод: редкий хаотичный спрос,да,65.15,95.6,5.82,11,7,3,3,1.861,5.92,3113,82.25,99.81,нет,нет,нет,нет,да,C,2009-12-01,2011-11-01
72799C,PINK PILLAR CANDLE SILVER FLOCK,C,Z,CZ,Оставить,нет,64.9,653.63,64.57,22,11,11,5,2.225,2.95,3114,82.27,99.81,нет,нет,нет,нет,да,C,2009-12-01,2011-11-01
84247N,PACK/12 BLUE FOLKART CARDS,C,Y,CY,Оставить,нет,64.9,232.58,0.0,22,18,16,9,0.733,2.95,3115,82.3,99.81,нет,нет,нет,нет,да,C,2010-01-01,2011-11-01
84247K,"FOLK ART GREETING CARD,pack/12",C,Z,CZ,Кандидат на вывод: редкий хаотичный спрос,да,64.9,168.58,0.0,22,9,7,7,1.751,2.95,3116,82.32,99.81,нет,нет,нет,да,да,C,2009-12-01,2011-10-01
90186B,CRYSTAL HOOP EARRING FLORAL LEAF,C,Z,CZ,Оставить,нет,64.58,103.68,0.0,22,15,6,8,1.887,2.94,3117,82.35,99.81,нет,нет,нет,нет,да,C,2009-12-01,2011-11-01
23442,12 HANGING EGGS HAND PAINTED,C,Z,CZ,Наблюдать: новый товар,нет,64.48,0.0,18.72,31,6,6,1,3.317,2.08,3118,82.38,99.82,да,нет,нет,нет,нет,не продавался,2011-11-01,2011-11-01
90214C,"LETTER ""C"" BLING KEY RING",C,Z,CZ,Оставить,нет,64.4,89.76,8.37,64,28,3,11,1.291,1.01,3119,82.4,99.82,нет,нет,нет,нет,да,C,2009-12-01,2011-11-01
90081A,LILY BROOCH AMETHYST COLOUR,C,Z,CZ,Оставить: сезонный спрос,нет,64.35,168.55,9.9,13,7,6,6,1.219,4.95,3120,82.43,99.82,нет,да,нет,нет,да,C,2009-12-01,2011-11-01
21031,SPACE CADET BLACK,C,Z,CZ,Оставить,нет,64.24,112.46,0.0,52,19,9,8,1.155,1.24,3121,82.46,99.82,нет,нет,нет,нет,нет,C,2009-12-01,2011-11-01
90036F,"FLOWER GLASS GARLD NECKL36""TURQUOIS",C,Z,CZ,Вывести: продаж нет 6+ месяцев,да,64.08,128.09,0.0,8,5,1,3,1.871,8.01,3122,82.48,99.82,нет,нет,да,нет,да,C,2009-12-01,2011-03-01
90181A,AMBER GLASS/SHELL/PEARL NECKLACE,C,Z,CZ,Оставить: сезонный спрос,нет,64.04,64.6,0.0,7,7,1,5,1.478,9.15,3123,82.51,99.82,нет,да,нет,нет,да,C,2010-01-01,2011-11-01
21692,SILVER LATTICE VANILLA CANDLE POT,C,Z,CZ,Вывести: продаж нет 6+ месяцев,да,63.75,1842.87,0.0,17,7,7,3,2.006,3.75,3124,82.54,99.82,нет,нет,да,нет,нет,B,2009-12-01,2011-02-01
84875D,BLUE SQUARE COMPACT MIRROR,C,Z,CZ,Кандидат на вывод: редкий хаотичный спрос,да,63.75,420.0,0.0,51,8,8,5,1.428,1.25,3125,82.56,99.82,нет,нет,нет,нет,да,C,2009-12-01,2011-09-01
90214S,"LETTER ""S"" BLING KEY RING",C,Y,CY,Оставить,нет,63.75,110.34,7.25,69,38,2,11,0.624,0.92,3126,82.59,99.82,нет,нет,нет,нет,да,C,2009-12-01,2011-11-01
84673A,PINK FLY SWAT,C,Z,CZ,Оставить,нет,63.72,250.47,0.0,92,43,21,11,1.267,0.69,3127,82.62,99.82,нет,нет,нет,нет,да,C,2009-12-01,2011-11-01
90036C,"FLOWER GLASS GARLAND NECKL.36""BLUE",C,Z,CZ,Кандидат на вывод: редкий хаотичный спрос,да,63.5,175.43,7.9,8,4,2,4,1.658,7.94,3128,82.64,99.82,нет,нет,нет,нет,да,C,2009-12-01,2011-11-01
90196B,BLACK GEMSTONE NECKLACE 45CM,C,Z,CZ,Кандидат на вывод: редкий хаотичный спрос,да,63.48,178.5,0.0,5,5,4,3,1.822,12.7,3129,82.67,99.82,нет,нет,нет,нет,да,C,2009-12-01,2011-11-01
35815P,"ACRYLIC JEWEL SNOWFLAKE, PINK",C,Z,CZ,Кандидат на вывод: редкий хаотичный спрос,да,63.28,12.6,0.0,162,5,5,3,2.427,0.39,3130,82.69,99.82,нет,нет,нет,нет,нет,C,2010-10-01,2011-09-01
62094B,TURQ ICE CREAM BUM BAG,C,Z,CZ,Вывести: продаж нет 6+ месяцев,да,63.21,614.78,0.0,19,8,2,3,2.298,3.33,3131,82.72,99.82,нет,нет,да,нет,нет,C,2010-01-01,2011-02-01
90141A,GREEN PENDANT TRIPLE SHELL NECKLACE,C,Z,CZ,Кандидат на вывод: редкий хаотичный спрос,да,63.11,41.84,0.0,12,10,2,6,1.414,5.26,3132,82.75,99.82,нет,нет,нет,нет,да,C,2009-12-01,2011-11-01
22145,CHRISTMAS CRAFT HEART STOCKING,C,Z,CZ,Вывести: продаж нет 6+ месяцев,да,63.0,2689.66,0.0,30,1,1,1,3.317,2.1,3133,82.77,99.83,нет,нет,да,да,нет,A,2009-12-01,2010-12-01
84452,METAL RABBIT LADDER EASTER,C,Z,CZ,Оставить: сезонный спрос,нет,62.9,113.06,0.0,74,16,14,4,1.473,0.85,3134,82.8,99.83,нет,да,нет,нет,нет,C,2009-12-01,2011-10-01
17012E,ORIGAMI OPIUM INCENSE/CANDLE SET,C,Z,CZ,Оставить: сезонный спрос,нет,62.64,234.15,0.0,44,10,3,1,3.317,1.42,3135,82.83,99.83,нет,да,да,нет,да,C,2009-12-01,2010-12-01
40046A,RED DAISY PAPER LAMPSHADE,C,Z,CZ,Кандидат на вывод: редкий хаотичный спрос,да,62.5,409.57,0.0,50,6,6,5,1.788,1.25,3136,82.85,99.83,нет,нет,нет,нет,нет,C,2009-12-01,2011-10-01
84760S,SMALL HANGING GLASS+ZINC LANTERN,C,Z,CZ,Вывести: продаж нет 6+ месяцев,да,62.35,297.86,0.0,43,8,8,5,1.374,1.45,3137,82.88,99.83,нет,нет,да,нет,нет,C,2009-12-01,2011-05-01
85160B,BLACK BIRD GARDEN DESIGN MUG,C,Z,CZ,Оставить,нет,62.24,599.71,0.0,106,16,15,8,1.217,0.59,3138,82.91,99.83,нет,нет,нет,нет,да,C,2009-12-01,2011-11-01
84247L,FAWN AND MUSHROOM GREETING CARD,C,Z,CZ,Вывести: продаж нет 6+ месяцев,да,62.06,436.15,0.0,128,19,8,4,2.363,0.48,3139,82.93,99.83,нет,нет,да,нет,да,C,2009-12-01,2011-04-01
20848,ZINC HEART LATTICE CHARGER SMALL,C,Y,CY,Оставить,нет,61.95,53.1,0.0,21,8,7,8,0.877,2.95,3140,82.96,99.83,нет,нет,нет,нет,нет,C,2009-12-01,2011-11-01
16151A,FLOWERS HANDBAG blue and orange,C,Z,CZ,Вывести: продаж нет 6+ месяцев,да,61.25,11.25,0.0,49,3,3,1,3.317,1.25,3141,82.99,99.83,нет,нет,да,да,нет,C,2010-04-01,2011-05-01
71495B,CD WALL TIDY RED FLOWERS,C,Z,CZ,Кандидат на вывод: редкий хаотичный спрос,да,61.05,50.52,0.0,163,8,4,7,1.496,0.37,3142,83.01,99.83,нет,нет,нет,да,да,C,2010-01-01,2011-11-01
84859B,BLUE DISCO HANDBAG,C,Z,CZ,Кандидат на вывод: редкий хаотичный спрос,да,60.68,368.65,4.13,30,10,10,7,1.381,2.02,3143,83.04,99.83,нет,нет,нет,нет,да,C,2010-02-01,2011-11-01
84984D,ORIENTAL RED C/COVER,C,Z,CZ,Кандидат на вывод: редкий хаотичный спрос,да,60.45,344.46,0.0,13,4,3,4,1.662,4.65,3144,83.06,99.83,нет,нет,нет,да,да,C,2009-12-01,2011-11-01
84661C,PINK SQUARE TABLE CLOCK,C,Z,CZ,Кандидат на вывод: редкий хаотичный спрос,да,60.38,85.03,44.46,20,10,2,4,1.594,3.02,3145,83.09,99.83,нет,нет,нет,нет,да,C,2009-12-01,2011-10-01
90022,EDWARDIAN DROP EARRINGS JET BLACK,C,Z,CZ,Оставить,нет,60.24,49.47,14.96,16,16,2,8,1.414,3.76,3146,83.12,99.83,нет,нет,нет,нет,нет,C,2009-12-01,2011-11-01
90155,RESIN NECKLACE W PASTEL BEADS,C,Z,CZ,Кандидат на вывод: редкий хаотичный спрос,да,60.14,158.54,7.48,8,6,4,4,1.658,7.52,3147,83.14,99.83,нет,нет,нет,нет,нет,C,2009-12-01,2011-11-01
23614,SET 10 CARDS 12 DAYS WRAP  17058,C,Z,CZ,Наблюдать: новый товар,нет,59.94,0.0,26.64,18,9,0,3,2.396,3.33,3148,83.17,99.84,да,нет,нет,нет,нет,не продавался,2011-09-01,2011-11-01
90003E,GREEN PAIR HEART HAIR SLIDES,C,Z,CZ,Кандидат на вывод: редкий хаотичный спрос,да,59.92,34.2,11.19,16,11,1,6,1.479,3.74,3149,83.2,99.84,нет,нет,нет,нет,да,C,2009-12-01,2011-11-01
90031,BILI NUT AND WOOD NECKLACE,C,Z,CZ,Кандидат на вывод: редкий хаотичный спрос,да,59.89,12.01,0.0,50,7,5,6,1.962,1.2,3150,83.22,99.84,нет,нет,нет,нет,нет,C,2009-12-01,2011-11-01
23629,SET 10 CARDS DRESSING UP 17077,C,Z,CZ,Наблюдать: новый товар,нет,59.76,0.0,0.0,24,10,0,3,1.882,2.49,3151,83.25,99.84,да,нет,нет,нет,нет,не продавался,2011-09-01,2011-11-01
84806A,PINK CANDYSTUFT ARTIFICIAL FLOWER,C,Z,CZ,Кандидат на вывод: редкий хаотичный спрос,да,59.45,165.02,37.44,41,7,7,6,1.921,1.45,3152,83.28,99.84,нет,нет,нет,нет,да,C,2010-01-01,2011-09-01
21910,WAY OUT METAL SIGN,C,Z,CZ,Оставить: сезонный спрос,нет,59.4,1338.78,0.0,36,8,8,3,2.832,1.65,3153,83.3,99.84,нет,да,да,нет,нет,B,2009-12-01,2011-02-01
79071B,ENGLISH ROSE METAL WASTE BIN,C,Z,CZ,Кандидат на вывод: редкий хаотичный спрос,да,59.0,374.7,0.0,20,11,10,6,1.257,2.95,3154,83.33,99.84,нет,нет,нет,нет,нет,C,2010-02-01,2011-06-01
23575,SNACK TRAY PAISLEY PARK,C,Z,CZ,Наблюдать: новый товар,нет,58.73,0.0,308.62,29,8,7,1,3.317,2.03,3155,83.36,99.84,да,нет,нет,нет,нет,не продавался,2011-11-01,2011-11-01
20760,GARDEN PATH POCKET BOOK,C,Y,CY,Оставить,нет,58.65,1255.01,0.0,69,21,18,8,0.982,0.85,3156,83.38,99.84,нет,нет,нет,нет,нет,B,2009-12-01,2011-11-01
90098,NECKLACE+BRACELET PINK BUTTERFLY,C,Z,CZ,Кандидат на вывод: редкий хаотичный спрос,да,58.65,227.33,0.0,23,9,8,4,1.922,2.55,3157,83.41,99.84,нет,нет,нет,да,нет,C,2009-12-01,2011-11-01
84798A,PINK FOXGLOVE ARTIIFCIAL FLOWER,C,Z,CZ,Кандидат на вывод: редкий хаотичный спрос,да,58.65,343.2,0.0,23,4,3,3,1.749,2.55,3158,83.43,99.84,нет,нет,нет,нет,да,C,2010-01-01,2011-09-01
90190C,SILVER/AMETHYST DROP EARRINGS LEAF,C,Z,CZ,Оставить,нет,58.43,103.39,0.0,20,19,4,7,1.371,2.92,3159,83.46,99.84,нет,нет,нет,нет,да,C,2009-12-01,2011-11-01
84877A,PINK ROUND COMPACT MIRROR,C,Z,CZ,Кандидат на вывод: редкий хаотичный спрос,да,58.16,127.5,0.0,40,4,1,3,2.199,1.45,3160,83.49,99.84,нет,нет,нет,нет,да,C,2009-12-01,2011-06-01
90082D,DIAMANTE BOW BROOCH BLACK COLOUR,C,Z,CZ,Кандидат на вывод: редкий хаотичный спрос,да,58.03,593.62,0.0,9,5,4,2,2.938,6.45,3161,83.51,99.84,нет,нет,нет,нет,да,C,2009-12-01,2011-11-01
90059A,DIAMANTE HAIR GRIP PACK/2 CRYSTAL,C,Z,CZ,Оставить,нет,58.03,82.45,6.6,35,23,0,7,1.042,1.66,3162,83.54,99.84,нет,нет,нет,нет,да,C,2009-12-01,2011-11-01
71406C,BLACK ORANGE SQUEEZER,C,Y,CY,Оставить,нет,57.96,31.96,0.0,138,21,13,11,0.83,0.42,3163,83.57,99.84,нет,нет,нет,нет,нет,C,2009-12-01,2011-11-01
84466,TOP SECRET PEN SET,C,Z,CZ,Кандидат на вывод: редкий хаотичный спрос,да,57.5,1290.86,0.0,46,10,8,6,2.13,1.25,3164,83.59,99.85,нет,нет,нет,нет,нет,B,2009-12-01,2011-07-01
84597C,RETRO PINK BALL ASHTRAY,C,Z,CZ,Оставить,нет,57.5,393.48,0.0,46,13,11,7,1.629,1.25,3165,83.62,99.85,нет,нет,нет,да,да,C,2009-12-01,2011-06-01
72801G,4 BURGUNDY WINE DINNER CANDLES,C,Z,CZ,Оставить,нет,57.46,763.76,0.0,45,13,9,8,1.343,1.28,3166,83.65,99.85,нет,нет,нет,нет,да,B,2009-12-01,2011-11-01
85006,SET 4 NURSERY DES ROUND BOXES,C,Z,CZ,Вывести: продаж нет 6+ месяцев,да,57.25,711.91,0.0,55,9,9,3,2.997,1.04,3167,83.67,99.85,нет,нет,да,нет,нет,B,2009-12-01,2011-04-01
90086,CRYSTAL FROG PHONE CHARM,C,Z,CZ,Оставить,нет,56.84,105.0,20.95,41,25,3,10,1.065,1.39,3168,83.7,99.85,нет,нет,нет,нет,нет,C,2010-03-01,2011-11-01
21460,GREEN EASTER EGG HUNT START POST,C,Z,CZ,Оставить: сезонный спрос,нет,56.78,181.17,0.0,28,11,9,3,1.77,2.03,3169,83.73,99.85,нет,да,да,нет,нет,C,2010-01-01,2011-03-01
44236,PINK/PURPLE CIRCLE CURTAIN,C,Z,CZ,Кандидат на вывод: редкий хаотичный спрос,да,56.52,55.8,0.0,52,6,6,3,2.718,1.09,3170,83.75,99.85,нет,нет,нет,нет,нет,C,2010-01-01,2011-08-01
47341B,BLUE TABLE RUN FLOWER,C,Z,CZ,Оставить,нет,56.25,11.25,0.0,45,11,11,7,1.799,1.25,3171,83.78,99.85,нет,нет,нет,нет,да,C,2009-12-01,2011-11-01
90038A,GLASS AND PAINTED BEADS BRACELET TO,C,Z,CZ,Кандидат на вывод: редкий хаотичный спрос,да,56.15,79.65,0.0,15,10,1,8,1.27,3.74,3172,83.8,99.85,нет,нет,нет,нет,да,C,2009-12-01,2011-11-01
90050,CRACKED GLAZE NECKLACE IVORY,C,Z,CZ,Кандидат на вывод: редкий хаотичный спрос,да,55.72,14.44,0.0,8,4,2,4,1.658,6.96,3173,83.83,99.85,нет,нет,нет,нет,нет,C,2010-01-01,2011-11-01
90177C,DROP DIAMANTE EARRINGS CRYSTAL,C,Z,CZ,Кандидат на вывод: редкий хаотичный спрос,да,55.63,32.8,2.9,19,12,2,8,1.077,2.93,3174,83.86,99.85,нет,нет,нет,нет,да,C,2009-12-01,2011-11-01
90183B,AMETHYST DROP EARRINGS W LONG BEADS,C,Y,CY,Оставить,нет,55.28,20.85,5.8,19,15,0,8,0.946,2.91,3175,83.88,99.85,нет,нет,нет,нет,да,C,2009-12-01,2011-11-01
16046,TEATIME PEN CASE & PENS,C,Z,CZ,Оставить,нет,55.25,799.61,0.0,65,14,13,10,1.521,0.85,3176,83.91,99.85,нет,нет,нет,нет,нет,B,2009-12-01,2011-11-01
90023,FILIGREE DIAMANTE EARRINGS,C,Y,CY,Оставить,нет,55.02,76.72,0.0,13,9,2,7,0.958,4.23,3177,83.94,99.85,нет,нет,нет,да,нет,C,2009-12-01,2011-11-01
84750B,BLACK SMALL GLASS CAKE STAND,C,Z,CZ,Вывести: продаж нет 6+ месяцев,да,54.99,1085.08,0.0,61,12,12,4,2.298,0.9,3178,83.96,99.85,нет,нет,да,нет,нет,B,2009-12-01,2011-04-01
90174,BUTTERFLY HAIR BAND,C,Z,CZ,Оставить,нет,54.9,30.7,9.92,22,16,2,8,1.276,2.5,3179,83.99,99.85,нет,нет,нет,нет,нет,C,2009-12-01,2011-11-01
90206A,GOLD DIAMANTE STAR BROOCH,C,Z,CZ,Кандидат на вывод: редкий хаотичный спрос,да,54.82,19.8,4.98,11,8,2,5,1.295,4.98,3180,84.02,99.86,нет,нет,нет,нет,да,C,2009-12-01,2011-11-01
90210A,GREY ACRYLIC FACETED BANGLE,C,Z,CZ,Кандидат на вывод: редкий хаотичный спрос,да,54.65,149.79,2.9,33,9,3,4,2.494,1.66,3181,84.04,99.86,нет,нет,нет,нет,да,C,2009-12-01,2011-06-01
90214L,"LETTER ""L"" BLING KEY RING",C,Y,CY,Оставить,нет,54.6,101.02,10.44,58,35,2,10,0.792,0.94,3182,84.07,99.86,нет,нет,нет,нет,да,C,2009-12-01,2011-10-01
72132,COLUMBIAN CUBE CANDLE,C,Z,CZ,Ручная проверка: покупают вместе с A-товаром,нет,54.6,407.55,0.0,28,12,9,6,1.77,1.95,3183,84.1,99.86,нет,нет,нет,нет,нет,C,2009-12-01,2011-11-01
21336,GOLD WASHBAG,C,Z,CZ,Кандидат на вывод: редкий хаотичный спрос,да,54.57,360.67,0.0,27,10,3,4,1.851,2.02,3184,84.12,99.86,нет,нет,нет,нет,нет,C,2009-12-01,2011-06-01
20821,GOLDIE LOOKING MIRROR,C,Z,CZ,Кандидат на вывод: редкий хаотичный спрос,да,54.45,202.27,0.0,11,5,4,5,1.807,4.95,3185,84.15,99.86,нет,нет,нет,да,нет,C,2009-12-01,2011-11-01
90118,PINK DAISY BAG CHARM,C,Z,CZ,Оставить: сезонный спрос,нет,54.42,32.75,4.92,22,16,0,8,1.236,2.47,3186,84.17,99.86,нет,да,нет,нет,нет,C,2010-06-01,2011-11-01
90040A,MURANO STYLE GLASS BRACELET RED,C,Z,CZ,Вывести: продаж нет 6+ месяцев,да,54.29,142.26,0.0,14,5,2,3,1.879,3.88,3187,84.2,99.86,нет,нет,да,нет,да,C,2009-12-01,2011-03-01
84534B,FAIRY CAKE NOTEBOOK A5 SIZE,C,Z,CZ,Вывести: продаж нет 6+ месяцев,да,54.04,718.77,0.0,55,12,5,2,3.251,0.98,3188,84.23,99.86,нет,нет,да,нет,нет,B,2009-12-01,2011-01-01
79323B,BLACK CHERRY LIGHTS,C,Z,CZ,Вывести: продаж нет 6+ месяцев,да,54.0,1358.05,0.0,8,1,1,1,3.317,6.75,3189,84.25,99.86,нет,нет,да,да,нет,B,2009-12-01,2011-02-01
84251C,"GREETING CARD, TWO SISTERS.",C,Z,CZ,Оставить,нет,53.88,22.8,0.0,127,40,2,8,2.27,0.42,3190,84.28,99.86,нет,нет,нет,нет,да,C,2009-12-01,2011-08-01
90012A,MIDNIGHT BLUE DROP CRYSTAL NECKLACE,C,Z,CZ,Кандидат на вывод: редкий хаотичный спрос,да,53.76,20.62,0.0,11,5,2,4,2.376,4.89,3191,84.31,99.86,нет,нет,нет,нет,да,C,2009-12-01,2011-10-01
35400,WOODEN BOX ADVENT CALENDAR,C,Z,CZ,Кандидат на вывод: редкий хаотичный спрос,да,53.7,13647.1,0.0,6,4,4,2,2.769,8.95,3192,84.33,99.86,нет,нет,нет,да,нет,A,2009-12-01,2011-11-01
90035A,"PEARL & SHELL 42""NECKL. GREEN",C,Z,CZ,Вывести: продаж нет 6+ месяцев,да,53.62,203.93,0.0,5,3,1,3,2.069,10.72,3193,84.36,99.86,нет,нет,да,да,да,C,2009-12-01,2011-04-01
20851,ZINC HEART LATTICE TRAY OVAL,C,Z,CZ,Вывести: продаж нет 6+ месяцев,да,53.55,376.02,0.0,9,7,5,4,1.644,5.95,3194,84.39,99.86,нет,нет,да,нет,нет,C,2009-12-01,2011-04-01
20756,GREEN FERN POCKET BOOK,C,Z,CZ,Оставить,нет,53.55,798.01,0.0,63,22,20,8,1.058,0.85,3195,84.41,99.86,нет,нет,нет,нет,нет,B,2009-12-01,2011-11-01
20759,CHRYSANTHEMUM POCKET BOOK,C,Z,CZ,Оставить,нет,53.55,836.73,0.85,63,19,16,10,1.254,0.85,3196,84.44,99.86,нет,нет,нет,нет,нет,B,2009-12-01,2011-11-01
47586A,PINK FAIRY CAKE CUSHION COVER,C,Z,CZ,Кандидат на вывод: редкий хаотичный спрос,да,53.55,216.88,0.0,21,8,7,7,1.122,2.55,3197,84.46,99.86,нет,нет,нет,нет,нет,C,2009-12-01,2011-11-01
90123B,TURQUOISE HEART OF GLASS BRACELET,C,Z,CZ,Кандидат на вывод: редкий хаотичный спрос,да,53.42,101.27,0.0,9,5,4,4,1.552,5.94,3198,84.49,99.87,нет,нет,нет,нет,да,C,2010-01-01,2011-08-01
90177D,DROP DIAMANTE EARRINGS PURPLE,C,Z,CZ,Кандидат на вывод: редкий хаотичный спрос,да,52.93,62.23,2.9,18,12,5,7,1.319,2.94,3199,84.52,99.87,нет,нет,нет,нет,да,C,2009-12-01,2011-11-01
90214J,"LETTER ""J"" BLING KEY RING",C,Y,CY,Оставить,нет,52.9,104.26,4.31,58,39,2,11,0.596,0.91,3200,84.54,99.87,нет,нет,нет,нет,да,C,2009-12-01,2011-11-01
90214K,"LETTER ""K"" BLING KEY RING",C,Y,CY,Оставить,нет,52.62,97.7,8.08,52,34,3,12,0.92,1.01,3201,84.57,99.87,нет,нет,нет,нет,да,C,2009-12-01,2011-11-01
90019C,SILVER BLACK ORBIT BRACELET,C,Z,CZ,Кандидат на вывод: редкий хаотичный спрос,да,52.53,144.65,16.2,10,9,3,7,1.077,5.25,3202,84.6,99.87,нет,нет,нет,нет,да,C,2009-12-01,2011-11-01
90176D,DIAMANTE NECKLACE PURPLE,C,Z,CZ,Кандидат на вывод: редкий хаотичный спрос,да,52.5,30.31,0.0,7,4,4,4,1.478,7.5,3203,84.62,99.87,нет,нет,нет,нет,да,C,2009-12-01,2011-11-01
84842,HELLO SAILOR BATHROOM SET,C,Z,CZ,Кандидат на вывод: редкий хаотичный спрос,да,52.5,454.05,0.0,14,9,8,4,1.436,3.75,3204,84.65,99.87,нет,нет,нет,нет,нет,C,2009-12-01,2011-11-01
90141C,TURQ PENDANT TRIPLE SHELL NECKLACE,C,Z,CZ,Кандидат на вывод: редкий хаотичный спрос,да,52.31,31.38,0.0,10,8,2,5,1.536,5.23,3205,84.68,99.87,нет,нет,нет,нет,да,C,2009-12-01,2011-11-01
35265,COLOURFUL FLOWER FRUIT BOWL,C,Z,CZ,Оставить,нет,52.2,27.8,0.0,17,12,11,7,1.133,3.07,3206,84.7,99.87,нет,нет,нет,да,нет,C,2010-05-01,2011-10-01
84985A,SET OF 72 GREEN PAPER DOILIES,C,Z,CZ,Вывести: продаж нет 6+ месяцев,да,52.2,981.23,0.0,36,18,15,4,1.748,1.45,3207,84.73,99.87,нет,нет,да,нет,нет,B,2009-12-01,2011-03-01
90071,RUBY GLASS CLUSTER EARRINGS,C,Y,CY,Оставить,нет,52.16,54.37,2.46,42,31,1,11,0.972,1.24,3208,84.76,99.87,нет,нет,нет,нет,нет,C,2009-12-01,2011-11-01
72134,COLUMBIAN  CUBE CANDLE,C,Z,CZ,Кандидат на вывод: редкий хаотичный спрос,да,52.1,76.23,6.52,101,10,6,8,1.861,0.52,3209,84.78,99.87,нет,нет,нет,нет,нет,C,2009-12-01,2011-10-01
84927D,LA PALMIERA TILE HOOK,C,Z,CZ,Оставить,нет,51.86,124.87,0.0,47,14,9,7,2.142,1.1,3210,84.81,99.87,нет,нет,нет,нет,да,C,2010-04-01,2011-07-01
85028S,FRENCH CHATEAU SMALL FRUITBOWL,C,Z,CZ,Вывести: продаж нет 6+ месяцев,да,51.6,550.32,0.0,24,8,8,2,2.245,2.15,3211,84.83,99.87,нет,нет,да,нет,да,C,2009-12-01,2011-04-01
90210B,CLEAR ACRYLIC FACETED BANGLE,C,Z,CZ,Кандидат на вывод: редкий хаотичный спрос,да,51.56,170.48,10.0,31,6,5,3,1.873,1.66,3212,84.86,99.87,нет,нет,нет,нет,да,C,2009-12-01,2011-10-01
90205A,LARGE MINT DIAMANTE HAIRSLIDE,C,Z,CZ,Оставить,нет,51.51,11.95,0.0,31,16,6,9,1.005,1.66,3213,84.89,99.87,нет,нет,нет,нет,да,C,2009-12-01,2011-11-01
84597B,RETRO BROWN BALL ASHTRAY,C,Z,CZ,Кандидат на вывод: редкий хаотичный спрос,да,51.25,208.12,0.0,41,5,3,5,1.475,1.25,3214,84.91,99.87,нет,нет,нет,да,да,C,2009-12-01,2011-06-01
72133,COLUMBIAN CANDLE RECTANGLE,C,Y,CY,Оставить,нет,51.09,59.12,12.42,37,14,10,8,0.863,1.38,3215,84.94,99.87,нет,нет,нет,нет,нет,C,2009-12-01,2011-11-01
20910,VINTAGE PHOTO ALBUM PARIS DAYS,C,Z,CZ,Вывести: продаж нет 6+ месяцев,да,50.8,718.32,0.0,8,3,2,1,3.317,6.35,3216,84.97,99.88,нет,нет,да,да,нет,B,2009-12-01,2010-12-01
90018C,SILVER BLACK ORBIT DROP EARRINGS,C,Z,CZ,Кандидат на вывод: редкий хаотичный спрос,да,50.4,68.11,0.0,12,9,3,5,1.472,4.2,3217,84.99,99.88,нет,нет,нет,нет,да,C,2009-12-01,2011-11-01
17007B,S/3 POT POURI CUSHIONS BLUE COLOURS,C,Z,CZ,Кандидат на вывод: редкий хаотичный спрос,да,50.4,21.0,0.0,24,2,2,2,2.236,2.1,3218,85.02,99.88,нет,нет,нет,да,нет,C,2009-12-01,2011-06-01
47348A,FUSCHIA VOILE POINTY SHOE DEC,C,Z,CZ,Оставить,нет,50.31,11.7,0.0,97,15,11,8,1.573,0.52,3219,85.05,99.88,нет,нет,нет,нет,нет,C,2010-04-01,2011-09-01
44242B,PINK FEATHERS CURTAIN,C,Z,CZ,Кандидат на вывод: редкий хаотичный спрос,да,50.28,71.25,0.0,52,3,3,2,2.306,0.97,3220,85.07,99.88,нет,нет,нет,нет,да,C,2009-12-01,2011-09-01
90079,VINTAGE ENAMEL & CRYSTAL NECKLACE,C,Z,CZ,Кандидат на вывод: редкий хаотичный спрос,да,49.76,55.01,0.0,10,4,2,4,1.755,4.98,3221,85.1,99.88,нет,нет,нет,нет,нет,C,2009-12-01,2011-10-01
84510E,SET OF 4 GREEN CAROUSEL COASTERS,C,Z,CZ,Оставить,нет,49.7,102.11,1.05,30,15,7,10,1.065,1.66,3222,85.13,99.88,нет,нет,нет,нет,да,C,2010-01-01,2011-11-01
20667,CHERRY BLOSSOM PURSE,C,Z,CZ,Оставить,нет,49.69,59.0,0.0,20,16,1,4,1.72,2.48,3223,85.15,99.88,нет,нет,нет,нет,нет,C,2009-12-01,2011-08-01
90142D,MOP PENDANT SHELL NECKLACE,C,Z,CZ,Кандидат на вывод: редкий хаотичный спрос,да,49.64,4.95,0.0,10,4,3,3,2.126,4.96,3224,85.18,99.88,нет,нет,нет,нет,да,C,2010-11-01,2011-10-01
90157,RIVIERA NECKLACE,C,Z,CZ,Кандидат на вывод: редкий хаотичный спрос,да,49.59,213.69,0.0,10,5,2,4,2.01,4.96,3225,85.2,99.88,нет,нет,нет,нет,нет,C,2010-01-01,2011-11-01
21089,SET/6 GREEN SPRING PAPER CUPS,C,Z,CZ,Оставить,нет,48.99,63.55,0.0,233,25,23,7,1.556,0.21,3226,85.23,99.88,нет,нет,нет,нет,нет,C,2010-01-01,2011-08-01
84497,BUTTONS AND STRIPES NOTEBOOK,C,Z,CZ,Кандидат на вывод: редкий хаотичный спрос,да,48.75,338.38,0.0,13,7,7,5,1.619,3.75,3227,85.26,99.88,нет,нет,нет,нет,нет,C,2009-12-01,2011-11-01
90002D,FLOWER BURST SILVER RING CRYSTAL,C,Z,CZ,Вывести: продаж нет 6+ месяцев,да,48.71,309.53,0.0,13,9,5,5,1.786,3.75,3228,85.28,99.88,нет,нет,да,нет,нет,C,2009-12-01,2011-05-01
21720,CAKE SHOP  STICKER SHEET,C,Z,CZ,Кандидат на вывод: редкий хаотичный спрос,да,48.45,871.16,0.0,57,8,8,6,1.234,0.85,3229,85.31,99.88,нет,нет,нет,нет,нет,B,2009-12-01,2011-07-01
20697,LITTLE GREEN MONSTER SOFT TOY,C,Z,CZ,Кандидат на вывод: редкий хаотичный спрос,да,48.45,48.15,0.0,19,11,8,6,1.166,2.55,3230,85.34,99.88,нет,нет,нет,нет,нет,C,2009-12-01,2011-11-01
90205C,LARGE CRYSTAL DIAMANTE HAIRSLIDE,C,Y,CY,Оставить,нет,48.21,74.1,0.0,29,15,3,10,0.917,1.66,3231,85.36,99.88,нет,нет,нет,нет,да,C,2009-12-01,2011-11-01
84402B,PURPLE DRESS JEWELLERY STAND,C,Z,CZ,Кандидат на вывод: редкий хаотичный спрос,да,48.19,2.95,0.0,61,3,3,1,3.317,0.79,3232,85.39,99.88,нет,нет,нет,нет,нет,C,2010-11-01,2011-07-01
21816,CHRISTMAS TREE T-LIGHT HOLDER,C,Z,CZ,Оставить: сезонный спрос,нет,47.85,589.49,0.0,33,7,6,4,1.7,1.45,3233,85.42,99.88,нет,да,нет,да,нет,C,2009-12-01,2011-11-01
90087,CRYSTAL SEA HORSE PHONE CHARM,C,Z,CZ,Оставить,нет,47.78,145.6,13.68,35,23,2,10,1.331,1.37,3234,85.44,99.88,нет,нет,нет,нет,нет,C,2009-12-01,2011-11-01
90036A,FLOWER GARLAND NECKLACE RED,C,Z,CZ,Кандидат на вывод: редкий хаотичный спрос,да,47.7,168.06,0.0,6,4,3,3,1.915,7.95,3235,85.47,99.89,нет,нет,нет,да,да,C,2009-12-01,2011-08-01
17084J,LOVE POTION MASALA INCENSE,C,Y,CY,Оставить,нет,47.25,48.51,0.0,225,8,8,7,0.962,0.21,3236,85.5,99.89,нет,нет,нет,нет,да,C,2009-12-01,2011-09-01
90065A,WHITE VINTAGE CRYSTAL BRACELET,C,Z,CZ,Кандидат на вывод: редкий хаотичный спрос,да,47.25,133.21,0.0,7,4,3,4,1.635,6.75,3237,85.52,99.89,нет,нет,нет,нет,да,C,2009-12-01,2011-06-01
84715,SET OF 6 ICE CREAM SKITTLES,C,Z,CZ,Вывести: продаж нет 6+ месяцев,да,47.2,687.69,0.0,16,3,3,3,1.871,2.95,3238,85.55,99.89,нет,нет,да,да,нет,B,2009-12-01,2011-04-01
84706F,RED PEONY TABLE CLOCK,C,Z,CZ,Ручная проверка: покупают вместе с A-товаром,нет,47.2,161.1,0.0,16,10,9,4,1.541,2.95,3239,85.57,99.89,нет,нет,нет,нет,да,C,2009-12-01,2011-11-01
90040C,MURANO STYLE GLASS BRACELET GOLD,C,Z,CZ,Кандидат на вывод: редкий хаотичный спрос,да,47.19,81.83,7.23,13,8,2,4,1.619,3.63,3240,85.6,99.89,нет,нет,нет,нет,да,C,2009-12-01,2011-11-01
90138,WHITE/PINK MINI CRYSTALS NECKLACE,C,Z,CZ,Кандидат на вывод: редкий хаотичный спрос,да,47.02,73.22,5.4,9,6,1,5,1.552,5.22,3241,85.63,99.89,нет,нет,нет,нет,нет,C,2009-12-01,2011-11-01
84857B,BLUE MONTE CARLO HANDBAG,C,Z,CZ,Наблюдать: новый товар,нет,46.8,0.0,0.0,24,1,1,1,3.317,1.95,3242,85.65,99.89,да,нет,нет,да,да,не продавался,2011-07-01,2011-07-01
90190A,SILVER/CRYSTAL DROP EARRINGS W LEAF,C,Z,CZ,Кандидат на вывод: редкий хаотичный спрос,да,46.76,82.83,0.0,16,10,1,6,1.414,2.92,3243,85.68,99.89,нет,нет,нет,нет,да,C,2009-12-01,2011-11-01
21392,RED SPOTTY PUDDING BOWL,C,Z,CZ,Вывести: продаж нет 6+ месяцев,да,46.39,957.5,0.0,34,7,5,3,2.092,1.36,3244,85.71,99.89,нет,нет,да,нет,нет,B,2009-12-01,2011-03-01
90214M,"LETTER ""M"" BLING KEY RING",C,Z,CZ,Оставить,нет,46.34,90.0,3.48,48,27,2,9,1.031,0.97,3245,85.73,99.89,нет,нет,нет,нет,да,C,2009-12-01,2011-11-01
84801B,WHITE HYDRANGEA ART FLOWER,C,Z,CZ,Вывести: продаж нет 6+ месяцев,да,46.2,298.8,0.0,22,3,3,3,1.965,2.1,3246,85.76,99.89,нет,нет,да,да,да,C,2009-12-01,2011-04-01
90214E,"LETTER ""E"" BLING KEY RING",C,Y,CY,Оставить,нет,45.95,86.08,7.25,47,27,3,10,0.905,0.98,3247,85.79,99.89,нет,нет,нет,нет,да,C,2009-12-01,2011-11-01
85031A,ROMANTIC IMAGES SCRAP BOOK SET,C,Z,CZ,Вывести: продаж нет 6+ месяцев,да,45.9,897.54,0.0,16,7,7,4,1.92,2.87,3248,85.81,99.89,нет,нет,да,нет,да,B,2009-12-01,2011-04-01
90012B,BLACK DROP CRYSTAL NECKLACE,C,Z,CZ,Кандидат на вывод: редкий хаотичный спрос,да,45.35,40.55,0.0,13,3,2,3,2.045,3.49,3249,85.84,99.89,нет,нет,нет,нет,да,C,2009-12-01,2011-11-01
90163B,WHITE ROSEBUD & PEARL NECKLACE,C,Z,CZ,Кандидат на вывод: редкий хаотичный спрос,да,45.24,45.73,7.48,6,4,1,3,1.915,7.54,3250,85.87,99.89,нет,нет,нет,нет,да,C,2009-12-01,2011-10-01
90038B,GLASS AND PAINTED BEADS BRACELET OL,C,Z,CZ,Кандидат на вывод: редкий хаотичный спрос,да,45.04,30.42,3.73,12,7,1,5,1.683,3.75,3251,85.89,99.89,нет,нет,нет,нет,да,C,2009-12-01,2011-11-01
85185D,FROG SOCK PUPPET,C,Z,CZ,Вывести: продаж нет 6+ месяцев,да,44.25,591.86,0.0,15,8,7,4,1.571,2.95,3252,85.92,99.89,нет,нет,да,нет,да,C,2009-12-01,2011-05-01
84086B,YELLOW/BLUE RETRO RADIO,C,Z,CZ,Кандидат на вывод: редкий хаотичный спрос,да,44.25,23.6,2.95,15,6,2,5,1.571,2.95,3253,85.94,99.89,нет,нет,нет,да,да,C,2010-05-01,2011-11-01
90199B,5 STRAND GLASS NECKLACE AMETHYST,C,Z,CZ,Кандидат на вывод: редкий хаотичный спрос,да,44.13,172.02,12.46,7,6,1,3,1.779,6.3,3254,85.97,99.89,нет,нет,нет,нет,да,C,2009-12-01,2011-11-01
20670,VIP HOLIDAY PURSE,C,Y,CY,Оставить,нет,44.04,283.81,0.0,14,11,5,8,0.915,3.15,3255,86.0,99.9,нет,нет,нет,нет,нет,C,2009-12-01,2011-11-01
47344B,BLUE FLOWER DES PURSE,C,Z,CZ,Кандидат на вывод: редкий хаотичный спрос,да,43.66,12.5,0.0,44,6,6,4,2.217,0.99,3256,86.02,99.9,нет,нет,нет,нет,нет,C,2009-12-01,2011-06-01
79063C,"RETRO PILL BOX KEY CHAIN,THE KING",C,Z,CZ,Оставить,нет,43.46,0.0,0.19,234,13,12,7,1.509,0.19,3257,86.05,99.9,нет,нет,нет,нет,да,не продавался,2011-03-01,2011-11-01
20698,LITTLE PINK MONSTER SOFT TOY,C,Z,CZ,Кандидат на вывод: редкий хаотичный спрос,да,43.35,71.1,0.0,17,8,7,4,1.51,2.55,3258,86.08,99.9,нет,нет,нет,нет,нет,C,2010-01-01,2011-11-01
90014C,SILVER/BLACK ORBIT NECKLACE,C,Z,CZ,Кандидат на вывод: редкий хаотичный спрос,да,43.2,241.48,0.0,5,4,3,3,1.822,8.64,3259,86.1,99.9,нет,нет,нет,нет,да,C,2009-12-01,2011-11-01
90214D,"LETTER ""D"" BLING KEY RING",C,Y,CY,Оставить,нет,42.94,40.92,6.96,44,30,3,12,0.724,0.98,3260,86.13,99.9,нет,нет,нет,нет,да,C,2009-12-01,2011-11-01
84539,KNITTED RABBIT DOLL,C,Z,CZ,Кандидат на вывод: редкий хаотичный спрос,да,42.9,47.85,0.0,26,2,1,2,2.306,1.65,3261,86.16,99.9,нет,нет,нет,да,нет,C,2009-12-01,2011-07-01
22987,"WRAP , SUMMER ROSE DESIGN",C,Z,CZ,Кандидат на вывод: редкий хаотичный спрос,да,42.84,63.0,0.0,102,5,4,5,1.374,0.42,3262,86.18,99.9,нет,нет,нет,нет,нет,C,2010-09-01,2011-10-01
20818,GOLD TEDDY BEAR,C,Z,CZ,Вывести: продаж нет 6+ месяцев,да,42.7,225.8,0.0,15,5,2,3,2.242,2.85,3263,86.21,99.9,нет,нет,да,нет,нет,C,2009-12-01,2011-05-01
16254,TRANSPARENT ACRYLIC TAPE DISPENSER,C,Z,CZ,Оставить,нет,42.58,263.08,0.0,40,17,7,6,1.551,1.06,3264,86.24,99.9,нет,нет,нет,нет,нет,C,2010-01-01,2011-11-01
37444C,PINK BREAKFAST CUP AND SAUCER,C,Z,CZ,Вывести: продаж нет 6+ месяцев,да,42.27,531.61,0.0,21,9,5,3,1.925,2.01,3265,86.26,99.9,нет,нет,да,да,да,C,2009-12-01,2011-03-01
90029,NEW BAROQUE SMALL NECKLACE BLACK,C,Z,CZ,Кандидат на вывод: редкий хаотичный спрос,да,42.14,153.0,0.0,5,4,2,4,1.536,8.43,3266,86.29,99.9,нет,нет,нет,нет,нет,C,2009-12-01,2011-08-01
90024F,NEW BAROQUE B'FLY NECKLACE CRYSTAL,C,Z,CZ,Кандидат на вывод: редкий хаотичный спрос,да,42.13,25.48,0.0,5,4,1,4,1.536,8.43,3267,86.31,99.9,нет,нет,нет,нет,да,C,2010-04-01,2011-11-01
17084A,TRANQUILITY MASALA INCENSE,C,Y,CY,Оставить,нет,42.0,50.82,0.0,200,7,7,7,0.935,0.21,3268,86.34,99.9,нет,нет,нет,нет,да,C,2010-02-01,2011-09-01
90024B,NEW BAROQUE B'FLY NECKLACE RED,C,Z,CZ,Кандидат на вывод: редкий хаотичный спрос,да,41.96,144.96,8.32,5,4,1,3,1.822,8.39,3269,86.37,99.9,нет,нет,нет,нет,да,C,2009-12-01,2011-11-01
90120D,WHITE MURANO TWIST BRACELET,C,Z,CZ,Вывести: продаж нет 6+ месяцев,да,41.79,512.34,0.0,10,5,2,3,2.631,4.18,3270,86.39,99.9,нет,нет,да,нет,да,C,2009-12-01,2011-02-01
20666,ECONOMY HOLIDAY PURSE,C,Z,CZ,Оставить,нет,41.53,302.92,0.0,30,17,4,5,2.301,1.38,3271,86.42,99.9,нет,нет,нет,нет,нет,C,2009-12-01,2011-07-01
90211B,JET BLACK LAS VEGAS NECKLACE 45CM,C,Z,CZ,Кандидат на вывод: редкий хаотичный спрос,да,41.36,154.95,0.0,7,5,1,4,1.635,5.91,3272,86.45,99.9,нет,нет,нет,нет,да,C,2009-12-01,2011-11-01
90039B,FIRE POLISHED GLASS BRACELET MONTAN,C,Z,CZ,Кандидат на вывод: редкий хаотичный спрос,да,41.31,37.68,0.0,11,6,1,5,1.807,3.76,3273,86.47,99.9,нет,нет,нет,да,да,C,2010-01-01,2011-07-01
90003B,ROSE COLOUR PAIR HEART HAIR SLIDES,C,Z,CZ,Кандидат на вывод: редкий хаотичный спрос,да,41.31,98.25,0.0,11,9,2,6,1.295,3.76,3274,86.5,99.9,нет,нет,нет,нет,да,C,2009-12-01,2011-11-01
90162C,ANT SILVER FUSCHIA BOUDICCA RING,C,Z,CZ,Кандидат на вывод: редкий хаотичный спрос,да,41.3,82.6,0.0,14,7,3,5,1.254,2.95,3275,86.53,99.9,нет,нет,нет,да,да,C,2010-03-01,2011-10-01
84921,CREAM AND PINK FLOWERS PONY,C,Z,CZ,Кандидат на вывод: редкий хаотичный спрос,да,41.25,60.0,0.0,11,5,5,4,1.913,3.75,3276,86.55,99.9,нет,нет,нет,да,нет,C,2009-12-01,2011-10-01
90064B,BLACK VINTAGE  CRYSTAL EARRINGS,C,Z,CZ,Кандидат на вывод: редкий хаотичный спрос,да,41.25,33.75,0.0,11,6,5,4,1.634,3.75,3277,86.58,99.91,нет,нет,нет,нет,да,C,2009-12-01,2011-10-01
75013B,"STRING OF 8 BUTTERFLIES,PINK",C,Z,CZ,Вывести: продаж нет 6+ месяцев,да,41.25,628.37,0.0,25,6,6,2,2.289,1.65,3278,86.61,99.91,нет,нет,да,нет,нет,C,2009-12-01,2011-01-01
23448,CREAM BUNNY EASTER EGG BASKET,C,Z,CZ,Наблюдать: новый товар,нет,41.25,0.0,0.0,25,3,3,2,2.238,1.65,3279,86.63,99.91,да,нет,нет,нет,нет,не продавался,2011-10-01,2011-11-01
90067A,PINK VINTAGE VICTORIAN EARRINGS,C,Z,CZ,Кандидат на вывод: редкий хаотичный спрос,да,41.15,56.09,0.0,14,7,3,5,1.597,2.94,3280,86.66,99.91,нет,нет,нет,нет,да,C,2009-12-01,2011-11-01
90202D,PINK ENAMEL FLOWER HAIR TIE,C,Z,CZ,Кандидат на вывод: редкий хаотичный спрос,да,40.96,77.03,5.8,14,8,1,6,1.478,2.93,3281,86.68,99.91,нет,нет,нет,нет,да,C,2009-12-01,2011-11-01
15030,FAN BLACK FRAME,C,Z,CZ,Ручная проверка: покупают вместе с A-товаром,нет,40.89,32.19,0.58,141,11,10,7,2.053,0.29,3282,86.71,99.91,нет,нет,нет,нет,нет,C,2009-12-01,2011-11-01
90202A,PURPLE ENAMEL FLOWER HAIR TIE,C,Z,CZ,Кандидат на вывод: редкий хаотичный спрос,да,40.78,26.62,5.8,14,12,0,5,1.436,2.91,3283,86.74,99.91,нет,нет,нет,нет,да,C,2010-02-01,2011-11-01
21655,HANGING RIDGE GLASS T-LIGHT HOLDER,C,Z,CZ,Вывести: продаж нет 6+ месяцев,да,40.56,2058.68,0.0,24,1,1,1,3.317,1.69,3284,86.76,99.91,нет,нет,да,да,нет,B,2009-12-01,2011-02-01
71495A,CD WALL TIDY BLUE OFFICE,C,Z,CZ,Кандидат на вывод: редкий хаотичный спрос,да,40.38,47.16,0.0,103,8,2,6,2.134,0.39,3285,86.79,99.91,нет,нет,нет,нет,да,C,2010-02-01,2011-11-01
85092,CANDY SPOT TEA COSY,C,Z,CZ,Вывести: продаж нет 6+ месяцев,да,40.05,552.52,0.0,27,2,2,1,3.317,1.48,3286,86.82,99.91,нет,нет,да,да,нет,C,2010-01-01,2011-02-01
90165B,WHITE ROSEBUD  PEARL EARRINGS,C,Z,CZ,Оставить: сезонный спрос,нет,39.99,84.22,7.44,16,15,1,8,1.159,2.5,3287,86.84,99.91,нет,да,нет,нет,да,C,2009-12-01,2011-11-01
90165A,PINK ROSEBUD PEARL EARRINGS,C,Y,CY,Оставить,нет,39.98,66.51,0.0,16,15,0,7,0.984,2.5,3288,86.87,99.91,нет,нет,нет,нет,да,C,2009-12-01,2011-11-01
72369A,PINK CLEAR GLASS CANDLE PLATE,C,Z,CZ,Кандидат на вывод: редкий хаотичный спрос,да,39.92,61.37,0.0,30,5,3,5,2.01,1.33,3289,86.9,99.91,нет,нет,нет,да,нет,C,2009-12-01,2011-11-01
23625,SET 6 CARDS SPARKLY REINDEER 17262,C,Z,CZ,Наблюдать: новый товар,нет,39.92,0.0,4.99,8,3,0,3,2.151,4.99,3290,86.92,99.91,да,нет,нет,нет,нет,не продавался,2011-09-01,2011-11-01
84679,CLASSICAL ROSE TABLE LAMP,C,Z,CZ,Кандидат на вывод: редкий хаотичный спрос,да,39.9,47.6,15.8,2,1,1,1,3.317,19.95,3291,86.95,99.91,нет,нет,нет,да,нет,C,2010-03-01,2011-06-01
90141B,IVORY PENDANT TRIPLE SHELL NECKLACE,C,Z,CZ,Кандидат на вывод: редкий хаотичный спрос,да,39.88,20.08,4.98,8,4,2,4,1.658,4.99,3292,86.97,99.91,нет,нет,нет,нет,да,C,2009-12-01,2011-07-01
90135,ORANGE/WHT/FUSCHIA STONES NECKLACE,C,Z,CZ,Вывести: продаж нет 6+ месяцев,да,39.66,5.09,0.0,8,2,1,2,2.55,4.96,3293,87.0,99.91,нет,нет,да,да,да,C,2010-11-01,2011-04-01
84725,FREESTYLE CANVAS ART PICTURE,C,Z,CZ,Оставить,нет,39.65,176.85,0.0,41,18,16,7,2.287,0.97,3294,87.03,99.91,нет,нет,нет,нет,нет,C,2009-12-01,2011-09-01
23440,PAINT YOUR OWN EGGS IN CRATE,C,Z,CZ,Наблюдать: новый товар,нет,39.52,0.0,259.84,19,3,3,1,3.317,2.08,3295,87.05,99.91,да,нет,нет,да,нет,не продавался,2011-11-01,2011-11-01
84575A,PINK DOG CANNISTER,C,Z,CZ,Вывести: продаж нет 6+ месяцев,да,39.3,59.5,0.0,14,4,4,3,2.591,2.81,3296,87.08,99.91,нет,нет,да,нет,нет,C,2010-02-01,2011-04-01
23578,SNACK TRAY RED GINGHAM,C,Z,CZ,Наблюдать: новый товар,нет,39.23,0.0,86.49,19,5,4,1,3.317,2.06,3297,87.11,99.91,да,нет,нет,нет,нет,не продавался,2011-11-01,2011-11-01
21307,SET/4 BUTTERFLY MIRROR MAGNETS,C,Z,CZ,Оставить,нет,39.2,610.87,0.0,79,13,11,6,2.908,0.5,3298,87.13,99.91,нет,нет,нет,нет,нет,C,2009-12-01,2011-07-01
10120,DOGGY RUBBER,C,Z,CZ,Оставить,нет,39.06,96.12,1.26,186,28,25,9,1.006,0.21,3299,87.16,99.91,нет,нет,нет,нет,нет,C,2009-12-01,2011-11-01
35910A,MULTICOLOUR EASTER RABBIT,C,Z,CZ,Вывести: продаж нет 6+ месяцев,да,39.0,64.35,0.0,20,4,4,3,2.126,1.95,3300,87.19,99.92,нет,нет,да,нет,да,C,2009-12-01,2011-03-01
47341A,FUSCHIA TABLE RUN FLOWER,C,Z,CZ,Кандидат на вывод: редкий хаотичный спрос,да,38.75,7.5,0.0,27,5,5,4,1.887,1.44,3301,87.21,99.92,нет,нет,нет,нет,да,C,2010-09-01,2011-06-01
90064A,WHITE VINTAGE CRYSTAL EARRINGS,C,Z,CZ,Кандидат на вывод: редкий хаотичный спрос,да,38.7,40.44,0.0,10,6,3,4,1.755,3.87,3302,87.24,99.92,нет,нет,нет,нет,да,C,2010-01-01,2011-11-01
21393,BLUE  SPOTTY PUDDING BOWL,C,Z,CZ,Вывести: продаж нет 6+ месяцев,да,38.67,809.66,0.0,29,7,7,2,2.25,1.33,3303,87.27,99.92,нет,нет,да,нет,нет,B,2010-01-01,2011-03-01
85089,CANDY SPOT BUNNY,C,Z,CZ,Кандидат на вывод: редкий хаотичный спрос,да,38.35,279.19,0.0,13,5,5,4,1.482,2.95,3304,87.29,99.92,нет,нет,нет,нет,нет,C,2009-12-01,2011-11-01
84746,PINK EASTER HENS+FLOWER,C,Z,CZ,Кандидат на вывод: редкий хаотичный спрос,да,38.31,33.75,0.0,14,9,1,2,2.638,2.74,3305,87.32,99.92,нет,нет,нет,нет,нет,C,2009-12-01,2011-07-01
84617,NEW BAROQUE BLACK BOXES,C,Z,CZ,Кандидат на вывод: редкий хаотичный спрос,да,38.25,102.0,0.0,3,3,3,3,1.732,12.75,3306,87.34,99.92,нет,нет,нет,нет,нет,C,2009-12-01,2011-11-01
84925D,LA PALMIERA WALL THERMOMETER,C,Z,CZ,Кандидат на вывод: редкий хаотичный спрос,да,38.25,639.2,0.0,15,10,8,6,1.428,2.55,3307,87.37,99.92,нет,нет,нет,нет,да,C,2009-12-01,2011-06-01
90190B,GOLD/AMBER DROP EARRINGS W LEAF,C,Z,CZ,Кандидат на вывод: редкий хаотичный спрос,да,38.18,94.4,0.0,13,7,1,7,1.482,2.94,3308,87.4,99.92,нет,нет,нет,нет,да,C,2009-12-01,2011-11-01
90130C,GREEN STONE/CRYSTAL EARRINGS,C,Z,CZ,Оставить: сезонный спрос,нет,38.05,32.67,2.9,13,12,0,7,1.159,2.93,3309,87.42,99.92,нет,да,нет,нет,да,C,2009-12-01,2011-11-01
84922,PINK BUTTERFLY WASHBAG,C,Z,CZ,Кандидат на вывод: редкий хаотичный спрос,да,38.04,765.93,4.25,8,5,4,4,1.541,4.76,3310,87.45,99.92,нет,нет,нет,нет,нет,B,2009-12-01,2011-11-01
23038,T-LIGHT HOLDER SILVER SAUCER,C,Z,CZ,Наблюдать: новый товар,нет,38.03,0.0,4.89,41,7,4,4,2.057,0.93,3311,87.48,99.92,да,нет,нет,нет,нет,не продавался,2011-07-01,2011-11-01
81952B,ROUND BLUE CLOCK W/SUCKER,C,Z,CZ,Кандидат на вывод: редкий хаотичный спрос,да,38.0,46.56,0.0,200,9,9,1,3.317,0.19,3312,87.5,99.92,нет,нет,нет,да,да,C,2010-01-01,2011-07-01
84033,FLAG OF ST GEORGE,C,Z,CZ,Кандидат на вывод: редкий хаотичный спрос,да,37.95,680.93,0.0,23,7,7,6,1.723,1.65,3313,87.53,99.92,нет,нет,нет,нет,нет,B,2010-01-01,2011-09-01
84809B,PINK CHRYSANTHEMUMS ART FLOWER,C,Z,CZ,Вывести: продаж нет 6+ месяцев,да,37.8,313.8,0.0,18,1,1,1,3.317,2.1,3314,87.56,99.92,нет,нет,да,да,да,C,2010-01-01,2011-02-01
90075,MONTANA DIAMOND CLUSTER NECKLACE,C,Z,CZ,Кандидат на вывод: редкий хаотичный спрос,да,37.66,54.52,0.0,4,3,0,2,2.236,9.41,3315,87.58,99.92,нет,нет,нет,нет,нет,C,2010-03-01,2011-11-01
90199D,5 STRAND GLASS NECKLACE AMBER,C,Z,CZ,Кандидат на вывод: редкий хаотичный спрос,да,37.62,101.66,0.0,6,6,2,5,1.291,6.27,3316,87.61,99.92,нет,нет,нет,нет,да,C,2009-12-01,2011-11-01
90212B,JET BLACK LAS VEGAS BRACELET ROUND,C,Z,CZ,Вывести: продаж нет 6+ месяцев,да,37.62,102.45,0.0,10,8,1,4,2.01,3.76,3317,87.64,99.92,нет,нет,да,нет,да,C,2009-12-01,2011-05-01
72709,IVORY SCULPTED RND CANDLE,C,Z,CZ,Кандидат на вывод: редкий хаотичный спрос,да,37.4,25.5,0.0,44,7,4,6,1.474,0.85,3318,87.66,99.92,нет,нет,нет,нет,нет,C,2010-04-01,2011-11-01
90074,BLACK DIAMOND CLUSTER NECKLACE,C,Z,CZ,Кандидат на вывод: редкий хаотичный спрос,да,37.24,26.85,0.0,4,3,1,3,1.871,9.31,3319,87.69,99.92,нет,нет,нет,нет,нет,C,2010-03-01,2011-11-01
84751B,BLACK MEDIUM GLASS CAKE STAND,C,Z,CZ,Вывести: продаж нет 6+ месяцев,да,37.11,78.75,0.0,17,8,8,4,1.833,2.18,3320,87.71,99.92,нет,нет,да,нет,нет,C,2010-02-01,2011-04-01
47420,ASSORTED COLOUR SUCTION CUP HOOK,C,Z,CZ,Кандидат на вывод: редкий хаотичный спрос,да,37.05,30.78,0.19,195,12,10,8,1.191,0.19,3321,87.74,99.92,нет,нет,нет,да,нет,C,2009-12-01,2011-11-01
84522,PINK PARTY SUNGLASSES,C,Z,CZ,Кандидат на вывод: редкий хаотичный спрос,да,36.76,275.1,0.0,20,12,6,8,1.158,1.84,3322,87.77,99.92,нет,нет,нет,нет,нет,C,2009-12-01,2011-11-01
71510,SQUARE METAL CANDLEHOLDER BASE,C,Z,CZ,Кандидат на вывод: редкий хаотичный спрос,да,36.52,75.53,0.0,52,8,5,6,1.611,0.7,3323,87.79,99.92,нет,нет,нет,нет,нет,C,2009-12-01,2011-11-01
84548,CROCHET BEAR RED/BLUE  KEYRING,C,Z,CZ,Кандидат на вывод: редкий хаотичный спрос,да,36.3,42.9,0.0,22,4,3,3,2.122,1.65,3324,87.82,99.92,нет,нет,нет,нет,нет,C,2009-12-01,2011-07-01
17090D,VANILLA INCENSE 40 CONES IN TIN,C,Z,CZ,Кандидат на вывод: редкий хаотичный спрос,да,36.25,68.95,0.0,29,12,6,6,1.324,1.25,3325,87.85,99.93,нет,нет,нет,нет,да,C,2009-12-01,2011-07-01
84226,HEN HOUSE W FAMILY IN BARN & NEST,C,Z,CZ,Кандидат на вывод: редкий хаотичный спрос,да,36.21,22.1,0.0,51,10,9,5,2.176,0.71,3326,87.87,99.93,нет,нет,нет,да,нет,C,2010-02-01,2011-06-01
85216,ASSORTED CAKES FRIDGE MAGNETS,C,Z,CZ,Кандидат на вывод: редкий хаотичный спрос,да,35.75,2102.87,0.0,55,8,6,6,1.31,0.65,3327,87.9,99.93,нет,нет,нет,нет,нет,B,2009-12-01,2011-11-01
35913B,WHITE/PINK CHICK EASTER DECORATION,C,Z,CZ,Оставить: сезонный спрос,нет,35.48,56.91,0.0,36,10,8,5,1.727,0.99,3328,87.93,99.93,нет,да,нет,нет,нет,C,2010-01-01,2011-11-01
90125B,AQUA BERTIE GLASS BEAD BAG CHARM,C,Z,CZ,Кандидат на вывод: редкий хаотичный спрос,да,35.46,31.51,12.6,24,11,2,4,2.872,1.48,3329,87.95,99.93,нет,нет,нет,нет,да,C,2009-12-01,2011-07-01
90123D,WHITE HEART OF GLASS BRACELET,C,Z,CZ,Кандидат на вывод: редкий хаотичный спрос,да,35.31,137.08,0.0,6,5,2,5,1.291,5.89,3330,87.98,99.93,нет,нет,нет,нет,да,C,2009-12-01,2011-11-01
90011B,BLACK CRYSTAL DROP EARRINGS,C,Z,CZ,Кандидат на вывод: редкий хаотичный спрос,да,35.27,23.79,0.0,12,7,2,6,1.633,2.94,3331,88.01,99.93,нет,нет,нет,да,да,C,2009-12-01,2011-11-01
90202C,GREEN ENAMEL FLOWER HAIR TIE,C,Z,CZ,Оставить: сезонный спрос,нет,35.21,32.75,5.8,12,11,1,6,1.291,2.93,3332,88.03,99.93,нет,да,нет,нет,да,C,2009-12-01,2011-11-01
90060F,FIRE POLISHED GLASS NECKL GREEN,C,Z,CZ,Кандидат на вывод: редкий хаотичный спрос,да,35.16,130.98,0.0,6,6,0,5,1.291,5.86,3333,88.06,99.93,нет,нет,нет,нет,да,C,2009-12-01,2011-11-01
79063D,"RETRO PILL BOX , REVOLUTIONARY",C,Z,CZ,Кандидат на вывод: редкий хаотичный спрос,да,35.14,0.0,0.0,189,11,9,6,1.892,0.19,3334,88.08,99.93,нет,нет,нет,да,да,не продавался,2011-02-01,2011-11-01
90131,PINK/AMETHYST/GOLD NECKLACE,C,Z,CZ,Кандидат на вывод: редкий хаотичный спрос,да,34.87,34.75,0.0,5,2,1,2,2.676,6.97,3335,88.11,99.93,нет,нет,нет,да,нет,C,2009-12-01,2011-06-01
90049,IVORY GOLD METAL BAG CHARM,C,Z,CZ,Кандидат на вывод: редкий хаотичный спрос,да,34.77,44.82,0.0,5,3,2,3,2.069,6.95,3336,88.14,99.93,нет,нет,нет,да,нет,C,2010-05-01,2011-11-01
46138B,BLUE CHENILLE SHAGGY CUSHION COVER,C,Z,CZ,Оставить: сезонный спрос,нет,34.65,107.29,0.0,33,11,7,6,1.861,1.05,3337,88.16,99.93,нет,да,нет,нет,нет,C,2009-12-01,2011-11-01
20827,GOLD APERITIF GLASS,C,Z,CZ,Вывести: продаж нет 6+ месяцев,да,34.32,175.04,0.0,88,2,1,1,3.317,0.39,3338,88.19,99.93,нет,нет,да,да,нет,C,2009-12-01,2011-04-01
84873A,FUNKY FLOWER PICNIC BAG FOR 4,C,Z,CZ,Кандидат на вывод: редкий хаотичный спрос,да,33.9,1333.61,0.0,2,2,2,2,2.236,16.95,3339,88.22,99.93,нет,нет,нет,да,нет,B,2009-12-01,2011-06-01
90026C,GLASS BEAD HOOP NECKLACE GREEN,C,Z,CZ,Кандидат на вывод: редкий хаотичный спрос,да,33.82,34.0,0.0,4,3,2,3,1.871,8.46,3340,88.24,99.93,нет,нет,нет,да,да,C,2009-12-01,2011-11-01
90024C,NEW BAROQUE B'FLY NECKLACE GREEN,C,Z,CZ,Кандидат на вывод: редкий хаотичный спрос,да,33.81,59.67,0.0,4,3,1,3,1.871,8.45,3341,88.27,99.93,нет,нет,нет,да,да,C,2009-12-01,2011-07-01
90038C,GLASS AND BEADS BRACELET IVORY,C,Z,CZ,Кандидат на вывод: редкий хаотичный спрос,да,33.69,37.77,0.0,9,4,1,4,2.186,3.74,3342,88.3,99.93,нет,нет,нет,да,да,C,2009-12-01,2011-09-01
81950B,FLOWER BLUE CLOCK W/SUCKER,C,Z,CZ,Кандидат на вывод: редкий хаотичный спрос,да,33.64,93.1,0.0,116,8,8,2,3.194,0.29,3343,88.32,99.93,нет,нет,нет,нет,да,C,2009-12-01,2011-08-01
90129D,AMBER GLASS TASSLE BAG CHARM,C,Z,CZ,Кандидат на вывод: редкий хаотичный спрос,да,33.44,128.13,0.0,14,7,2,4,1.943,2.39,3344,88.35,99.93,нет,нет,нет,да,да,C,2009-12-01,2011-10-01
37423,WHITE WITH BLACK CATS PLATE,C,Z,CZ,Вывести: продаж нет 6+ месяцев,да,33.18,515.5,0.0,78,3,3,1,3.317,0.43,3345,88.38,99.93,нет,нет,да,да,нет,C,2009-12-01,2011-03-01
90094,NECKLACE+BRACELET SET FRUIT SALAD,C,Z,CZ,Оставить,нет,33.15,151.92,2.55,13,12,11,6,1.382,2.55,3346,88.4,99.93,нет,нет,нет,нет,нет,C,2010-06-01,2011-11-01
90214H,"LETTER ""H"" BLING KEY RING",C,Y,CY,Оставить,нет,32.99,40.95,3.77,35,28,2,10,0.879,0.94,3347,88.43,99.93,нет,нет,нет,нет,да,C,2009-12-01,2011-11-01
35610C,WHITE CHRISTMAS FLOCK DROPLET,C,Z,CZ,Вывести: продаж нет 6+ месяцев,да,32.51,49.05,0.0,25,2,1,1,3.317,1.3,3348,88.45,99.93,нет,нет,да,да,да,C,2009-12-01,2010-12-01
23603,SET 10 CARD KRAFT REINDEER 17084,C,Z,CZ,Наблюдать: новый товар,нет,32.37,0.0,17.43,13,9,0,2,2.596,2.49,3349,88.48,99.93,да,нет,нет,нет,нет,не продавался,2011-10-01,2011-11-01
17109D,FLOWER FAIRY INCENSE BOUQUET,C,Z,CZ,Вывести: продаж нет 6+ месяцев,да,32.35,564.27,0.0,61,5,4,3,2.915,0.53,3350,88.51,99.93,нет,нет,да,да,нет,C,2009-12-01,2011-04-01
90177B,DROP DIAMANTE EARRINGS BLACK DIAMON,C,Z,CZ,Кандидат на вывод: редкий хаотичный спрос,да,32.31,50.37,8.7,11,5,2,4,1.861,2.94,3351,88.53,99.93,нет,нет,нет,да,да,C,2009-12-01,2011-06-01
90186A,AMETHYST HOOP EARRING FLORAL LEAF,C,Z,CZ,Кандидат на вывод: редкий хаотичный спрос,да,32.16,171.57,0.0,11,9,3,6,1.37,2.92,3352,88.56,99.94,нет,нет,нет,нет,да,C,2009-12-01,2011-11-01
37468,HARDMAN MUG 3 ASSORTED,C,Z,CZ,Оставить,нет,32.03,7.78,0.0,64,13,11,7,1.983,0.5,3353,88.59,99.94,нет,нет,нет,нет,нет,C,2009-12-01,2011-10-01
84824,DANISH ROSE UMBRELLA STAND,C,Z,CZ,Кандидат на вывод: редкий хаотичный спрос,да,31.9,644.55,0.0,2,2,2,2,2.236,15.95,3354,88.61,99.94,нет,нет,нет,да,нет,C,2009-12-01,2011-11-01
90036B,"FLOWER GLASS GARLAND NECKL.36""GREEN",C,Z,CZ,Кандидат на вывод: редкий хаотичный спрос,да,31.8,111.3,0.0,4,2,2,2,2.55,7.95,3355,88.64,99.94,нет,нет,нет,да,да,C,2010-01-01,2011-08-01
90214G,"LETTER ""G"" BLING KEY RING",C,Y,CY,Оставить,нет,31.7,51.73,7.25,34,26,2,12,0.625,0.93,3356,88.67,99.94,нет,нет,нет,нет,да,C,2010-01-01,2011-11-01
79406,FROSTED WHITE BASE,C,Z,CZ,Кандидат на вывод: редкий хаотичный спрос,да,31.63,31.5,2.49,141,7,6,7,1.706,0.22,3357,88.69,99.94,нет,нет,нет,да,нет,C,2009-12-01,2011-11-01
23632,SET 10 CARDS CHEERFUL ROBIN 17065,C,Z,CZ,Наблюдать: новый товар,нет,31.2,0.0,0.0,15,10,0,3,2.447,2.08,3358,88.72,99.94,да,нет,нет,нет,нет,не продавался,2011-09-01,2011-11-01
85018D,YULETIDE IMAGES S/6 PAPER BOXES,C,Z,CZ,Вывести: продаж нет 6+ месяцев,да,30.6,939.3,0.0,12,7,6,2,3.028,2.55,3359,88.75,99.94,нет,нет,да,да,нет,B,2009-12-01,2011-01-01
44228,CANNABIS LEAF BEAD CURTAIN,C,Z,CZ,Кандидат на вывод: редкий хаотичный спрос,да,30.6,10.2,0.0,36,2,2,2,2.38,0.85,3360,88.77,99.94,нет,нет,нет,да,нет,C,2010-11-01,2011-08-01
37471,MULTICOLOUR DOTS PLATE,C,Z,CZ,Кандидат на вывод: редкий хаотичный спрос,да,30.43,99.02,0.0,29,3,1,3,2.173,1.05,3361,88.8,99.94,нет,нет,нет,нет,нет,C,2009-12-01,2011-10-01
90176B,DIAMANTE NECKLACE BLACK,C,Z,CZ,Кандидат на вывод: редкий хаотичный спрос,да,30.12,7.5,0.0,4,3,1,2,2.55,7.53,3362,88.82,99.94,нет,нет,нет,нет,да,C,2010-11-01,2011-11-01
90187B,GREEN DROP EARRINGS W BEAD CLUSTER,C,Z,CZ,Кандидат на вывод: редкий хаотичный спрос,да,30.07,30.57,9.96,9,6,1,6,1.453,3.34,3363,88.85,99.94,нет,нет,нет,нет,да,C,2009-12-01,2011-11-01
90169,DAISY HAIR COMB,C,Z,CZ,Кандидат на вывод: редкий хаотичный спрос,да,30.06,51.03,2.48,12,9,0,7,1.08,2.5,3364,88.88,99.94,нет,нет,нет,нет,нет,C,2009-12-01,2011-11-01
84805A,CREAM CLIMBING HYDRANGA ART FLOWER,C,Z,CZ,Кандидат на вывод: редкий хаотичный спрос,да,30.0,152.85,30.0,8,2,1,2,2.55,3.75,3365,88.9,99.94,нет,нет,нет,да,да,C,2010-03-01,2011-08-01
35610B,BLACK CHRISTMAS FLOCK DROPLET,C,Z,CZ,Вывести: продаж нет 6+ месяцев,да,30.0,114.07,0.0,24,1,1,1,3.317,1.25,3366,88.93,99.94,нет,нет,да,да,да,C,2009-12-01,2010-12-01
20878,SET/9 CHRISTMAS T-LIGHTS SCENTED,C,Z,CZ,Вывести: продаж нет 6+ месяцев,да,30.0,922.51,0.0,24,7,7,1,3.317,1.25,3367,88.96,99.94,нет,нет,да,нет,нет,B,2009-12-01,2010-12-01
90195B,BLACK GEMSTONE BRACELET,C,Z,CZ,Кандидат на вывод: редкий хаотичный спрос,да,29.98,394.91,0.0,4,4,3,3,1.871,7.5,3368,88.98,99.94,нет,нет,нет,нет,да,C,2009-12-01,2011-11-01
21310,CAPIZ CHANDELIER,C,Z,CZ,Вывести: продаж нет 6+ месяцев,да,29.95,149.75,0.0,1,1,1,1,3.317,29.95,3369,89.01,99.94,нет,нет,да,да,нет,C,2010-03-01,2011-05-01
90122B,JADE CRYSTAL+GLASS BRACELET,C,Z,CZ,Кандидат на вывод: редкий хаотичный спрос,да,29.93,199.06,0.0,6,6,1,5,1.291,4.99,3370,89.04,99.94,нет,нет,нет,нет,да,C,2009-12-01,2011-09-01
90180B,PURPLE AMETHYST NECKLACE W TASSEL,C,Z,CZ,Кандидат на вывод: редкий хаотичный спрос,да,29.88,130.07,19.93,3,3,2,3,1.732,9.96,3371,89.06,99.94,нет,нет,нет,нет,да,C,2009-12-01,2011-11-01
90136,PALE PINK/AMETHYST STONE NECKLACE,C,Z,CZ,Вывести: продаж нет 6+ месяцев,да,29.85,10.62,0.0,3,2,2,2,2.38,9.95,3372,89.09,99.94,нет,нет,да,да,нет,C,2010-11-01,2011-04-01
90159,COTE D'AZURE NECKLACE,C,Z,CZ,Кандидат на вывод: редкий хаотичный спрос,да,29.79,158.79,0.0,6,5,2,4,1.732,4.97,3373,89.11,99.94,нет,нет,нет,нет,нет,C,2009-12-01,2011-11-01
90001D,ANTIQUE OLIVE GREEN FLOWER EARRINGS,C,Z,CZ,Кандидат на вывод: редкий хаотичный спрос,да,29.73,55.23,0.0,7,5,3,5,1.301,4.25,3374,89.14,99.94,нет,нет,нет,нет,да,C,2009-12-01,2011-10-01
90120A,PINK MURANO TWIST BRACELET,C,Z,CZ,Вывести: продаж нет 6+ месяцев,да,29.73,365.95,0.0,7,3,0,2,2.47,4.25,3375,89.17,99.94,нет,нет,да,нет,да,C,2009-12-01,2011-01-01
21757,LIGHTHOUSE PRINTED METAL SIGN,C,Z,CZ,Вывести: продаж нет 6+ месяцев,да,29.7,424.6,0.0,6,3,3,2,2.38,4.95,3376,89.19,99.94,нет,нет,да,нет,нет,C,2009-12-01,2011-02-01
21040,MODERN VINTAGE COTTON SHOPPING BAG,C,Z,CZ,Вывести: продаж нет 6+ месяцев,да,29.7,1096.15,0.0,22,8,8,3,2.28,1.35,3377,89.22,99.94,нет,нет,да,нет,нет,B,2009-12-01,2011-03-01
35816P,"ACRYLIC JEWEL ANGEL,PINK",C,Z,CZ,Кандидат на вывод: редкий хаотичный спрос,да,29.64,107.79,0.0,78,2,2,1,3.317,0.38,3378,89.25,99.94,нет,нет,нет,да,нет,C,2010-02-01,2011-08-01
84706D,CHERRY BLOSSOM TABLE CLOCK,C,Z,CZ,Вывести: продаж нет 6+ месяцев,да,29.6,470.59,0.0,8,4,3,2,2.55,3.7,3379,89.27,99.94,нет,нет,да,да,да,C,2009-12-01,2011-05-01
17136A,BLUE STONES ON WIRE FOR CANDLE,C,Z,CZ,Оставить,нет,29.59,32.19,0.0,352,17,16,10,1.088,0.08,3380,89.3,99.94,нет,нет,нет,нет,нет,C,2009-12-01,2011-11-01
90162D,ANT SILVER PURPLE BOUDICCA RING,C,Z,CZ,Кандидат на вывод: редкий хаотичный спрос,да,29.5,56.05,0.0,10,5,3,3,1.755,2.95,3381,89.33,99.94,нет,нет,нет,да,да,C,2010-01-01,2011-10-01
84465,15 PINK FLUFFY CHICKS IN BOX,C,Z,CZ,Оставить: сезонный спрос,нет,29.5,67.01,0.0,10,7,7,4,2.01,2.95,3382,89.35,99.94,нет,да,нет,нет,нет,C,2010-02-01,2011-11-01
90179C,BLACK FINE BEAD NECKLACE W TASSEL,C,Z,CZ,Кандидат на вывод: редкий хаотичный спрос,да,29.49,77.34,5.95,5,5,1,4,1.536,5.9,3383,89.38,99.95,нет,нет,нет,нет,да,C,2010-06-01,2011-11-01
90179A,AMBER FINE BEAD NECKLACE W TASSEL,C,Z,CZ,Кандидат на вывод: редкий хаотичный спрос,да,29.49,35.69,5.82,5,4,2,3,2.069,5.9,3384,89.41,99.95,нет,нет,нет,нет,да,C,2010-01-01,2011-11-01
82605,OLD DOC RUSSEL METAL SIGN,C,Z,CZ,Вывести: продаж нет 6+ месяцев,да,29.4,565.67,0.0,14,3,3,2,3.067,2.1,3385,89.43,99.95,нет,нет,да,да,нет,C,2009-12-01,2011-03-01
85030,FRENCH CHATEAU OVAL PLATTER,C,Z,CZ,Вывести: продаж нет 6+ месяцев,да,29.25,439.5,0.0,15,6,6,2,2.868,1.95,3386,89.46,99.95,нет,нет,да,нет,нет,C,2009-12-01,2011-04-01
90202B,WHITE ENAMEL FLOWER HAIR TIE,C,Z,CZ,Кандидат на вывод: редкий хаотичный спрос,да,29.05,20.84,2.9,10,8,1,5,1.371,2.9,3387,89.48,99.95,нет,нет,нет,нет,да,C,2009-12-01,2011-11-01
21011,GLITTER SNOW PEAR TREE DECORATION,C,Z,CZ,Вывести: продаж нет 6+ месяцев,да,29.0,1344.8,0.0,20,3,2,1,3.317,1.45,3388,89.51,99.95,нет,нет,да,да,нет,B,2009-12-01,2010-12-01
90152A,SILVER/NAT SHELL NECKLACE W PENDANT,C,Z,CZ,Кандидат на вывод: редкий хаотичный спрос,да,28.76,11.58,0.0,5,5,3,5,1.183,5.75,3389,89.54,99.95,нет,нет,нет,нет,да,C,2009-12-01,2011-11-01
84803B,WHITE ALLIUM  ARTIFICIAL FLOWER,C,Z,CZ,Кандидат на вывод: редкий хаотичный спрос,да,28.73,42.25,0.0,17,4,3,2,2.917,1.69,3390,89.56,99.95,нет,нет,нет,нет,да,C,2010-02-01,2011-08-01
17165D,ASS COL LARGE SAND FROG P'WEIGHT,C,Z,CZ,Вывести: продаж нет 6+ месяцев,да,28.35,653.97,0.0,27,7,6,2,2.38,1.05,3391,89.59,99.95,нет,нет,да,нет,нет,C,2009-12-01,2011-01-01
90059D,DIAMANTE HAIR GRIP PACK/2 PERIDOT,C,Y,CY,Оставить,нет,28.25,65.29,3.3,17,17,0,9,0.886,1.66,3392,89.62,99.95,нет,нет,нет,нет,да,C,2009-12-01,2011-11-01
84798B,PURPLE FOXGLOVE ARTIIFCIAL FLOWER,C,Z,CZ,Вывести: продаж нет 6+ месяцев,да,28.05,464.85,0.0,11,3,2,2,2.334,2.55,3393,89.64,99.95,нет,нет,да,да,да,C,2010-01-01,2011-03-01
20857,BLUE ROSE PATCH PURSE PINK BUTTERFL,C,Z,CZ,Вывести: продаж нет 6+ месяцев,да,28.05,356.4,0.0,17,7,6,2,2.349,1.65,3394,89.67,99.95,нет,нет,да,нет,нет,C,2009-12-01,2011-02-01
90005A,JADE GREEN ENAMEL HAIR COMB,C,Z,CZ,Вывести: продаж нет 6+ месяцев,да,28.02,188.85,0.0,14,10,0,3,2.591,2.0,3395,89.7,99.95,нет,нет,да,нет,нет,C,2009-12-01,2011-04-01
84199,GLOW IN DARK DOLPHINS,C,Z,CZ,Оставить,нет,27.93,92.1,1.05,133,28,25,10,1.161,0.21,3396,89.72,99.95,нет,нет,нет,нет,нет,C,2009-12-01,2011-11-01
84613A,PINK NEW BAROQUE FLOCK CANDLESTICK,C,Z,CZ,Вывести: продаж нет 6+ месяцев,да,27.9,74.4,0.0,6,3,3,3,1.915,4.65,3397,89.75,99.95,нет,нет,да,да,да,C,2010-02-01,2011-02-01
23613,SET 10 XMAS CARDS & BADGES 17070,C,Z,CZ,Наблюдать: новый товар,нет,27.39,0.0,0.0,11,6,0,2,2.498,2.49,3398,89.78,99.95,да,нет,нет,нет,нет,не продавался,2011-09-01,2011-11-01
85126,LARGE ROUND CUTGLASS CANDLESTICK,C,Z,CZ,Вывести: продаж нет 6+ месяцев,да,27.14,988.02,0.0,2,1,0,1,3.317,13.57,3399,89.8,99.95,нет,нет,да,нет,нет,B,2009-12-01,2010-12-01
23702,High Resolution Image,C,Z,CZ,Наблюдать: новый товар,нет,27.0,0.0,0.0,4,3,3,2,2.55,6.75,3400,89.83,99.95,да,нет,нет,да,нет,не продавался,2011-10-01,2011-11-01
90085,CRYSTAL STILETTO PHONE CHARM,C,Z,CZ,Кандидат на вывод: редкий хаотичный спрос,да,26.56,162.27,10.2,22,9,1,6,2.051,1.21,3401,89.85,99.95,нет,нет,нет,нет,нет,C,2009-12-01,2011-08-01
35598A,DUSTY PINK CHRISTMAS TREE 60CM,C,Z,CZ,Кандидат на вывод: редкий хаотичный спрос,да,26.55,2.95,0.0,9,2,2,1,3.317,2.95,3402,89.88,99.95,нет,нет,нет,да,да,C,2009-12-01,2011-11-01
84675,FROG KING WATERING CAN,C,Z,CZ,Вывести: продаж нет 6+ месяцев,да,26.55,527.46,0.0,9,2,2,1,3.317,2.95,3403,89.91,99.95,нет,нет,да,да,нет,C,2009-12-01,2011-01-01
90059E,DIAMANTE HAIR GRIP PACK/2 RUBY,C,Z,CZ,Кандидат на вывод: редкий хаотичный спрос,да,26.52,46.94,4.95,16,12,2,6,1.601,1.66,3404,89.93,99.95,нет,нет,нет,нет,да,C,2009-12-01,2011-11-01
21836,GINGHAM OVEN GLOVE RED HEART,C,Z,CZ,Вывести: продаж нет 6+ месяцев,да,26.49,962.4,0.0,5,3,2,2,2.289,5.3,3405,89.96,99.95,нет,нет,да,нет,нет,B,2009-12-01,2011-01-01
72140E,BEST DAD CANDLE LETTERS,C,Z,CZ,Кандидат на вывод: редкий хаотичный спрос,да,26.35,130.37,0.0,31,8,8,5,1.373,0.85,3406,89.99,99.95,нет,нет,нет,нет,нет,C,2009-12-01,2011-10-01
90212C,PURPLE LAS VEGAS BRACELET ROUND,C,Z,CZ,Кандидат на вывод: редкий хаотичный спрос,да,26.25,30.0,0.0,7,3,2,3,1.911,3.75,3407,90.01,99.95,нет,нет,нет,нет,да,C,2009-12-01,2011-09-01
90039A,FIRE POLISHED GLASS BRACELET RED,C,Z,CZ,Вывести: продаж нет 6+ месяцев,да,26.23,7.65,3.73,7,2,1,2,2.839,3.75,3408,90.04,99.95,нет,нет,да,да,да,C,2009-12-01,2011-05-01
85017C,ENVELOPE 50 CURIOUS IMAGES,C,Z,CZ,Вывести: продаж нет 6+ месяцев,да,26.17,693.5,0.0,49,10,10,5,1.65,0.53,3409,90.07,99.95,нет,нет,да,нет,да,B,2009-12-01,2011-05-01
90168,2 DAISIES HAIR COMB,C,Z,CZ,Кандидат на вывод: редкий хаотичный спрос,да,26.16,71.2,8.7,9,8,0,5,1.453,2.91,3410,90.09,99.95,нет,нет,нет,нет,нет,C,2009-12-01,2011-11-01
90183C,BLACK DROP EARRINGS W LONG BEADS,C,Z,CZ,Кандидат на вывод: редкий хаотичный спрос,да,26.15,11.97,2.9,9,9,1,5,1.816,2.91,3411,90.12,99.95,нет,нет,нет,нет,да,C,2009-12-01,2011-11-01
90214I,"LETTER ""I"" BLING KEY RING",C,Z,CZ,Кандидат на вывод: редкий хаотичный спрос,да,25.85,31.38,3.77,25,11,1,8,1.524,1.03,3412,90.15,99.95,нет,нет,нет,да,да,C,2009-12-01,2011-10-01
90026D,GLASS BEAD HOOP NECKLACE AMETHYST,C,Z,CZ,Кандидат на вывод: редкий хаотичный спрос,да,25.5,59.5,0.0,3,3,3,3,1.732,8.5,3413,90.17,99.95,нет,нет,нет,нет,да,C,2010-06-01,2011-11-01
84968B,S/16 VINTAGE IVORY CUTLERY,C,Z,CZ,Вывести: продаж нет 6+ месяцев,да,25.5,5706.89,0.0,2,2,2,2,2.236,12.75,3414,90.2,99.95,нет,нет,да,да,да,A,2009-12-01,2011-04-01
35910B,PINK FLOWERS RABBIT EASTER,C,Z,CZ,Кандидат на вывод: редкий хаотичный спрос,да,25.35,35.72,0.0,13,3,3,2,3.049,1.95,3415,90.22,99.95,нет,нет,нет,нет,да,C,2010-01-01,2011-11-01
90026B,GLASS BEAD HOOP NECKLACE MONTANA,C,Z,CZ,Вывести: продаж нет 6+ месяцев,да,25.32,42.5,0.0,3,3,2,2,2.38,8.44,3416,90.25,99.95,нет,нет,да,нет,да,C,2009-12-01,2011-03-01
72783,BLACK SIL'T SQU CANDLE PLATE,C,Z,CZ,Кандидат на вывод: редкий хаотичный спрос,да,25.2,56.7,8.4,12,1,1,1,3.317,2.1,3417,90.28,99.95,нет,нет,нет,да,нет,C,2009-12-01,2011-11-01
90013D,PURPLE VINTAGE EARRINGS,C,Z,CZ,Кандидат на вывод: редкий хаотичный спрос,да,25.17,152.94,0.0,6,3,0,3,1.915,4.2,3418,90.3,99.96,нет,нет,нет,нет,да,C,2010-01-01,2011-06-01
90033,IVORY SHELL HEART EARRINGS,C,Y,CY,Оставить: сезонный спрос,нет,25.07,30.81,0.0,10,9,1,7,0.959,2.51,3419,90.33,99.96,нет,да,нет,нет,нет,C,2009-12-01,2011-11-01
23637,SET 10 CARDS OUT OF ORDER 17216,C,Z,CZ,Наблюдать: новый товар,нет,24.9,0.0,2.49,10,8,0,3,1.822,2.49,3420,90.36,99.96,да,нет,нет,нет,нет,не продавался,2011-09-01,2011-11-01
23620,SET 10 CARDS PERFECT POST 17090,C,Z,CZ,Наблюдать: новый товар,нет,24.9,0.0,0.0,10,7,0,3,2.069,2.49,3421,90.38,99.96,да,нет,нет,нет,нет,не продавался,2011-09-01,2011-11-01
85115B,S/4 BLACK DISCO PARTITION PANEL,C,Z,CZ,Кандидат на вывод: редкий хаотичный спрос,да,24.87,12.75,0.0,3,1,0,1,3.317,8.29,3422,90.41,99.96,нет,нет,нет,нет,нет,C,2010-06-01,2011-10-01
90043,COPPER AND BRASS BAG CHARM,C,Z,CZ,Кандидат на вывод: редкий хаотичный спрос,да,24.81,29.7,0.0,4,2,2,2,2.55,6.2,3423,90.44,99.96,нет,нет,нет,да,нет,C,2009-12-01,2011-10-01
20778,GARDEN PATH NOTEBOOK,C,Z,CZ,Оставить: сезонный спрос,нет,24.75,917.96,0.0,15,8,8,4,1.501,1.65,3424,90.46,99.96,нет,да,да,нет,нет,B,2009-12-01,2011-04-01
84854,GIRLY PINK TOOL SET,C,Z,CZ,Вывести: продаж нет 6+ месяцев,да,24.75,2054.72,0.0,5,1,1,1,3.317,4.95,3425,90.49,99.96,нет,нет,да,да,нет,B,2009-12-01,2010-12-01
20820,SILVER LOOKING MIRROR,C,Z,CZ,Вывести: продаж нет 6+ месяцев,да,24.75,29.7,0.0,5,2,2,2,2.289,4.95,3426,90.52,99.96,нет,нет,да,да,нет,C,2009-12-01,2011-03-01
90141E,ORANGE PENDANT TRIPLE SHELL NECKLAC,C,Z,CZ,Кандидат на вывод: редкий хаотичный спрос,да,24.75,25.31,0.0,5,2,1,2,2.289,4.95,3427,90.54,99.96,нет,нет,нет,да,да,C,2009-12-01,2011-10-01
84993B,75 BLACK PETIT FOUR CASES,C,Z,CZ,Оставить,нет,24.36,236.29,0.0,58,18,16,6,1.387,0.42,3428,90.57,99.96,нет,нет,нет,нет,да,C,2009-12-01,2011-08-01
90214R,"LETTER ""R"" BLING KEY RING",C,Z,CZ,Оставить,нет,24.24,65.72,3.77,28,23,1,8,1.083,0.87,3429,90.59,99.96,нет,нет,нет,нет,да,C,2009-12-01,2011-09-01
90076,MONTANA DIAMOND CLUSTER EARRINGS,C,Z,CZ,Кандидат на вывод: редкий хаотичный спрос,да,24.12,8.88,0.0,9,4,1,4,2.186,2.68,3430,90.62,99.96,нет,нет,нет,да,нет,C,2010-01-01,2011-11-01
84562A,PINK/WHITE RIBBED MELAMINE JUG,C,Z,CZ,Вывести: продаж нет 6+ месяцев,да,23.85,1346.46,0.0,3,3,2,2,2.38,7.95,3431,90.65,99.96,нет,нет,да,нет,нет,B,2009-12-01,2011-02-01
47503J,SET/3 FLORAL GARDEN TOOLS IN BAG,C,Z,CZ,Вывести: продаж нет 6+ месяцев,да,23.85,2679.4,0.0,3,2,1,1,3.317,7.95,3432,90.67,99.96,нет,нет,да,нет,да,A,2009-12-01,2010-12-01
90214N,"LETTER ""N"" BLING KEY RING",C,Y,CY,Оставить,нет,23.8,47.17,5.43,26,20,1,11,0.701,0.92,3433,90.7,99.96,нет,нет,нет,нет,да,C,2009-12-01,2011-11-01
21357,TOAST ITS - DINOSAUR,C,Z,CZ,Оставить: сезонный спрос,нет,23.75,1744.01,0.0,19,10,9,3,2.24,1.25,3434,90.73,99.96,нет,да,да,нет,нет,B,2009-12-01,2011-03-01
85160A,WHITE BIRD GARDEN DESIGN MUG,C,Z,CZ,Вывести: продаж нет 6+ месяцев,да,23.63,1037.56,0.0,7,2,0,2,2.839,3.38,3435,90.75,99.96,нет,нет,да,нет,да,B,2009-12-01,2011-01-01
35909B,PINK FLOWERS RABBIT EASTER,C,Z,CZ,Кандидат на вывод: редкий хаотичный спрос,да,23.6,23.6,0.0,8,2,2,2,2.55,2.95,3436,90.78,99.96,нет,нет,нет,да,да,C,2009-12-01,2011-06-01
35909A,RABBIT EASTER DECORATION,C,Z,CZ,Вывести: продаж нет 6+ месяцев,да,23.6,35.4,0.0,8,3,3,3,2.475,2.95,3437,90.81,99.96,нет,нет,да,да,да,C,2010-02-01,2011-04-01
90177E,DROP DIAMANTE EARRINGS GREEN,C,Z,CZ,Кандидат на вывод: редкий хаотичный спрос,да,23.38,41.63,0.0,8,8,0,6,1.118,2.92,3438,90.83,99.96,нет,нет,нет,нет,да,C,2009-12-01,2011-11-01
90176C,DIAMANTE NECKLACE,C,Z,CZ,Кандидат на вывод: редкий хаотичный спрос,да,23.32,46.18,0.0,3,2,1,2,2.38,7.77,3439,90.86,99.96,нет,нет,нет,да,да,C,2009-12-01,2011-08-01
23623,SET 10 CARD CHRISTMAS WELCOME 17112,C,Z,CZ,Наблюдать: новый товар,нет,23.28,0.0,0.0,8,6,0,3,1.871,2.91,3440,90.89,99.96,да,нет,нет,нет,нет,не продавался,2011-09-01,2011-11-01
90104,PURPLE FRANGIPANI HAIRCLIP,C,Z,CZ,Вывести: продаж нет 6+ месяцев,да,23.16,84.95,0.0,28,12,1,4,1.804,0.83,3441,90.91,99.96,нет,нет,да,нет,нет,C,2010-06-01,2011-04-01
85195,HANGING HEART BASKET,C,Z,CZ,Вывести: продаж нет 6+ месяцев,да,23.1,246.34,0.0,11,3,3,3,2.417,2.1,3442,90.94,99.96,нет,нет,да,да,нет,C,2009-12-01,2011-03-01
23447,PINK BUNNY EASTER EGG BASKET,C,Z,CZ,Наблюдать: новый товар,нет,23.1,0.0,208.8,14,3,3,1,3.317,1.65,3443,90.96,99.96,да,нет,нет,да,нет,не продавался,2011-10-01,2011-10-01
85206B,PINK FELT EASTER EGG BASKET,C,Z,CZ,Вывести: продаж нет 6+ месяцев,да,23.1,2454.2,0.0,14,4,4,1,3.317,1.65,3444,90.99,99.96,нет,нет,да,да,да,A,2009-12-01,2011-01-01
22351,DOTCOMGIFTSHOP TEA TOWEL,C,Z,CZ,Кандидат на вывод: редкий хаотичный спрос,да,23.09,6.72,0.0,13,2,1,2,3.049,1.78,3445,91.02,99.96,нет,нет,нет,да,нет,C,2010-08-01,2011-06-01
90037B,TINY CRYSTAL BRACELET GREEN,C,Z,CZ,Кандидат на вывод: редкий хаотичный спрос,да,22.8,45.89,2.48,9,4,1,3,2.253,2.53,3446,91.04,99.96,нет,нет,нет,да,да,C,2010-03-01,2011-08-01
90176E,DIAMANTE NECKLACE GREEN,C,Z,CZ,Наблюдать: новый товар,нет,22.5,0.0,7.48,3,2,2,2,2.38,7.5,3447,91.07,99.96,да,нет,нет,да,да,не продавался,2011-08-01,2011-10-01
90093,CLEAR CRYSTAL STAR PHONE CHARM,C,Z,CZ,Кандидат на вывод: редкий хаотичный спрос,да,22.49,113.82,6.08,20,8,3,8,1.903,1.12,3448,91.1,99.96,нет,нет,нет,нет,нет,C,2009-12-01,2011-11-01
90176A,CLASSIC DIAMANTE NECKLACE JET,C,Z,CZ,Кандидат на вывод: редкий хаотичный спрос,да,22.48,53.4,0.0,3,2,1,2,2.38,7.49,3449,91.12,99.96,нет,нет,нет,да,да,C,2009-12-01,2011-11-01
21018,BIRD BOX CHRISTMAS TREE DECORATION,C,Z,CZ,Вывести: продаж нет 6+ месяцев,да,22.06,160.65,0.0,24,6,4,1,3.317,0.92,3450,91.15,99.96,нет,нет,да,да,нет,C,2009-12-01,2010-12-01
21461,BLUE EASTER EGG HUNT START POST,C,Z,CZ,Вывести: продаж нет 6+ месяцев,да,21.91,145.23,0.0,9,5,3,3,2.046,2.43,3451,91.18,99.96,нет,нет,да,нет,нет,C,2010-01-01,2011-04-01
90056,CHUNKY CRACKED GLAZE NECKLACE IVORY,C,Z,CZ,Кандидат на вывод: редкий хаотичный спрос,да,21.87,164.43,21.64,2,2,0,2,2.236,10.94,3452,91.2,99.96,нет,нет,нет,нет,нет,C,2009-12-01,2011-09-01
90027D,GLASS BEAD HOOP EARRINGS AMETHYST,C,Z,CZ,Кандидат на вывод: редкий хаотичный спрос,да,21.76,43.78,6.64,7,4,1,3,2.035,3.11,3453,91.23,99.96,нет,нет,нет,да,да,C,2009-12-01,2011-11-01
79191D,RETRO PLASTIC DAISY TRAY,C,Z,CZ,Кандидат на вывод: редкий хаотичный спрос,да,21.67,106.26,5.74,19,12,5,6,1.375,1.14,3454,91.25,99.96,нет,нет,нет,нет,да,C,2009-12-01,2011-11-01
90035C,"PEARL & SHELL 42""NECKL. IVORY",C,Z,CZ,Вывести: продаж нет 6+ месяцев,да,21.5,279.5,0.0,2,1,1,1,3.317,10.75,3455,91.28,99.96,нет,нет,да,да,да,C,2009-12-01,2011-05-01
90059F,DIAMANTE HAIR GRIP PACK/2 LT ROSE,C,Z,CZ,Кандидат на вывод: редкий хаотичный спрос,да,21.49,45.18,3.3,13,11,2,6,1.219,1.65,3456,91.31,99.96,нет,нет,нет,нет,да,C,2009-12-01,2011-11-01
84387A,BIRD ON BRANCH CANVAS SCREEN,C,Z,CZ,Наблюдать: новый товар,нет,21.45,0.0,0.0,11,1,1,1,3.317,1.95,3457,91.33,99.96,да,нет,нет,да,нет,не продавался,2011-07-01,2011-07-01
23446,BLUE BUNNY EASTER EGG BASKET,C,Z,CZ,Наблюдать: новый товар,нет,21.45,0.0,208.8,13,2,2,1,3.317,1.65,3458,91.36,99.97,да,нет,нет,да,нет,не продавался,2011-10-01,2011-10-01
84551,CROCHET DOG KEYRING,C,Z,CZ,Кандидат на вывод: редкий хаотичный спрос,да,21.45,42.9,0.0,13,2,1,2,3.049,1.65,3459,91.39,99.97,нет,нет,нет,нет,нет,C,2009-12-01,2011-10-01
90214B,"LETTER ""B"" BLING KEY RING",C,Y,CY,Оставить,нет,21.29,47.56,3.48,25,21,1,9,0.842,0.85,3460,91.41,99.97,нет,нет,нет,нет,да,C,2009-12-01,2011-09-01
20695,FLORAL BLUE MONSTER,C,Z,CZ,Кандидат на вывод: редкий хаотичный спрос,да,21.25,583.33,0.0,5,4,4,4,1.536,4.25,3461,91.44,99.97,нет,нет,нет,нет,нет,C,2009-12-01,2011-11-01
90001B,ANTIQUE MID BLUE FLOWER EARRINGS,C,Z,CZ,Кандидат на вывод: редкий хаотичный спрос,да,21.15,33.97,0.0,5,3,2,3,1.822,4.23,3462,91.47,99.97,нет,нет,нет,нет,да,C,2010-01-01,2011-11-01
90001C,ANTIQUE OPAL WHITE FLOWER EARRINGS,C,Z,CZ,Кандидат на вывод: редкий хаотичный спрос,да,21.13,25.57,0.0,5,5,2,4,1.536,4.23,3463,91.49,99.97,нет,нет,нет,нет,да,C,2009-12-01,2011-10-01
90125E,AMBER BERTIE GLASS BEAD BAG CHARM,C,Z,CZ,Вывести: продаж нет 6+ месяцев,да,21.05,23.14,0.0,11,10,1,2,3.003,1.91,3464,91.52,99.97,нет,нет,да,нет,да,C,2009-12-01,2011-05-01
23692,WRAP A PRETTY THANK YOU,C,Z,CZ,Наблюдать: новый товар,нет,21.0,0.0,0.0,50,2,2,1,3.317,0.42,3465,91.55,99.97,да,нет,нет,да,нет,не продавался,2011-11-01,2011-11-01
90001A,ANTIQUE RASPBERRY FLOWER EARRINGS,C,Z,CZ,Кандидат на вывод: редкий хаотичный спрос,да,20.95,25.65,0.0,5,4,1,4,1.536,4.19,3466,91.57,99.97,нет,нет,нет,нет,да,C,2009-12-01,2011-10-01
17001,HEAVENS SCENT FRAGRANCE OILS ASSTD,C,Z,CZ,Вывести: продаж нет 6+ месяцев,да,20.88,276.73,0.0,72,1,1,1,3.317,0.29,3467,91.6,99.97,нет,нет,да,да,нет,C,2009-12-01,2011-02-01
90141D,ROSE PENDANT TRIPLE SHELL NECKLACE,C,Z,CZ,Кандидат на вывод: редкий хаотичный спрос,да,20.36,15.97,0.0,4,2,1,2,2.55,5.09,3468,91.62,99.97,нет,нет,нет,да,да,C,2010-01-01,2011-07-01
90177A,CLASSIC DIAMANTE EARRINGS JET,C,Y,CY,Оставить,нет,20.3,14.79,2.9,7,7,0,7,0.845,2.9,3469,91.65,99.97,нет,нет,нет,нет,да,C,2009-12-01,2011-11-01
90182A,AMBER 3 BEAD DROP EARRINGS,C,Z,CZ,Кандидат на вывод: редкий хаотичный спрос,да,20.3,2.96,2.9,7,7,0,4,1.911,2.9,3470,91.68,99.97,нет,нет,нет,нет,да,C,2010-11-01,2011-11-01
20793,BLUE TILED TRAY,C,Z,CZ,Кандидат на вывод: редкий хаотичный спрос,да,20.25,464.5,0.0,3,3,3,3,1.732,6.75,3471,91.7,99.97,нет,нет,нет,нет,нет,C,2009-12-01,2011-09-01
90034,WHITE SILVER NECKLACE SHELL GLASS,C,Z,CZ,Вывести: продаж нет 6+ месяцев,да,20.17,30.31,0.0,2,2,0,2,2.236,10.09,3472,91.73,99.97,нет,нет,да,нет,нет,C,2009-12-01,2011-04-01
84415B,BLUE FLOCK CUSHION COVER,C,Z,CZ,Кандидат на вывод: редкий хаотичный спрос,да,20.0,60.0,0.0,8,3,2,3,1.871,2.5,3473,91.76,99.97,нет,нет,нет,нет,да,C,2009-12-01,2011-06-01
23601,SET 10 CARDS SNOWY SNOWDROPS  17100,C,Z,CZ,Наблюдать: новый товар,нет,19.92,0.0,0.0,8,4,0,2,2.894,2.49,3474,91.78,99.97,да,нет,нет,нет,нет,не продавался,2011-09-01,2011-11-01
23646,SET 10 CARDS JINGLE BELLS 16957,C,Z,CZ,Наблюдать: новый товар,нет,19.92,0.0,0.0,8,5,0,3,2.475,2.49,3475,91.81,99.97,да,нет,нет,нет,нет,не продавался,2011-09-01,2011-11-01
21681,GIANT MEDINA STAMPED METAL BOWL,C,Z,CZ,Вывести: продаж нет 6+ месяцев,да,19.9,2185.06,0.0,2,2,2,1,3.317,9.95,3476,91.84,99.97,нет,нет,да,да,нет,B,2009-12-01,2011-02-01
35817P,"ACRYLIC JEWEL SNOWFLAKE,PINK",C,Z,CZ,Кандидат на вывод: редкий хаотичный спрос,да,19.86,196.84,0.0,18,2,2,2,2.38,1.1,3477,91.86,99.97,нет,нет,нет,да,нет,C,2010-05-01,2011-08-01
37491A,YELLOW/PINK CERAMIC CANDLE HOLDER,C,Z,CZ,Кандидат на вывод: редкий хаотичный спрос,да,19.81,28.49,0.0,6,4,0,4,1.528,3.3,3478,91.89,99.97,нет,нет,нет,нет,да,C,2009-12-01,2011-10-01
90156,RESIN BRACELET W PASTEL BEADS,C,Z,CZ,Кандидат на вывод: редкий хаотичный спрос,да,19.8,117.57,0.0,4,3,2,3,1.871,4.95,3479,91.92,99.97,нет,нет,нет,да,нет,C,2010-01-01,2011-09-01
85024C,PINK SMALL JEWELLED PHOTOFRAME,C,Z,CZ,Оставить: сезонный спрос,нет,19.8,143.55,0.0,12,9,8,6,1.225,1.65,3480,91.94,99.97,нет,да,нет,нет,да,C,2009-12-01,2011-11-01
37487B,YELLOW/ORANGE FLOWER DESIGN PLATE,C,Z,CZ,Вывести: продаж нет 6+ месяцев,да,19.72,0.0,0.0,68,2,2,1,3.317,0.29,3481,91.97,99.97,нет,нет,да,да,нет,не продавался,2011-04-01,2011-04-01
90083,CRYSTAL CZECH CROSS PHONE CHARM,C,Z,CZ,Кандидат на вывод: редкий хаотичный спрос,да,19.56,24.61,3.91,12,7,1,3,2.273,1.63,3482,91.99,99.97,нет,нет,нет,да,нет,C,2009-12-01,2011-11-01
85028L,FRENCH CHATEAU LARGE FRUIT BOWL,C,Z,CZ,Вывести: продаж нет 6+ месяцев,да,19.5,571.81,0.0,10,4,4,2,2.289,1.95,3483,92.02,99.97,нет,нет,да,да,да,C,2009-12-01,2011-04-01
79062D,"RETRO TIN ASHTRAY,REVOLUTIONARY",C,Z,CZ,Кандидат на вывод: редкий хаотичный спрос,да,19.4,0.0,0.0,52,4,4,3,1.938,0.37,3484,92.05,99.97,нет,нет,нет,нет,нет,не продавался,2011-02-01,2011-08-01
85047,WHITE BEADED GARLAND STRING 20LIGHT,C,Z,CZ,Вывести: продаж нет 6+ месяцев,да,19.05,6575.43,0.0,3,2,2,1,3.317,6.35,3485,92.07,99.97,нет,нет,да,да,нет,A,2009-12-01,2011-01-01
21538,DAIRY MAID  PUDDING BOWL,C,Z,CZ,Вывести: продаж нет 6+ месяцев,да,18.75,1905.76,0.0,5,2,2,1,3.317,3.75,3486,92.1,99.97,нет,нет,да,да,нет,B,2009-12-01,2010-12-01
21416,CLAM SHELL LARGE,C,Z,CZ,Вывести: продаж нет 6+ месяцев,да,18.75,584.31,0.0,5,4,4,3,2.069,3.75,3487,92.13,99.97,нет,нет,да,нет,нет,C,2009-12-01,2011-03-01
90039C,FIRE POLISHED GLASS BRACELET BLACK,C,Z,CZ,Кандидат на вывод: редкий хаотичный спрос,да,18.75,64.17,3.73,5,5,1,4,1.536,3.75,3488,92.15,99.97,нет,нет,нет,нет,да,C,2009-12-01,2011-11-01
84856S,SMALL TAHITI BEACH BAG,C,Z,CZ,Вывести: продаж нет 6+ месяцев,да,18.6,1858.61,0.0,4,1,0,1,3.317,4.65,3489,92.18,99.97,нет,нет,да,нет,да,B,2009-12-01,2011-03-01
35607B,BLACK FEATHER CHRISTMAS DECORATION,C,Z,CZ,Кандидат на вывод: редкий хаотичный спрос,да,18.24,44.06,0.0,96,7,7,5,1.843,0.19,3490,92.21,99.97,нет,нет,нет,нет,да,C,2009-12-01,2011-09-01
72821,CUPID SCENTED CANDLE IN GLASS,C,Z,CZ,Вывести: продаж нет 6+ месяцев,да,18.15,82.5,0.0,11,4,4,2,2.726,1.65,3491,92.23,99.97,нет,нет,да,нет,нет,C,2010-01-01,2011-02-01
21661,VINTAGE GLASS TEA CADDY,C,Z,CZ,Вывести: продаж нет 6+ месяцев,да,17.85,1475.61,0.0,3,3,3,2,2.38,5.95,3492,92.26,99.97,нет,нет,да,нет,нет,B,2009-12-01,2011-02-01
90060D,FIRE POLISHED GLASS NECKL BRONZE,C,Z,CZ,Вывести: продаж нет 6+ месяцев,да,17.85,53.55,0.0,3,3,3,1,3.317,5.95,3493,92.29,99.97,нет,нет,да,нет,да,C,2009-12-01,2010-12-01
84856L,LARGE TAHITI BEACH BAG,C,Z,CZ,Вывести: продаж нет 6+ месяцев,да,17.82,1474.46,0.0,2,2,0,2,2.236,8.91,3494,92.31,99.97,нет,нет,да,нет,да,B,2009-12-01,2011-03-01
20935,ROUND CACTUS CANDLE,C,Z,CZ,Кандидат на вывод: редкий хаотичный спрос,да,17.7,556.78,0.0,6,4,4,2,2.769,2.95,3495,92.34,99.97,нет,нет,нет,нет,нет,C,2009-12-01,2011-11-01
90162A,ANT SILVER TURQUOISE BOUDICCA RING,C,Z,CZ,Кандидат на вывод: редкий хаотичный спрос,да,17.7,70.8,0.0,6,1,1,1,3.317,2.95,3496,92.36,99.97,нет,нет,нет,да,да,C,2010-01-01,2011-11-01
90027A,GLASS BEAD HOOP EARRINGS BLACK,C,Z,CZ,Кандидат на вывод: редкий хаотичный спрос,да,17.66,8.86,0.0,6,3,1,2,2.769,2.94,3497,92.39,99.97,нет,нет,нет,да,да,C,2010-03-01,2011-08-01
90054,CRACKED GLAZE EARRINGS RED,C,Z,CZ,Кандидат на вывод: редкий хаотичный спрос,да,17.62,20.44,4.96,7,7,1,5,1.301,2.52,3498,92.42,99.97,нет,нет,нет,нет,нет,C,2009-12-01,2011-11-01
90011A,MIDNIGHT BLUE CRYSTAL DROP EARRINGS,C,Z,CZ,Кандидат на вывод: редкий хаотичный спрос,да,17.51,26.77,0.0,6,6,1,4,1.528,2.92,3499,92.44,99.97,нет,нет,нет,нет,да,C,2009-12-01,2011-11-01
79331,PINK FLOCK GLASS CANDLEHOLDER,C,Z,CZ,Вывести: продаж нет 6+ месяцев,да,17.5,56.1,0.0,26,3,3,2,2.596,0.67,3500,92.47,99.97,нет,нет,да,да,нет,C,2010-02-01,2011-04-01
90130A,WHITE STONE/CRYSTAL EARRINGS,C,Z,CZ,Кандидат на вывод: редкий хаотичный спрос,да,17.5,65.01,0.0,6,6,1,3,2.236,2.92,3501,92.5,99.97,нет,нет,нет,нет,да,C,2009-12-01,2011-11-01
35597D,PINK/WHITE CHRISTMAS TREE 30CM,C,Z,CZ,Кандидат на вывод: редкий хаотичный спрос,да,17.48,7.8,0.0,46,2,2,2,2.239,0.38,3502,92.52,99.97,нет,нет,нет,да,да,C,2009-12-01,2011-09-01
23640,SET 10 CARDS SCOTTIE DOG 17211,C,Z,CZ,Наблюдать: новый товар,нет,17.43,0.0,4.98,7,6,0,2,2.47,2.49,3503,92.55,99.97,да,нет,нет,нет,нет,не продавался,2011-09-01,2011-10-01
23645,SET 10 CHRISTMAS CARDS HOHOHO 16956,C,Z,CZ,Наблюдать: новый товар,нет,17.43,0.0,4.98,7,3,0,2,2.839,2.49,3504,92.58,99.97,да,нет,нет,нет,нет,не продавался,2011-10-01,2011-11-01
23627,SET 10 CARDS XMAS GRAPHIC  17218,C,Z,CZ,Наблюдать: новый товар,нет,17.43,0.0,0.0,7,2,0,1,3.317,2.49,3505,92.6,99.97,да,нет,нет,нет,нет,не продавался,2011-11-01,2011-11-01
44092C,PURPLE/COPPER HANGING LAMPSHADE,C,Z,CZ,Кандидат на вывод: редкий хаотичный спрос,да,17.0,2.55,0.0,20,8,5,5,1.349,0.85,3506,92.63,99.98,нет,нет,нет,да,да,C,2009-12-01,2011-10-01
47574B,ENGLISH ROSE SCENTED HANGING HEART,C,Z,CZ,Вывести: продаж нет 6+ месяцев,да,17.0,191.25,0.0,4,2,2,1,3.317,4.25,3507,92.66,99.98,нет,нет,да,да,да,C,2010-01-01,2011-05-01
85084,HOLLY TOP CHRISTMAS STOCKING,C,Z,CZ,Вывести: продаж нет 6+ месяцев,да,17.0,664.4,0.0,20,7,6,1,3.317,0.85,3508,92.68,99.98,нет,нет,да,нет,нет,C,2009-12-01,2010-12-01
90026A,GLASS BEAD HOOP NECKLACE BLACK,C,Z,CZ,Кандидат на вывод: редкий хаотичный спрос,да,17.0,76.47,0.0,2,1,1,1,3.317,8.5,3509,92.71,99.98,нет,нет,нет,да,да,C,2010-03-01,2011-06-01
35645,VINTAGE BEAD PINK JEWEL BOX,C,Z,CZ,Кандидат на вывод: редкий хаотичный спрос,да,17.0,284.81,0.0,4,3,2,2,2.55,4.25,3510,92.73,99.98,нет,нет,нет,да,нет,C,2009-12-01,2011-10-01
21120,*Boombox Ipod Classic,C,Z,CZ,Вывести: продаж нет 6+ месяцев,да,16.98,0.0,0.0,1,1,0,1,3.317,16.98,3511,92.76,99.98,нет,нет,да,нет,нет,не продавался,2010-12-01,2010-12-01
20954,*USB Office Mirror Ball,C,Z,CZ,Вывести: продаж нет 6+ месяцев,да,16.94,8.65,0.0,2,2,0,1,3.317,8.47,3512,92.79,99.98,нет,нет,да,нет,нет,C,2009-12-01,2010-12-01
21595,Dad's Cab Electronic Meter,C,Z,CZ,Вывести: продаж нет 6+ месяцев,да,16.94,60.01,0.0,2,2,0,1,3.317,8.47,3513,92.81,99.98,нет,нет,да,нет,нет,C,2009-12-01,2010-12-01
90024D,NEW BAROQUE B'FLY NECKLACE PINK,C,Z,CZ,Кандидат на вывод: редкий хаотичный спрос,да,16.82,110.68,0.0,2,2,1,2,2.236,8.41,3514,92.84,99.98,нет,нет,нет,да,да,C,2009-12-01,2011-09-01
90024E,NEW BAROQUE B'FLY NECKLACE MONTANA,C,Z,CZ,Вывести: продаж нет 6+ месяцев,да,16.81,119.17,0.0,2,2,0,2,2.236,8.41,3515,92.87,99.98,нет,нет,да,нет,да,C,2009-12-01,2011-03-01
21144,PINK POODLE HANGING DECORATION,C,Z,CZ,Вывести: продаж нет 6+ месяцев,да,16.8,266.11,0.0,5,2,0,1,3.317,3.36,3516,92.89,99.98,нет,нет,да,нет,нет,C,2009-12-01,2010-12-01
37489B,BLUE/YELLOW FLOWER DESIGN BIG MUG,C,Z,CZ,Оставить,нет,16.77,13.65,0.0,31,12,12,8,1.134,0.54,3517,92.92,99.98,нет,нет,нет,нет,да,C,2010-02-01,2011-11-01
90016C,SILVER/BLACK PENDANT ORBIT NECKLACE,C,Z,CZ,Кандидат на вывод: редкий хаотичный спрос,да,16.64,119.11,8.32,2,2,0,2,2.236,8.32,3518,92.95,99.98,нет,нет,нет,нет,да,C,2010-01-01,2011-06-01
37489D,PINK/GREEN FLOWER DESIGN BIG MUG,C,Z,CZ,Оставить,нет,16.38,11.7,0.78,38,15,15,9,1.054,0.43,3519,92.97,99.98,нет,нет,нет,нет,да,C,2010-01-01,2011-11-01
90137,PINK COMBO MINI CRYSTALS NECKLACE,C,Z,CZ,Кандидат на вывод: редкий хаотичный спрос,да,16.31,116.21,0.0,3,3,0,3,1.732,5.44,3520,93.0,99.98,нет,нет,нет,нет,нет,C,2009-12-01,2011-07-01
35647,VINTAGE BEAD PINK SHADE,C,Z,CZ,Вывести: продаж нет 6+ месяцев,да,16.25,731.99,0.0,13,2,2,2,3.049,1.25,3521,93.03,99.98,нет,нет,да,да,нет,B,2009-12-01,2011-03-01
16248B,BLUE HOLE PUNCH,C,Z,CZ,Кандидат на вывод: редкий хаотичный спрос,да,16.25,85.0,0.0,13,7,7,5,1.786,1.25,3522,93.05,99.98,нет,нет,нет,нет,нет,C,2010-09-01,2011-10-01
72815,3 WICK CHRISTMAS BRIAR CANDLE,C,Z,CZ,Вывести: продаж нет 6+ месяцев,да,15.97,1052.39,0.0,3,2,1,2,2.38,5.32,3523,93.08,99.98,нет,нет,да,нет,нет,B,2009-12-01,2011-01-01
84795C,OCEAN STRIPE HAMMOCK,C,Z,CZ,Вывести: продаж нет 6+ месяцев,да,15.9,2736.69,0.0,2,1,1,1,3.317,7.95,3524,93.1,99.98,нет,нет,да,да,да,A,2009-12-01,2011-01-01
85136B,BLUE SHARK HELICOPTER,C,Z,CZ,Вывести: продаж нет 6+ месяцев,да,15.9,457.87,0.0,2,2,2,1,3.317,7.95,3525,93.13,99.98,нет,нет,да,да,да,C,2009-12-01,2010-12-01
78034B,BLUE NETTING STORAGE HANGER,C,Z,CZ,Кандидат на вывод: редкий хаотичный спрос,да,15.6,13.65,0.0,8,6,6,5,1.414,1.95,3526,93.16,99.98,нет,нет,нет,нет,нет,C,2010-06-01,2011-10-01
20816,GOLD FLOWER CUSHION COVER,C,Z,CZ,Вывести: продаж нет 6+ месяцев,да,15.6,108.0,0.0,8,2,1,1,3.317,1.95,3527,93.18,99.98,нет,нет,да,да,нет,C,2010-02-01,2011-04-01
90132,LIGHT TOPAZ TEAL/AQUA COL NECKLACE,C,Z,CZ,Кандидат на вывод: редкий хаотичный спрос,да,15.16,20.47,0.0,3,3,0,3,1.732,5.05,3528,93.21,99.98,нет,нет,нет,нет,нет,C,2009-12-01,2011-08-01
90188,DROP EARRINGS W FLOWER & LEAF,C,Z,CZ,Кандидат на вывод: редкий хаотичный спрос,да,15.14,35.92,7.44,6,5,2,5,1.291,2.52,3529,93.24,99.98,нет,нет,нет,нет,нет,C,2009-12-01,2011-11-01
72024U,LILAC VOTIVE CANDLE,C,Z,CZ,Кандидат на вывод: редкий хаотичный спрос,да,15.12,31.08,0.0,72,3,3,2,2.38,0.21,3530,93.26,99.98,нет,нет,нет,нет,нет,C,2009-12-01,2011-06-01
90140,PINK SWEETIE NECKLACE,C,Z,CZ,Кандидат на вывод: редкий хаотичный спрос,да,15.12,52.78,0.0,2,2,0,2,2.236,7.56,3531,93.29,99.98,нет,нет,нет,нет,нет,C,2009-12-01,2011-08-01
35610A,PINK CHRISTMAS FLOCK DROPLET,C,Z,CZ,Вывести: продаж нет 6+ месяцев,да,15.02,90.41,0.0,10,3,1,1,3.317,1.5,3532,93.32,99.98,нет,нет,да,да,да,C,2009-12-01,2010-12-01
84462,3 PINK HEN+CHICKS IN BASKET,C,Z,CZ,Вывести: продаж нет 6+ месяцев,да,15.0,99.86,0.0,12,6,6,4,1.633,1.25,3533,93.34,99.98,нет,нет,да,нет,нет,C,2010-02-01,2011-04-01
90078,PINK/WHITE GLASS DEMI CHOKER,C,Z,CZ,Вывести: продаж нет 6+ месяцев,да,15.0,52.64,0.0,2,1,1,1,3.317,7.5,3534,93.37,99.98,нет,нет,да,да,нет,C,2010-02-01,2010-12-01
84415A,PINK FLOCK SUEDE CUSHION COVER,C,Z,CZ,Кандидат на вывод: редкий хаотичный спрос,да,15.0,56.25,0.0,12,2,2,1,3.317,1.25,3535,93.39,99.98,нет,нет,нет,да,да,C,2009-12-01,2011-06-01
23449,SET OF 6 EASTER RAINBOW CHICKS,C,Z,CZ,Наблюдать: новый товар,нет,15.0,0.0,0.0,12,1,1,1,3.317,1.25,3536,93.42,99.98,да,нет,нет,да,нет,не продавался,2011-11-01,2011-11-01
84705C,PINK FLOCK PHOTO FRAME,C,Z,CZ,Вывести: продаж нет 6+ месяцев,да,15.0,212.33,0.0,12,1,1,1,3.317,1.25,3537,93.45,99.98,нет,нет,да,да,нет,C,2009-12-01,2011-05-01
90189A,SILVER 2 STRAND NECKLACE-LEAF CHARM,C,Z,CZ,Кандидат на вывод: редкий хаотичный спрос,да,15.0,67.64,0.0,2,2,2,2,2.236,7.5,3538,93.47,99.98,нет,нет,нет,да,нет,C,2010-01-01,2011-11-01
90069,RUBY GLASS CLUSTER NECKLACE,C,Z,CZ,Кандидат на вывод: редкий хаотичный спрос,да,15.0,67.5,0.0,2,1,1,1,3.317,7.5,3539,93.5,99.98,нет,нет,нет,да,нет,C,2009-12-01,2011-11-01
90059B,DIAMANTE HAIR GRIP PACK/2 BLACK DIA,C,Z,CZ,Кандидат на вывод: редкий хаотичный спрос,да,14.97,18.35,1.65,9,8,2,4,1.644,1.66,3540,93.53,99.98,нет,нет,нет,нет,да,C,2010-01-01,2011-11-01
90025F,BAROQUE BUTTERFLY EARRINGS CRYSTAL,C,Z,CZ,Кандидат на вывод: редкий хаотичный спрос,да,14.96,15.27,0.0,4,4,1,3,1.871,3.74,3541,93.55,99.98,нет,нет,нет,нет,да,C,2010-01-01,2011-10-01
90046,WHITE WITH METAL BAG CHARM,C,Z,CZ,Кандидат на вывод: редкий хаотичный спрос,да,14.85,39.6,0.0,3,1,1,1,3.317,4.95,3542,93.58,99.98,нет,нет,нет,да,нет,C,2010-03-01,2011-07-01
85031C,CURIOUS IMAGES SCRAP BOOK SET,C,Z,CZ,Вывести: продаж нет 6+ месяцев,да,14.85,1002.63,0.0,3,1,1,1,3.317,4.95,3543,93.61,99.98,нет,нет,да,да,да,B,2009-12-01,2010-12-01
90048,GREEN WITH METAL BAG CHARM,C,Z,CZ,Кандидат на вывод: редкий хаотичный спрос,да,14.85,94.54,0.0,3,1,1,1,3.317,4.95,3544,93.63,99.98,нет,нет,нет,да,нет,C,2009-12-01,2011-07-01
84593,CROCHET ROSE DES CLOTHES HANGER,C,Z,CZ,Вывести: продаж нет 6+ месяцев,да,14.75,59.0,0.0,5,1,1,1,3.317,2.95,3545,93.66,99.98,нет,нет,да,да,нет,C,2009-12-01,2011-03-01
90182C,BLACK 3 BEAD DROP EARRINGS,C,Z,CZ,Кандидат на вывод: редкий хаотичный спрос,да,14.56,14.78,8.7,5,5,0,5,1.183,2.91,3546,93.69,99.98,нет,нет,нет,нет,да,C,2009-12-01,2011-10-01
90041,PEARL AND CHERRY QUARTZ BRACLET,C,Z,CZ,Кандидат на вывод: редкий хаотичный спрос,да,14.54,7.4,3.73,4,3,1,3,1.871,3.64,3547,93.71,99.98,нет,нет,нет,нет,нет,C,2009-12-01,2011-09-01
90027C,GLASS BEAD HOOP EARRINGS GREEN,C,Z,CZ,Кандидат на вывод: редкий хаотичный спрос,да,14.5,26.67,0.0,5,5,0,4,1.536,2.9,3548,93.74,99.98,нет,нет,нет,нет,да,C,2009-12-01,2011-11-01
16202B,PASTEL BLUE PHOTO ALBUM,C,Z,CZ,Вывести: продаж нет 6+ месяцев,да,14.5,369.58,0.0,29,2,2,1,3.317,0.5,3549,93.76,99.98,нет,нет,да,да,да,C,2009-12-01,2011-04-01
37489A,YELLOW/PINK FLOWER DESIGN BIG MUG,C,Y,CY,Оставить,нет,14.43,32.13,0.0,33,14,14,9,0.964,0.44,3550,93.79,99.98,нет,нет,нет,нет,да,C,2009-12-01,2011-11-01
47593A,CAROUSEL DESIGN BABY BIB,C,Z,CZ,Вывести: продаж нет 6+ месяцев,да,14.37,294.81,0.0,33,12,10,4,2.782,0.44,3551,93.82,99.98,нет,нет,да,нет,да,C,2009-12-01,2011-03-01
90052,CRACKED GLAZE NECKLACE BROWN,C,Z,CZ,Кандидат на вывод: редкий хаотичный спрос,да,14.14,35.44,0.0,2,2,0,2,2.236,7.07,3552,93.84,99.98,нет,нет,нет,нет,нет,C,2009-12-01,2011-11-01
62043B,BLUE CHECK BAG W HANDLE 34X20CM,C,Z,CZ,Вывести: продаж нет 6+ месяцев,да,14.11,61.05,0.0,17,5,5,2,2.741,0.83,3553,93.87,99.98,нет,нет,да,нет,нет,C,2010-04-01,2011-05-01
79336,LIGHT PINK FLOCK GLASS CANDLEHOLDER,C,Z,CZ,Кандидат на вывод: редкий хаотичный спрос,да,13.68,356.1,0.0,36,3,2,3,2.236,0.38,3554,93.9,99.98,нет,нет,нет,да,нет,C,2009-12-01,2011-09-01
37489C,GREEN/BLUE FLOWER DESIGN BIG MUG,C,Z,CZ,Кандидат на вывод: редкий хаотичный спрос,да,13.65,12.41,0.0,23,8,8,6,1.355,0.59,3555,93.92,99.98,нет,нет,нет,нет,да,C,2009-12-01,2011-09-01
85017A,ENVELOPE 50 ROMANTIC IMAGES,C,Z,CZ,Вывести: продаж нет 6+ месяцев,да,13.58,778.57,0.0,16,8,2,3,1.992,0.85,3556,93.95,99.98,нет,нет,да,нет,да,B,2009-12-01,2011-04-01
90065B,BLACK VINT ART DEC CRYSTAL BRACELET,C,Z,CZ,Кандидат на вывод: редкий хаотичный спрос,да,13.5,141.37,0.0,2,2,1,2,2.236,6.75,3557,93.98,99.98,нет,нет,нет,да,да,C,2009-12-01,2011-11-01
84745B,BLUE HANGING GINGHAM EASTER HEN,C,Z,CZ,Вывести: продаж нет 6+ месяцев,да,13.44,21.42,0.0,32,5,5,3,1.896,0.42,3558,94.0,99.98,нет,нет,да,нет,да,C,2009-12-01,2011-04-01
84745A,PINK HANGING GINGHAM EASTER HEN,C,Z,CZ,Вывести: продаж нет 6+ месяцев,да,13.44,16.8,0.0,32,5,5,3,1.896,0.42,3559,94.03,99.98,нет,нет,да,нет,да,C,2009-12-01,2011-04-01
23644,SET 10 CARDS CHRISTMAS TREE 16955,C,Z,CZ,Наблюдать: новый товар,нет,13.32,0.0,3.33,4,4,0,3,1.871,3.33,3560,94.06,99.98,да,нет,нет,нет,нет,не продавался,2011-09-01,2011-11-01
23639,SET 10 CARDS MAGICAL TREE 17086,C,Z,CZ,Наблюдать: новый товар,нет,13.32,0.0,0.0,4,4,0,3,1.871,3.33,3561,94.08,99.98,да,нет,нет,нет,нет,не продавался,2011-09-01,2011-11-01
23607,SET 10 CARDS HATS & STOCKINGS 17081,C,Z,CZ,Наблюдать: новый товар,нет,13.28,0.0,0.0,8,7,0,3,1.969,1.66,3562,94.11,99.98,да,нет,нет,нет,нет,не продавался,2011-09-01,2011-11-01
90059C,DIAMANTE HAIR GRIP PACK/2 MONTANA,C,Z,CZ,Кандидат на вывод: редкий хаотичный спрос,да,13.24,43.39,1.65,8,8,2,5,1.658,1.65,3563,94.13,99.98,нет,нет,нет,нет,да,C,2009-12-01,2011-11-01
37491C,GREEN/BLUE CERAMIC CANDLE HOLDER,C,Z,CZ,Кандидат на вывод: редкий хаотичный спрос,да,13.2,154.32,0.0,8,1,1,1,3.317,1.65,3564,94.16,99.98,нет,нет,нет,да,да,C,2009-12-01,2011-07-01
84388,WISE MAN STAR SHAPE EGG PAN,C,Z,CZ,Вывести: продаж нет 6+ месяцев,да,13.14,75.9,0.0,24,6,6,3,2.88,0.55,3565,94.19,99.98,нет,нет,да,нет,нет,C,2009-12-01,2011-04-01
16162L,THE KING GIFT BAG,C,Z,CZ,Оставить: сезонный спрос,нет,13.0,370.23,0.0,20,8,5,5,1.755,0.65,3566,94.21,99.98,нет,да,нет,нет,да,C,2009-12-01,2011-09-01
90214P,"LETTER ""P"" BLING KEY RING",C,Y,CY,Оставить,нет,12.98,46.36,7.25,14,13,1,9,0.979,0.93,3567,94.24,99.98,нет,нет,нет,нет,да,C,2009-12-01,2011-10-01
18097A,PINK TALL PORCELAIN T-LIGHT HOLDER,C,Z,CZ,Кандидат на вывод: редкий хаотичный спрос,да,12.75,30.6,0.0,5,4,4,3,1.822,2.55,3568,94.27,99.98,нет,нет,нет,нет,да,C,2010-03-01,2011-06-01
21895,POTTING SHED SOW 'N' GROW SET,C,Z,CZ,Вывести: продаж нет 6+ месяцев,да,12.72,1688.91,0.0,2,2,1,1,3.317,6.36,3569,94.29,99.99,нет,нет,да,нет,нет,B,2009-12-01,2010-12-01
90042C,FRESHWATER PEARL BRACELET IVORY,C,Z,CZ,Вывести: продаж нет 6+ месяцев,да,12.7,137.51,0.0,5,5,0,2,2.289,2.54,3570,94.32,99.99,нет,нет,да,нет,да,C,2010-06-01,2011-01-01
90214V,"LETTER ""V"" BLING KEY RING",C,Y,CY,Оставить,нет,12.5,13.0,3.48,14,13,1,9,0.685,0.89,3571,94.35,99.99,нет,нет,нет,нет,да,C,2010-02-01,2011-11-01
20671,BLUE TEATIME PRINT BOWL,C,Z,CZ,Вывести: продаж нет 6+ месяцев,да,12.5,1026.22,0.0,10,2,2,1,3.317,1.25,3572,94.37,99.99,нет,нет,да,да,нет,B,2009-12-01,2010-12-01
90020,FILIGREE DIAMANTE CHAIN,C,Z,CZ,Кандидат на вывод: редкий хаотичный спрос,да,12.48,63.75,0.0,1,1,0,1,3.317,12.48,3573,94.4,99.99,нет,нет,нет,нет,нет,C,2009-12-01,2011-08-01
23616,SET 10 CARDS JINGLE BELLS 17217,C,Z,CZ,Наблюдать: новый товар,нет,12.45,0.0,7.47,5,4,0,1,3.317,2.49,3574,94.43,99.99,да,нет,нет,нет,нет,не продавался,2011-11-01,2011-11-01
37462E,"PET MUG, GOLDFISH",C,Z,CZ,Кандидат на вывод: редкий хаотичный спрос,да,12.27,34.02,0.83,35,11,4,8,1.517,0.35,3575,94.45,99.99,нет,нет,нет,нет,нет,C,2010-01-01,2011-11-01
79329,PINK FLOCK GLASS CANDLEHOLDER,C,Z,CZ,Вывести: продаж нет 6+ месяцев,да,12.18,53.76,0.0,12,2,2,2,2.236,1.01,3576,94.48,99.99,нет,нет,да,да,нет,C,2009-12-01,2011-04-01
84016,FLAG OF ST GEORGE CAR FLAG,C,Z,CZ,Кандидат на вывод: редкий хаотичный спрос,да,12.16,3759.35,0.0,27,2,1,2,3.058,0.45,3577,94.5,99.99,нет,нет,нет,да,нет,A,2009-12-01,2011-09-01
90021,LASER CUT MULTI STRAND NECKLACE,C,Z,CZ,Вывести: продаж нет 6+ месяцев,да,11.95,47.8,0.0,1,1,1,1,3.317,11.95,3578,94.53,99.99,нет,нет,да,да,нет,C,2010-08-01,2011-04-01
90178B,PURPLE CHUNKY GLASS+BEAD NECKLACE,C,Z,CZ,Вывести: продаж нет 6+ месяцев,да,11.95,179.46,0.0,1,1,1,1,3.317,11.95,3579,94.56,99.99,нет,нет,да,да,да,C,2009-12-01,2010-12-01
84614A,PINK BAROQUE FLOCK CANDLE HOLDER,C,Z,CZ,Вывести: продаж нет 6+ месяцев,да,11.9,101.03,0.0,2,1,1,1,3.317,5.95,3580,94.58,99.99,нет,нет,да,да,нет,C,2010-02-01,2010-12-01
84620,BLUE GINGHAM ROSE CUSHION COVER,C,Z,CZ,Вывести: продаж нет 6+ месяцев,да,11.9,734.71,0.0,2,1,1,1,3.317,5.95,3581,94.61,99.99,нет,нет,да,да,нет,B,2009-12-01,2010-12-01
44092B,BLUE WHITE PLASTIC RINGS LAMPSHADE,C,Z,CZ,Кандидат на вывод: редкий хаотичный спрос,да,11.9,0.85,0.0,14,5,4,5,1.558,0.85,3582,94.64,99.99,нет,нет,нет,да,да,C,2010-07-01,2011-09-01
37444B,BLUE BREAKFAST CUP AND SAUCER,C,Z,CZ,Вывести: продаж нет 6+ месяцев,да,11.8,269.88,0.0,4,3,2,3,1.871,2.95,3583,94.66,99.99,нет,нет,да,да,да,C,2009-12-01,2011-03-01
35818B,"ACRYLIC JEWEL ICICLE, BLUE",C,Z,CZ,Кандидат на вывод: редкий хаотичный спрос,да,11.78,168.27,0.0,31,3,3,3,2.58,0.38,3584,94.69,99.99,нет,нет,нет,да,да,C,2010-04-01,2011-11-01
16162M,THE KING GIFT BAG 25x24x12cm,C,Z,CZ,Кандидат на вывод: редкий хаотичный спрос,да,11.76,25.2,0.0,28,8,6,3,1.943,0.42,3585,94.72,99.99,нет,нет,нет,нет,да,C,2010-06-01,2011-11-01
16043,POP ART PUSH DOWN RUBBER,C,Z,CZ,Кандидат на вывод: редкий хаотичный спрос,да,11.76,100.86,0.0,98,2,2,1,3.317,0.12,3586,94.74,99.99,нет,нет,нет,да,нет,C,2009-12-01,2011-06-01
90214F,"LETTER ""F"" BLING KEY RING",C,Y,CY,Оставить,нет,11.66,20.85,3.77,14,13,0,9,0.769,0.83,3587,94.77,99.99,нет,нет,нет,нет,да,C,2009-12-01,2011-10-01
23605,SET 10 CARDS 12 DAYS OF XMAS 17059,C,Z,CZ,Наблюдать: новый товар,нет,11.64,0.0,0.0,4,1,0,1,3.317,2.91,3588,94.8,99.99,да,нет,нет,нет,нет,не продавался,2011-10-01,2011-10-01
23634,SET 10 CARDS XMAS CHOIR 17068,C,Z,CZ,Наблюдать: новый товар,нет,11.64,0.0,2.91,4,4,0,3,1.871,2.91,3589,94.82,99.99,да,нет,нет,нет,нет,не продавался,2011-09-01,2011-11-01
90182B,AMETHYST 3 BEAD DROP EARRINGS,C,Z,CZ,Кандидат на вывод: редкий хаотичный спрос,да,11.6,3.03,2.9,4,4,0,2,2.55,2.9,3590,94.85,99.99,нет,нет,нет,нет,да,C,2009-12-01,2011-11-01
72798C,SET/4 GARDEN ROSE DINNER CANDLE,C,Z,CZ,Вывести: продаж нет 6+ месяцев,да,11.55,41.56,0.0,7,3,3,3,2.035,1.65,3591,94.87,99.99,нет,нет,да,да,нет,C,2009-12-01,2011-02-01
47013C,WINE BOTTLE DRESSING DARK BLUE,C,Z,CZ,Ручная проверка: покупают вместе с A-товаром,нет,11.53,27.55,0.0,40,11,6,4,1.903,0.29,3592,94.9,99.99,нет,нет,нет,нет,да,C,2009-12-01,2011-06-01
90089,PINK CRYSTAL SKULL PHONE CHARM,C,Z,CZ,Кандидат на вывод: редкий хаотичный спрос,да,11.47,77.96,2.47,7,7,0,5,1.301,1.64,3593,94.93,99.99,нет,нет,нет,нет,нет,C,2009-12-01,2011-11-01
90152B,BLUE/GREEN SHELL NECKLACE W PENDANT,C,Z,CZ,Вывести: продаж нет 6+ месяцев,да,11.46,23.8,0.0,2,2,1,1,3.317,5.73,3594,94.95,99.99,нет,нет,да,да,да,C,2009-12-01,2010-12-01
17164B,ASS COL SMALL SAND GECKO P'WEIGHT,C,Z,CZ,Вывести: продаж нет 6+ месяцев,да,11.34,634.38,0.0,27,9,9,2,2.324,0.42,3595,94.98,99.99,нет,нет,да,нет,нет,C,2009-12-01,2011-01-01
90025D,BAROQUE BUTTERFLY EARRINGS PINK,C,Z,CZ,Кандидат на вывод: редкий хаотичный спрос,да,11.19,7.5,0.0,3,3,0,3,1.732,3.73,3596,95.01,99.99,нет,нет,нет,нет,да,C,2010-02-01,2011-09-01
37488A,YELLOW PINK FLOWER DESIGN BIG BOWL,C,Z,CZ,Вывести: продаж нет 6+ месяцев,да,10.92,8.85,0.0,28,3,3,2,3.067,0.39,3597,95.03,99.99,нет,нет,да,да,нет,C,2010-02-01,2011-04-01
79026B,"S/4 ICON COASTER,ELVIS LIVES",C,Z,CZ,Вывести: продаж нет 6+ месяцев,да,10.61,78.64,0.0,25,9,7,3,2.435,0.42,3598,95.06,99.99,нет,нет,да,нет,нет,C,2009-12-01,2011-05-01
16161M,WRAP  PINK FLOCK,C,Z,CZ,Вывести: продаж нет 6+ месяцев,да,10.5,418.0,0.0,25,1,1,1,3.317,0.42,3599,95.09,99.99,нет,нет,да,да,да,C,2009-12-01,2010-12-01
16169N,WRAP BLUE RUSSIAN FOLKART,C,Z,CZ,Вывести: продаж нет 6+ месяцев,да,10.5,615.75,0.0,25,1,1,1,3.317,0.42,3600,95.11,99.99,нет,нет,да,да,да,C,2009-12-01,2010-12-01
16169P,WRAP GREEN RUSSIAN FOLKART,C,Z,CZ,Вывести: продаж нет 6+ месяцев,да,10.5,512.75,0.0,25,1,1,1,3.317,0.42,3601,95.14,99.99,нет,нет,да,да,да,C,2009-12-01,2010-12-01
35966,FOLKART CHRISTMAS TREE T-LIGHT HOLD,C,Z,CZ,Кандидат на вывод: редкий хаотичный спрос,да,10.26,101.08,0.0,27,2,2,2,2.253,0.38,3602,95.17,99.99,нет,нет,нет,да,нет,C,2009-12-01,2011-08-01
40005B,BLUE ORGANDY ROUND LAMPSHADE W BEA,C,Z,CZ,Кандидат на вывод: редкий хаотичный спрос,да,10.2,17.85,0.0,12,4,4,3,2.483,0.85,3603,95.19,99.99,нет,нет,нет,нет,нет,C,2010-03-01,2011-11-01
35958,FOLKART ZINC STAR CHRISTMAS DEC,C,Z,CZ,Вывести: продаж нет 6+ месяцев,да,10.2,974.43,0.0,12,3,3,1,3.317,0.85,3604,95.22,99.99,нет,нет,да,да,нет,B,2009-12-01,2010-12-01
85109,PINK BOUDOIR T-LIGHT HOLDER,C,Z,CZ,Вывести: продаж нет 6+ месяцев,да,10.2,334.19,0.0,12,1,1,1,3.317,0.85,3605,95.24,99.99,нет,нет,да,да,нет,C,2009-12-01,2010-12-01
44089C,LILAC GAUZE BUTTERFLY LAMPSHADE,C,Z,CZ,Кандидат на вывод: редкий хаотичный спрос,да,10.08,18.48,0.0,24,6,6,4,1.791,0.42,3606,95.27,99.99,нет,нет,нет,нет,да,C,2010-02-01,2011-09-01
90055,CRACKED GLAZE EARRINGS BROWN,C,Z,CZ,Кандидат на вывод: редкий хаотичный спрос,да,10.05,12.75,2.48,4,4,1,3,1.871,2.51,3607,95.3,99.99,нет,нет,нет,нет,нет,C,2010-01-01,2011-11-01
90037C,TINY CRYSTAL BRACELET BLUE,C,Z,CZ,Кандидат на вывод: редкий хаотичный спрос,да,10.04,53.56,2.48,4,4,0,3,1.871,2.51,3608,95.32,99.99,нет,нет,нет,нет,да,C,2009-12-01,2011-07-01
90053,CRACKED GLAZE EARRINGS IVORY,C,Z,CZ,Кандидат на вывод: редкий хаотичный спрос,да,9.99,15.24,0.0,4,4,0,4,1.414,2.5,3609,95.35,99.99,нет,нет,нет,нет,нет,C,2010-01-01,2011-10-01
90214T,"LETTER ""T"" BLING KEY RING",C,Y,CY,Оставить,нет,9.98,42.11,3.48,12,10,0,8,0.816,0.83,3610,95.38,99.99,нет,нет,нет,нет,да,C,2009-12-01,2011-09-01
23624,SET 10 CARD PERFECT NATIVITY 17089,C,Z,CZ,Наблюдать: новый товар,нет,9.96,0.0,0.0,4,4,0,3,1.871,2.49,3611,95.4,99.99,да,нет,нет,нет,нет,не продавался,2011-09-01,2011-11-01
23619,SET 10 CARDS POINSETTIA 17093,C,Z,CZ,Наблюдать: новый товар,нет,9.96,0.0,0.0,4,2,0,2,2.55,2.49,3612,95.43,99.99,да,нет,нет,нет,нет,не продавался,2011-10-01,2011-11-01
37474,SET/4 2 TONE EGG SHAPE MIXING BOWLS,C,Z,CZ,Вывести: продаж нет 6+ месяцев,да,9.95,641.1,0.0,1,1,0,1,3.317,9.95,3613,95.46,99.99,нет,нет,да,нет,нет,C,2009-12-01,2010-12-01
84689,S/2 BEACH HUT TREASURE CHESTS,C,Z,CZ,Вывести: продаж нет 6+ месяцев,да,9.95,701.25,0.0,3,2,2,2,2.38,3.32,3614,95.48,99.99,нет,нет,да,да,нет,B,2009-12-01,2011-05-01
37491D,PURPLE/BLUE CERAMIC CANDLE HOLDER,C,Z,CZ,Кандидат на вывод: редкий хаотичный спрос,да,9.88,53.4,0.0,4,2,1,2,2.236,2.47,3615,95.51,99.99,нет,нет,нет,нет,да,C,2010-01-01,2011-07-01
44242A,LILAC FEATHERS CURTAIN,C,Z,CZ,Кандидат на вывод: редкий хаотичный спрос,да,9.48,2.5,0.0,12,1,1,1,3.317,0.79,3616,95.54,99.99,нет,нет,нет,да,да,C,2010-03-01,2011-07-01
71050,SMALL SINGLE FLAME CANDLE HOLDER,C,Z,CZ,Кандидат на вывод: редкий хаотичный спрос,да,9.45,6.3,2.1,27,5,4,3,2.253,0.35,3617,95.56,99.99,нет,нет,нет,нет,нет,C,2010-06-01,2011-11-01
35809B,ENAMEL BLUE RIM TEA CONTAINER,C,Z,CZ,Вывести: продаж нет 6+ месяцев,да,9.18,218.36,0.0,8,3,3,1,3.317,1.15,3618,95.59,99.99,нет,нет,да,да,да,C,2009-12-01,2011-04-01
90181C,BLACK GLASS/SHELL/PEARL NECKLACE,C,Z,CZ,Вывести: продаж нет 6+ месяцев,да,9.15,37.78,0.0,1,1,0,1,3.317,9.15,3619,95.61,99.99,нет,нет,да,нет,да,C,2009-12-01,2011-04-01
37351,ORANGE FLOWER MUG,C,Z,CZ,Вывести: продаж нет 6+ месяцев,да,9.06,603.45,0.0,10,2,1,2,2.289,0.91,3620,95.64,99.99,нет,нет,да,нет,нет,C,2009-12-01,2011-03-01
20906,VINTAGE NOTEBOOK BEAUTY GIRL,C,Z,CZ,Вывести: продаж нет 6+ месяцев,да,8.85,359.39,0.0,3,2,2,2,2.38,2.95,3621,95.67,99.99,нет,нет,да,да,нет,C,2009-12-01,2011-04-01
84773,RED ROSE AND LACE C/COVER,C,Z,CZ,Вывести: продаж нет 6+ месяцев,да,8.85,551.65,0.0,3,1,1,1,3.317,2.95,3622,95.69,99.99,нет,нет,да,да,нет,C,2009-12-01,2010-12-01
45013,FOLDING SHOE TIDY,C,Z,CZ,Кандидат на вывод: редкий хаотичный спрос,да,8.85,123.15,0.0,3,2,2,2,2.38,2.95,3623,95.72,99.99,нет,нет,нет,да,нет,C,2010-05-01,2011-10-01
90077,BLACK DIAMOND CLUSTER EARRINGS,C,Z,CZ,Кандидат на вывод: редкий хаотичный спрос,да,8.82,5.58,0.0,3,3,0,2,2.38,2.94,3624,95.75,99.99,нет,нет,нет,нет,нет,C,2009-12-01,2011-09-01
90011D,PURPLE CRYSTAL DROP EARRINGS,C,Z,CZ,Кандидат на вывод: редкий хаотичный спрос,да,8.76,5.99,0.0,3,3,0,3,1.732,2.92,3625,95.77,99.99,нет,нет,нет,нет,да,C,2009-12-01,2011-11-01
90027B,GLASS BEAD HOOP EARRINGS MONTANA,C,Z,CZ,Кандидат на вывод: редкий хаотичный спрос,да,8.76,29.52,0.0,3,3,0,3,1.732,2.92,3626,95.8,99.99,нет,нет,нет,нет,да,C,2009-12-01,2011-11-01
90011E,AMBER CRYSTAL DROP EARRINGS,C,Z,CZ,Кандидат на вывод: редкий хаотичный спрос,да,8.76,14.85,0.0,3,3,0,3,1.732,2.92,3627,95.83,99.99,нет,нет,нет,нет,да,C,2009-12-01,2011-09-01
16206B,RED PURSE WITH PINK HEART,C,Z,CZ,Вывести: продаж нет 6+ месяцев,да,8.75,107.65,0.0,7,2,2,2,2.47,1.25,3628,95.85,99.99,нет,нет,да,да,нет,C,2010-01-01,2011-01-01
23636,SET 10 CARDS WISHING TREE 17116,C,Z,CZ,Наблюдать: новый товар,нет,8.73,0.0,17.46,3,3,0,2,2.38,2.91,3629,95.88,99.99,да,нет,нет,нет,нет,не продавался,2011-10-01,2011-11-01
23608,SET 10 CARDS RUDOLPHS NOSE 17097,C,Z,CZ,Наблюдать: новый товар,нет,8.73,0.0,2.91,3,2,0,1,3.317,2.91,3630,95.9,99.99,да,нет,нет,нет,нет,не продавался,2011-11-01,2011-11-01
90130D,RED STONE/CRYSTAL EARRINGS,C,Z,CZ,Кандидат на вывод: редкий хаотичный спрос,да,8.7,29.61,0.0,3,3,0,2,2.38,2.9,3631,95.93,99.99,нет,нет,нет,нет,да,C,2010-01-01,2011-11-01
81950V,FLOWER PURPLE CLOCK W/SUCKER,C,Z,CZ,Кандидат на вывод: редкий хаотичный спрос,да,8.6,10.2,0.0,20,6,6,4,2.466,0.43,3632,95.96,99.99,нет,нет,нет,нет,да,C,2009-12-01,2011-07-01
84732B,CUTE BIRD CEATURE SCREEN,C,Z,CZ,Кандидат на вывод: редкий хаотичный спрос,да,8.58,9.9,0.0,22,2,2,2,3.003,0.39,3633,95.98,99.99,нет,нет,нет,да,да,C,2009-12-01,2011-08-01
90167,BEADED LOVE HEART JEWELLERY SET,C,Z,CZ,Вывести: продаж нет 6+ месяцев,да,8.5,1575.11,0.0,10,1,1,1,3.317,0.85,3634,96.01,99.99,нет,нет,да,да,нет,B,2009-12-01,2010-12-01
90102,WHITE FRANGIPANI HAIR CLIP,C,Z,CZ,Кандидат на вывод: редкий хаотичный спрос,да,8.5,7.61,0.0,10,1,1,1,3.317,0.85,3635,96.04,99.99,нет,нет,нет,да,нет,C,2010-01-01,2011-06-01
44265,M/COLOUR POM-POM CURTAIN,C,Z,CZ,Вывести: продаж нет 6+ месяцев,да,8.5,25.5,0.0,2,1,1,1,3.317,4.25,3636,96.06,99.99,нет,нет,да,да,нет,C,2009-12-01,2011-02-01
21410,COUNTRY COTTAGE  DOORSTOP GREEN,C,Z,CZ,Вывести: продаж нет 6+ месяцев,да,8.47,1449.81,0.0,1,1,0,1,3.317,8.47,3637,96.09,99.99,нет,нет,да,нет,нет,B,2009-12-01,2010-12-01
72803B,OCEAN SCENT CANDLE JEWELLED DRAWER,C,Z,CZ,Вывести: продаж нет 6+ месяцев,да,8.47,403.63,0.0,1,1,0,1,3.317,8.47,3638,96.12,99.99,нет,нет,да,нет,да,C,2009-12-01,2010-12-01
84975,HEART SHAPED MIRROR,C,Z,CZ,Вывести: продаж нет 6+ месяцев,да,8.45,3257.95,0.0,5,2,2,1,3.317,1.69,3639,96.14,99.99,нет,нет,да,да,нет,A,2009-12-01,2010-12-01
20871,OPULENT VELVET SET/3 CANDLES,C,Z,CZ,Вывести: продаж нет 6+ месяцев,да,8.42,1967.53,0.0,2,1,0,1,3.317,4.21,3640,96.17,99.99,нет,нет,да,нет,нет,B,2009-12-01,2010-12-01
23441,HAND PAINTED HANGING EASTER EGG,C,Z,CZ,Наблюдать: новый товар,нет,8.4,0.0,0.84,20,2,2,1,3.317,0.42,3641,96.2,99.99,да,нет,нет,да,нет,не продавался,2011-11-01,2011-11-01
90214Z,"LETTER ""Z"" BLING KEY RING",C,Z,CZ,Кандидат на вывод: редкий хаотичный спрос,да,8.36,9.65,3.48,10,9,0,7,1.077,0.84,3642,96.22,99.99,нет,нет,нет,нет,да,C,2009-12-01,2011-10-01
21594,Dr. Jam's Arouzer Stress Ball,C,Z,CZ,Вывести: продаж нет 6+ месяцев,да,8.34,12.72,0.0,2,2,0,2,2.236,4.17,3643,96.25,99.99,нет,нет,да,нет,нет,C,2009-12-01,2011-01-01
23635,SET 10 CARDS CHRISTMAS HOLLY  17259,C,Z,CZ,Наблюдать: новый товар,нет,8.32,0.0,4.16,2,2,0,2,2.236,4.16,3644,96.27,99.99,да,нет,нет,нет,нет,не продавался,2011-10-01,2011-11-01
23612,SET 10 MINICARDS CUTE SNOWMAN 17071,C,Z,CZ,Наблюдать: новый товар,нет,8.3,0.0,0.0,5,2,0,2,2.676,1.66,3645,96.3,99.99,да,нет,нет,нет,нет,не продавался,2011-10-01,2011-11-01
84924F,PSYCHEDELIC METAL SIGN CALENDAR,C,Z,CZ,Кандидат на вывод: редкий хаотичный спрос,да,7.9,146.65,0.0,10,3,3,1,3.317,0.79,3646,96.33,99.99,нет,нет,нет,да,да,C,2009-12-01,2011-07-01
16244B,MAXWELL 2 TONE BLUE 60 PAGE PHOTO A,C,Z,CZ,Вывести: продаж нет 6+ месяцев,да,7.85,757.17,0.0,7,2,2,2,2.263,1.12,3647,96.35,99.99,нет,нет,да,да,нет,B,2009-12-01,2011-05-01
35607A,PINK FLUFFY CHRISTMAS DECORATION,C,Z,CZ,Вывести: продаж нет 6+ месяцев,да,7.82,110.61,0.0,26,2,1,2,3.049,0.3,3648,96.38,99.99,нет,нет,да,да,да,C,2009-12-01,2011-01-01
90042A,FRESHWATER PEARL BRACELET GOLD,C,Z,CZ,Вывести: продаж нет 6+ месяцев,да,7.65,153.14,0.0,3,2,1,2,2.38,2.55,3649,96.41,99.99,нет,нет,да,да,да,C,2009-12-01,2011-04-01
85189,HANGING BUTTERFLY  EGG,C,Z,CZ,Вывести: продаж нет 6+ месяцев,да,7.65,960.3,0.0,9,3,2,2,2.38,0.85,3650,96.43,99.99,нет,нет,да,да,нет,B,2009-12-01,2011-03-01
37379A,PINK CHERRY BLOSSOM CUP & SAUCER,C,Z,CZ,Вывести: продаж нет 6+ месяцев,да,7.5,151.7,0.0,6,1,1,1,3.317,1.25,3651,96.46,99.99,нет,нет,да,да,нет,C,2009-12-01,2011-01-01
90068,"RUBY GLASS NECKLACE 42""",C,Z,CZ,Вывести: продаж нет 6+ месяцев,да,7.5,7.5,0.0,1,1,0,1,3.317,7.5,3652,96.49,99.99,нет,нет,да,нет,нет,C,2010-09-01,2011-03-01
90025A,BAROQUE BUTTERFLY EARRINGS BLACK,C,Z,CZ,Кандидат на вывод: редкий хаотичный спрос,да,7.5,0.0,0.0,2,2,2,2,2.236,3.75,3653,96.51,99.99,нет,нет,нет,да,да,не продавался,2011-04-01,2011-10-01
16202E,BLACK PHOTO ALBUM,C,Z,CZ,Вывести: продаж нет 6+ месяцев,да,7.5,149.68,0.0,15,3,3,1,3.317,0.5,3654,96.54,99.99,нет,нет,да,да,да,C,2009-12-01,2011-04-01
21827,EIGHT PIECE CREEPY CRAWLIE SET,C,Z,CZ,Вывести: продаж нет 6+ месяцев,да,7.5,1061.39,0.0,6,3,3,2,2.769,1.25,3655,96.57,99.99,нет,нет,да,да,нет,B,2009-12-01,2011-03-01
84805B,BLUE CLIMBING HYDRANGA ART FLOWER,C,Z,CZ,Кандидат на вывод: редкий хаотичный спрос,да,7.5,498.9,45.0,2,1,1,1,3.317,3.75,3656,96.59,99.99,нет,нет,нет,да,да,C,2010-01-01,2011-09-01
17191A,ROSE FLOWER CANDLE+INCENSE 16X16CM,C,Z,CZ,Кандидат на вывод: редкий хаотичный спрос,да,7.5,108.75,7.5,2,1,1,1,3.317,3.75,3657,96.62,99.99,нет,нет,нет,да,нет,C,2009-12-01,2011-11-01
23654,SET 10 CARD SNOWMAN 16965,C,Z,CZ,Наблюдать: новый товар,нет,7.47,0.0,4.98,3,2,0,2,2.38,2.49,3658,96.64,99.99,да,нет,нет,нет,нет,не продавался,2011-10-01,2011-11-01
23650,SET 10 CARDS FILIGREE BAUBLE 16961,C,Z,CZ,Наблюдать: новый товар,нет,7.47,0.0,2.49,3,3,0,2,2.38,2.49,3659,96.67,99.99,да,нет,нет,нет,нет,не продавался,2011-09-01,2011-11-01
23615,SET 10 CARDS PRINTED GRAPHIC 17219,C,Z,CZ,Наблюдать: новый товар,нет,7.47,0.0,2.49,3,3,0,2,2.38,2.49,3660,96.7,99.99,да,нет,нет,нет,нет,не продавался,2011-10-01,2011-11-01
23633,SET 10 CARDS WORLD CHILDREN 17067,C,Z,CZ,Наблюдать: новый товар,нет,7.47,0.0,0.0,3,3,0,2,2.38,2.49,3661,96.72,99.99,да,нет,нет,нет,нет,не продавался,2011-10-01,2011-11-01
62097B,BLUE STRIPES SHOULDER BAG,C,Z,CZ,Вывести: продаж нет 6+ месяцев,да,7.47,5.9,0.0,9,3,2,2,2.253,0.83,3662,96.75,99.99,нет,нет,да,да,нет,C,2010-06-01,2011-05-01
90128A,PINK LEAVES AND BEADS PHONE CHARM,C,Z,CZ,Кандидат на вывод: редкий хаотичный спрос,да,7.43,38.78,0.0,3,2,0,2,2.38,2.48,3663,96.78,99.99,нет,нет,нет,нет,да,C,2010-01-01,2011-07-01
71496B,A4 WALL TIDY RED FLOWERS,C,Z,CZ,Кандидат на вывод: редкий хаотичный спрос,да,7.37,1.3,0.0,13,4,4,3,2.18,0.57,3664,96.8,99.99,нет,нет,нет,нет,да,C,2010-04-01,2011-11-01
79149B,SILICON STAR BULB  BLUE,C,Z,CZ,Кандидат на вывод: редкий хаотичный спрос,да,7.14,4.62,0.42,17,7,7,5,2.296,0.42,3665,96.83,100.0,нет,нет,нет,да,нет,C,2009-12-01,2011-11-01
10124G,ARMY CAMO BOOKCOVER TAPE,C,Z,CZ,Кандидат на вывод: редкий хаотичный спрос,да,7.14,7.14,0.0,17,4,4,4,1.425,0.42,3666,96.86,100.0,нет,нет,нет,нет,да,C,2010-05-01,2011-11-01
35443,RASTA IN BATH W SPLIFF ASHTRAY,C,Z,CZ,Кандидат на вывод: редкий хаотичный спрос,да,6.8,6.8,0.0,8,6,5,6,1.275,0.85,3667,96.88,100.0,нет,нет,нет,нет,нет,C,2009-12-01,2011-11-01
84802B,PURPLE ANEMONE ARTIFICIAL FLOWER,C,Z,CZ,Вывести: продаж нет 6+ месяцев,да,6.76,383.03,0.0,4,1,1,1,3.317,1.69,3668,96.91,100.0,нет,нет,да,да,да,C,2009-12-01,2011-03-01
62074B,ELEPHANT CLIP W SUCTION CUP,C,Z,CZ,Кандидат на вывод: редкий хаотичный спрос,да,6.72,9.24,0.0,16,4,4,4,2.084,0.42,3669,96.94,100.0,нет,нет,нет,да,нет,C,2009-12-01,2011-07-01
10124A,SPOTS ON RED BOOKCOVER TAPE,C,Z,CZ,Кандидат на вывод: редкий хаотичный спрос,да,6.72,17.64,0.0,16,5,5,4,1.447,0.42,3670,96.96,100.0,нет,нет,нет,нет,да,C,2010-03-01,2011-11-01
21186,WHITE DOVE HONEYCOMB PAPER GARLAND,C,Z,CZ,Вывести: продаж нет 6+ месяцев,да,6.72,8525.45,0.0,2,1,0,1,3.317,3.36,3671,96.99,100.0,нет,нет,да,нет,нет,A,2009-12-01,2010-12-01
35833G,4 GOLD FLOCK CHRISTMAS BALLS,C,Z,CZ,Вывести: продаж нет 6+ месяцев,да,6.72,213.94,0.0,2,1,0,1,3.317,3.36,3672,97.01,100.0,нет,нет,да,нет,да,C,2009-12-01,2010-12-01
23604,SET 10 MINI SANTA & SNOWMAN  17087,C,Z,CZ,Наблюдать: новый товар,нет,6.64,0.0,0.0,4,2,0,1,3.317,1.66,3673,97.04,100.0,да,нет,нет,нет,нет,не продавался,2011-10-01,2011-10-01
37491B,BLUE/YELLOW CERAMIC CANDLE HOLDER,C,Z,CZ,Кандидат на вывод: редкий хаотичный спрос,да,6.6,23.48,0.0,4,1,1,1,3.317,1.65,3674,97.07,100.0,нет,нет,нет,да,да,C,2010-01-01,2011-07-01
20678,LARGE BLACK DIAMANTE HAIRSLIDE,C,Z,CZ,Наблюдать: новый товар,нет,6.6,0.0,0.0,4,1,1,1,3.317,1.65,3675,97.09,100.0,да,нет,нет,да,нет,не продавался,2011-09-01,2011-09-01
90126C,AMBER BERTIE MOBILE PHONE CHARM,C,Z,CZ,Кандидат на вывод: редкий хаотичный спрос,да,6.58,35.52,0.0,2,1,0,1,3.317,3.29,3676,97.12,100.0,нет,нет,нет,нет,да,C,2009-12-01,2011-07-01
85224,ASSORTED COLOUR SILK GLASSES CASE,C,Z,CZ,Вывести: продаж нет 6+ месяцев,да,6.3,1114.66,0.0,3,1,1,1,3.317,2.1,3677,97.15,100.0,нет,нет,да,да,нет,B,2009-12-01,2011-03-01
44089A,PINK GAUZE BUTTERFLY LAMPSHADE,C,Z,CZ,Кандидат на вывод: редкий хаотичный спрос,да,6.3,10.5,0.0,15,4,4,4,1.88,0.42,3678,97.17,100.0,нет,нет,нет,да,да,C,2010-02-01,2011-11-01
21228,"POCKET MIRROR ""GLAMOROUS""",C,Z,CZ,Вывести: продаж нет 6+ месяцев,да,6.25,116.32,0.0,5,2,2,2,2.676,1.25,3679,97.2,100.0,нет,нет,да,да,нет,C,2009-12-01,2011-03-01
35591T,TURQUOISE CHRISTMAS TREE,C,Z,CZ,Кандидат на вывод: редкий хаотичный спрос,да,6.25,15.0,0.0,5,4,4,3,2.069,1.25,3680,97.23,100.0,нет,нет,нет,нет,нет,C,2010-09-01,2011-11-01
23610,SET 10 CARDS CHRISTMAS ROBIN 17095,C,Z,CZ,Наблюдать: новый товар,нет,6.24,0.0,0.0,3,3,0,2,2.38,2.08,3681,97.25,100.0,да,нет,нет,нет,нет,не продавался,2011-09-01,2011-11-01
90152C,BLUE/NAT SHELL NECKLACE W PENDANT,C,Z,CZ,Вывести: продаж нет 6+ месяцев,да,5.95,35.7,0.0,1,1,1,1,3.317,5.95,3682,97.28,100.0,нет,нет,да,да,да,C,2010-04-01,2011-02-01
90060B,FIRE POLISHED GLASS NECKL GOLD,C,Z,CZ,Вывести: продаж нет 6+ месяцев,да,5.95,29.75,0.0,1,1,1,1,3.317,5.95,3683,97.31,100.0,нет,нет,да,да,да,C,2009-12-01,2010-12-01
84499,BLACK FLOWER CANDLE PLATE,C,Z,CZ,Вывести: продаж нет 6+ месяцев,да,5.95,266.22,0.0,7,2,2,2,2.839,0.85,3684,97.33,100.0,нет,нет,да,да,нет,C,2009-12-01,2011-01-01
79161A,ST GEORGE SET OF 10 PARTY LIGHTS,C,Z,CZ,Кандидат на вывод: редкий хаотичный спрос,да,5.9,144.55,0.0,2,2,2,1,3.317,2.95,3685,97.36,100.0,нет,нет,нет,да,нет,C,2010-03-01,2011-11-01
35598C,WHITE CHRISTMAS TREE 60CM,C,Z,CZ,Кандидат на вывод: редкий хаотичный спрос,да,5.9,2.95,0.0,2,2,2,1,3.317,2.95,3686,97.38,100.0,нет,нет,нет,да,да,C,2009-12-01,2011-11-01
23652,SET 10 CARD CHRISTMAS STAMPS 16963,C,Z,CZ,Наблюдать: новый товар,нет,5.82,0.0,0.0,2,1,0,1,3.317,2.91,3687,97.41,100.0,да,нет,нет,нет,нет,не продавался,2011-11-01,2011-11-01
23617,SET 10 CARDS SWIRLY XMAS TREE 17104,C,Z,CZ,Наблюдать: новый товар,нет,5.82,0.0,0.0,2,1,0,1,3.317,2.91,3688,97.44,100.0,да,нет,нет,нет,нет,не продавался,2011-11-01,2011-11-01
90179B,PURPLE FINE BEAD NECKLACE W TASSEL,C,Z,CZ,Кандидат на вывод: редкий хаотичный спрос,да,5.82,47.72,11.77,1,1,0,1,3.317,5.82,3689,97.46,100.0,нет,нет,нет,нет,да,C,2009-12-01,2011-11-01
23638,SET 10 CARDS ROBIN WATERPUMP  17096,C,Z,CZ,Наблюдать: новый товар,нет,5.82,0.0,0.0,2,2,0,2,2.236,2.91,3690,97.49,100.0,да,нет,нет,нет,нет,не продавался,2011-09-01,2011-11-01
90067B,BROWN VINTAGE VICTORIAN EARRINGS,C,Z,CZ,Кандидат на вывод: редкий хаотичный спрос,да,5.8,41.32,0.0,2,2,0,1,3.317,2.9,3691,97.52,100.0,нет,нет,нет,нет,да,C,2009-12-01,2011-07-01
90011C,GREEN CRYSTAL DROP EARRINGS,C,Z,CZ,Кандидат на вывод: редкий хаотичный спрос,да,5.8,29.53,0.0,2,2,0,2,2.236,2.9,3692,97.54,100.0,нет,нет,нет,нет,да,C,2009-12-01,2011-11-01
35004P,SET OF 3 PINK FLYING DUCKS,C,Z,CZ,Вывести: продаж нет 6+ месяцев,да,5.45,646.24,0.0,1,1,1,1,3.317,5.45,3693,97.57,100.0,нет,нет,да,да,да,C,2009-12-01,2010-12-01
21839,MUMMY MOUSE RED GINGHAM RIBBON,C,Z,CZ,Вывести: продаж нет 6+ месяцев,да,5.45,1069.24,0.0,1,1,1,1,3.317,5.45,3694,97.6,100.0,нет,нет,да,да,нет,B,2009-12-01,2011-03-01
90214Y,"LETTER ""Y"" BLING KEY RING",C,Z,CZ,Кандидат на вывод: редкий хаотичный спрос,да,5.44,2.5,17.4,6,6,1,5,1.291,0.91,3695,97.62,100.0,нет,нет,нет,нет,да,C,2010-11-01,2011-10-01
81953P,ROUND ARTICULATED PINK CLOCK W/SUCK,C,Z,CZ,Кандидат на вывод: редкий хаотичный спрос,да,5.32,4.25,0.0,28,3,2,1,3.317,0.19,3696,97.65,100.0,нет,нет,нет,да,да,C,2010-02-01,2011-07-01
20964,POLYESTER FILLER PAD 60x40cm,C,Z,CZ,Вывести: продаж нет 6+ месяцев,да,5.1,45.9,0.0,2,1,1,1,3.317,2.55,3697,97.68,100.0,нет,нет,да,да,нет,C,2009-12-01,2011-05-01
37509,NEW ENGLAND MUG W GIFT BOX,C,Z,CZ,Вывести: продаж нет 6+ месяцев,да,5.1,66.3,0.0,2,2,2,1,3.317,2.55,3698,97.7,100.0,нет,нет,да,да,нет,C,2010-03-01,2010-12-01
90142A,GREEN PENDANT SHELL NECKLACE,C,Z,CZ,Вывести: продаж нет 6+ месяцев,да,5.09,20.36,0.0,1,1,0,1,3.317,5.09,3699,97.73,100.0,нет,нет,да,нет,да,C,2010-06-01,2010-12-01
84803A,PINK ALLIUM  ARTIFICIAL FLOWER,C,Z,CZ,Вывести: продаж нет 6+ месяцев,да,5.07,179.14,0.0,3,1,0,1,3.317,1.69,3700,97.75,100.0,нет,нет,да,нет,да,C,2010-01-01,2011-02-01
22034,ROBIN CHRISTMAS CARD,C,Z,CZ,Кандидат на вывод: редкий хаотичный спрос,да,5.02,658.39,0.0,10,4,1,2,2.676,0.5,3701,97.78,100.0,нет,нет,нет,нет,нет,C,2009-12-01,2011-11-01
23649,SET 10 CARDS DECK THE HALLS 16960,C,Z,CZ,Наблюдать: новый товар,нет,4.98,0.0,0.0,2,2,0,1,3.317,2.49,3702,97.81,100.0,да,нет,нет,нет,нет,не продавался,2011-11-01,2011-11-01
23621,SET 10 CARDS DAVID'S MADONNA 17074,C,Z,CZ,Наблюдать: новый товар,нет,4.98,0.0,9.96,2,2,0,1,3.317,2.49,3703,97.83,100.0,да,нет,нет,нет,нет,не продавался,2011-11-01,2011-11-01
90135A,ORANGE/FUSCHIA STONES NECKLACE,C,Z,CZ,Вывести: продаж нет 6+ месяцев,да,4.98,49.64,0.0,1,1,0,1,3.317,4.98,3704,97.86,100.0,нет,нет,да,нет,да,C,2010-03-01,2011-04-01
90128C,GREEN LEAVES AND BEADS PHONE CHARM,C,Z,CZ,Кандидат на вывод: редкий хаотичный спрос,да,4.97,20.07,0.0,2,2,0,2,2.236,2.48,3705,97.89,100.0,нет,нет,нет,нет,да,C,2009-12-01,2011-09-01
90128D,PURPLE LEAVES AND BEADS PHONE CHAR,C,Z,CZ,Вывести: продаж нет 6+ месяцев,да,4.97,16.27,0.0,2,2,0,2,2.236,2.48,3706,97.91,100.0,нет,нет,да,нет,да,C,2010-02-01,2011-02-01
90081B,LILY BROOCH WHITE/SILVER COLOUR,C,Z,CZ,Вывести: продаж нет 6+ месяцев,да,4.95,29.7,0.0,1,1,0,1,3.317,4.95,3707,97.94,100.0,нет,нет,да,нет,да,C,2010-10-01,2011-05-01
35650,VINTAGE BEAD PINK JEWEL STAND,C,Z,CZ,Кандидат на вывод: редкий хаотичный спрос,да,4.95,9.9,0.0,1,1,1,1,3.317,4.95,3708,97.97,100.0,нет,нет,нет,да,нет,C,2010-06-01,2011-08-01
85031B,BLOSSOM IMAGES SCRAP BOOK SET,C,Z,CZ,Вывести: продаж нет 6+ месяцев,да,4.95,891.14,0.0,1,1,1,1,3.317,4.95,3709,97.99,100.0,нет,нет,да,да,да,B,2009-12-01,2010-12-01
90127A,PINK BEADS+HAND PHONE CHARM,C,Z,CZ,Кандидат на вывод: редкий хаотичный спрос,да,4.92,15.0,0.0,2,1,0,1,3.317,2.46,3710,98.02,100.0,нет,нет,нет,нет,нет,C,2010-11-01,2011-07-01
84971L,LARGE HEART FLOWERS HOOK,C,Z,CZ,Кандидат на вывод: редкий хаотичный спрос,да,4.92,693.51,0.0,2,1,0,1,3.317,2.46,3711,98.04,100.0,нет,нет,нет,нет,да,B,2009-12-01,2011-11-01
84613C,BLUE NEW BAROQUE FLOCK CANDLESTICK,C,Z,CZ,Вывести: продаж нет 6+ месяцев,да,4.65,253.41,0.0,1,1,1,1,3.317,4.65,3712,98.07,100.0,нет,нет,да,да,да,C,2010-03-01,2010-12-01
71215,METAL BASE FOR CANDLES,C,Z,CZ,Вывести: продаж нет 6+ месяцев,да,4.62,63.48,0.0,11,2,2,2,3.003,0.42,3713,98.1,100.0,нет,нет,да,да,нет,C,2009-12-01,2011-05-01
79151B,"SILICON CUBE 25W, BLUE",C,Z,CZ,Кандидат на вывод: редкий хаотичный спрос,да,4.62,0.0,0.0,11,2,2,2,3.003,0.42,3714,98.12,100.0,нет,нет,нет,да,нет,не продавался,2010-12-01,2011-11-01
84206A,3 BLACK CATS W HEARTS BLANK CARD,C,Z,CZ,Кандидат на вывод: редкий хаотичный спрос,да,4.56,10.45,0.0,24,3,3,2,2.55,0.19,3715,98.15,100.0,нет,нет,нет,да,да,C,2009-12-01,2011-11-01
84732D,CUTE RABBIT CEATURE SCREEN,C,Z,CZ,Кандидат на вывод: редкий хаотичный спрос,да,4.29,6.6,0.0,11,2,2,2,2.726,0.39,3716,98.18,100.0,нет,нет,нет,да,да,C,2009-12-01,2011-08-01
79157V,UBO-LIGHT TRIOBASE PURPLE,C,Z,CZ,Наблюдать: новый товар,нет,4.25,0.0,0.0,5,3,3,2,2.289,0.85,3717,98.2,100.0,да,нет,нет,нет,да,не продавался,2011-10-01,2011-11-01
22218,CAKE STAND LACE WHITE,C,Z,CZ,Вывести: продаж нет 6+ месяцев,да,4.25,5245.91,0.0,1,1,1,1,3.317,4.25,3718,98.23,100.0,нет,нет,да,да,нет,A,2009-12-01,2010-12-01
47016,LIGHT DECORATION BATTERY OPERATED,C,Z,CZ,Кандидат на вывод: редкий хаотичный спрос,да,4.2,60.9,0.0,2,1,1,1,3.317,2.1,3719,98.26,100.0,нет,нет,нет,да,нет,C,2009-12-01,2011-11-01
20861,GOLD COSMETIC BAG PINK STAR,C,Z,CZ,Вывести: продаж нет 6+ месяцев,да,4.2,92.4,0.0,2,2,2,1,3.317,2.1,3720,98.28,100.0,нет,нет,да,да,нет,C,2009-12-01,2010-12-01
22206,"MUG , DOTCOMGIFTSHOP.COM",C,Z,CZ,Кандидат на вывод: редкий хаотичный спрос,да,4.17,7.65,0.0,5,5,0,5,1.183,0.83,3721,98.31,100.0,нет,нет,нет,нет,нет,C,2010-06-01,2011-11-01
17174,ASSTD RASTA KEY-CHAINS,C,Z,CZ,Кандидат на вывод: редкий хаотичный спрос,да,3.78,11.34,0.0,9,3,3,2,2.938,0.42,3722,98.34,100.0,нет,нет,нет,да,нет,C,2010-02-01,2011-11-01
44091A,BLUE CRUSOE CHECK LAMPSHADE,C,Z,CZ,Кандидат на вывод: редкий хаотичный спрос,да,3.78,3.78,0.0,9,3,3,2,2.938,0.42,3723,98.36,100.0,нет,нет,нет,да,нет,C,2010-03-01,2011-07-01
90128B,BLUE LEAVES AND BEADS PHONE CHARM,C,Z,CZ,Вывести: продаж нет 6+ месяцев,да,3.76,20.0,0.0,2,2,1,1,3.317,1.88,3724,98.39,100.0,нет,нет,да,нет,да,C,2010-01-01,2010-12-01
79192A,RETRO PLASTIC 70'S TRAY,C,Z,CZ,Вывести: продаж нет 6+ месяцев,да,3.75,148.89,0.0,3,2,2,2,2.38,1.25,3725,98.41,100.0,нет,нет,да,да,нет,C,2009-12-01,2011-02-01
37464,ROBOT MUG IN DISPLAY BOX,C,Z,CZ,Вывести: продаж нет 6+ месяцев,да,3.75,427.43,0.0,3,2,2,1,3.317,1.25,3726,98.44,100.0,нет,нет,да,да,нет,C,2009-12-01,2010-12-01
90025E,BAROQUE BUTTERFLY EARRINGS MONTANA,C,Z,CZ,Кандидат на вывод: редкий хаотичный спрос,да,3.73,22.77,0.0,1,1,0,1,3.317,3.73,3727,98.47,100.0,нет,нет,нет,нет,да,C,2009-12-01,2011-06-01
90025B,BAROQUE BUTTERFLY EARRINGS RED,C,Z,CZ,Вывести: продаж нет 6+ месяцев,да,3.73,7.56,0.0,1,1,0,1,3.317,3.73,3728,98.49,100.0,нет,нет,да,нет,да,C,2010-03-01,2011-04-01
35271S,GOLD PRINT PAPER BAG,C,Z,CZ,Вывести: продаж нет 6+ месяцев,да,3.61,82.36,0.0,19,2,2,1,3.317,0.19,3729,98.52,100.0,нет,нет,да,да,нет,C,2009-12-01,2010-12-01
16010,FOLDING CAMPING SCISSOR W/KNIF & S,C,Z,CZ,Вывести: продаж нет 6+ месяцев,да,3.6,0.24,0.0,30,3,3,3,1.822,0.12,3730,98.55,100.0,нет,нет,да,нет,нет,C,2010-01-01,2011-03-01
84270,ASSTD DESIGN BUBBLE GUM RING,C,Z,CZ,Вывести: продаж нет 6+ месяцев,да,3.57,4546.23,0.0,17,4,0,1,3.317,0.21,3731,98.57,100.0,нет,нет,да,нет,нет,A,2009-12-01,2010-12-01
16202A,PASTEL PINK PHOTO ALBUM,C,Z,CZ,Вывести: продаж нет 6+ месяцев,да,3.5,189.15,0.0,7,2,2,2,2.263,0.5,3732,98.6,100.0,нет,нет,да,да,да,C,2009-12-01,2011-04-01
84802A,WHITE ANEMONE ARTIFICIAL FLOWER,C,Z,CZ,Вывести: продаж нет 6+ месяцев,да,3.38,309.27,0.0,2,1,1,1,3.317,1.69,3733,98.63,100.0,нет,нет,да,да,да,C,2009-12-01,2010-12-01
85119,WATERING CAN SINGLE HOOK PISTACHIO,C,Z,CZ,Вывести: продаж нет 6+ месяцев,да,3.36,537.08,0.0,1,1,0,1,3.317,3.36,3734,98.65,100.0,нет,нет,да,нет,нет,C,2009-12-01,2010-12-01
90126A,PINK BERTIE MOBILE PHONE CHARM,C,Z,CZ,Вывести: продаж нет 6+ месяцев,да,3.36,33.78,0.0,1,1,0,1,3.317,3.36,3735,98.68,100.0,нет,нет,да,нет,да,C,2009-12-01,2010-12-01
22528,GARDENERS KNEELING PAD,C,Z,CZ,Вывести: продаж нет 6+ месяцев,да,3.36,7567.55,0.0,1,1,0,1,3.317,3.36,3736,98.71,100.0,нет,нет,да,нет,нет,A,2010-03-01,2010-12-01
21160,KEEP OUT GIRLS DOOR HANGER,C,Z,CZ,Вывести: продаж нет 6+ месяцев,да,3.36,526.77,0.0,1,1,0,1,3.317,3.36,3737,98.73,100.0,нет,нет,да,нет,нет,C,2009-12-01,2010-12-01
90214W,"LETTER ""W"" BLING KEY RING",C,Z,CZ,Кандидат на вывод: редкий хаотичный спрос,да,3.34,3.35,3.48,4,4,0,4,1.414,0.84,3738,98.76,100.0,нет,нет,нет,нет,да,C,2010-06-01,2011-07-01
23643,SET 10 CARDS CHRISTMAS BAUBLE 16954,C,Z,CZ,Наблюдать: новый товар,нет,3.33,0.0,0.0,1,1,0,1,3.317,3.33,3739,98.78,100.0,да,нет,нет,нет,нет,не продавался,2011-10-01,2011-10-01
90187A,BLUE DROP EARRINGS W BEAD CLUSTER,C,Z,CZ,Вывести: продаж нет 6+ месяцев,да,3.32,23.72,0.0,1,1,0,1,3.317,3.32,3740,98.81,100.0,нет,нет,да,нет,да,C,2009-12-01,2011-02-01
10123C,HEARTS WRAPPING TAPE,C,Z,CZ,Вывести: продаж нет 6+ месяцев,да,3.25,242.52,0.0,5,3,3,2,2.676,0.65,3741,98.84,100.0,нет,нет,да,да,нет,C,2009-12-01,2011-03-01
47013A,WINE BOTTLE DRESSING LT.BLUE,C,Z,CZ,Вывести: продаж нет 6+ месяцев,да,3.04,36.83,0.0,14,4,4,2,2.263,0.22,3742,98.86,100.0,нет,нет,да,да,да,C,2009-12-01,2011-04-01
23609,SET 10 CARDS SNOWY ROBIN 17099,C,Z,CZ,Наблюдать: новый товар,нет,2.91,0.0,0.0,1,1,0,1,3.317,2.91,3743,98.89,100.0,да,нет,нет,нет,нет,не продавался,2011-11-01,2011-11-01
23628,SET 10 CARDS TRIANGLE ICONS  17220,C,Z,CZ,Наблюдать: новый товар,нет,2.91,0.0,0.0,1,1,0,1,3.317,2.91,3744,98.92,100.0,да,нет,нет,нет,нет,не продавался,2011-10-01,2011-10-01
23602,SET 10 CARDS 3 WISE MEN 17107,C,Z,CZ,Наблюдать: новый товар,нет,2.91,0.0,0.0,1,1,0,1,3.317,2.91,3745,98.94,100.0,да,нет,нет,нет,нет,не продавался,2011-11-01,2011-11-01
79157B,UBO-LIGHT TRIOBASE BLUE,C,Z,CZ,Кандидат на вывод: редкий хаотичный спрос,да,2.55,0.85,0.85,3,1,1,1,3.317,0.85,3746,98.97,100.0,нет,нет,нет,да,да,C,2010-02-01,2011-10-01
90100,NECKLACE+BRACELET SET PINK DAISY,C,Z,CZ,Вывести: продаж нет 6+ месяцев,да,2.55,73.95,0.0,1,1,1,1,3.317,2.55,3747,99.0,100.0,нет,нет,да,да,нет,C,2009-12-01,2011-02-01
17028J,INCENSE BAZAAR PEACH,C,Z,CZ,Вывести: продаж нет 6+ месяцев,да,2.52,0.0,0.0,6,1,1,1,3.317,0.42,3748,99.02,100.0,нет,нет,да,да,нет,не продавался,2011-01-01,2011-01-01
35609A,PINK FEATHER CHRISTMAS DECORATION,C,Z,CZ,Вывести: продаж нет 6+ месяцев,да,2.51,130.72,0.0,1,1,0,1,3.317,2.51,3749,99.05,100.0,нет,нет,да,нет,нет,C,2009-12-01,2010-12-01
90214O,"LETTER ""O"" BLING KEY RING",C,Z,CZ,Кандидат на вывод: редкий хаотичный спрос,да,2.51,24.6,4.31,3,3,0,3,1.732,0.84,3750,99.08,100.0,нет,нет,нет,нет,да,C,2009-12-01,2011-10-01
62096B,PURPLE/TURQ FLOWERS HANDBAG,C,Z,CZ,Вывести: продаж нет 6+ месяцев,да,2.5,439.49,0.0,2,1,1,1,3.317,1.25,3751,99.1,100.0,нет,нет,да,да,да,C,2009-12-01,2011-03-01
23630,SET 10 CARDS HANGING BAUBLES 17080,C,Z,CZ,Наблюдать: новый товар,нет,2.49,0.0,0.0,1,1,0,1,3.317,2.49,3752,99.13,100.0,да,нет,нет,нет,нет,не продавался,2011-11-01,2011-11-01
90037A,TINY CRYSTAL BRACELET RED,C,Z,CZ,Вывести: продаж нет 6+ месяцев,да,2.48,63.83,0.0,1,1,0,1,3.317,2.48,3753,99.15,100.0,нет,нет,да,нет,да,C,2009-12-01,2011-01-01
84201B,HAPPY BIRTHDAY CARD STRIPEY TEDDY,C,Z,CZ,Кандидат на вывод: редкий хаотичный спрос,да,2.47,4.94,0.0,13,2,2,2,3.049,0.19,3754,99.18,100.0,нет,нет,нет,да,да,C,2009-12-01,2011-11-01
37330,SPOTS MUG,C,Z,CZ,Вывести: продаж нет 6+ месяцев,да,2.34,925.12,0.0,6,1,1,1,3.317,0.39,3755,99.21,100.0,нет,нет,да,да,нет,B,2010-01-01,2011-03-01
46115B,GREEN POP ART MAO CUSHION COVER,C,Z,CZ,Вывести: продаж нет 6+ месяцев,да,2.28,52.06,0.0,12,2,1,2,2.236,0.19,3756,99.23,100.0,нет,нет,да,да,нет,C,2010-05-01,2011-03-01
77079,DOLPHIN WINDMILL,C,Z,CZ,Кандидат на вывод: редкий хаотичный спрос,да,2.12,133.56,0.0,1,1,1,1,3.317,2.12,3757,99.26,100.0,нет,нет,нет,да,нет,C,2010-03-01,2011-06-01
85170A,SET/6 IVORY BIRD T-LIGHT CANDLES,C,Z,CZ,Вывести: продаж нет 6+ месяцев,да,2.1,1582.96,0.0,1,1,1,1,3.317,2.1,3758,99.29,100.0,нет,нет,да,да,да,B,2009-12-01,2010-12-01
21414,SCALLOP SHELL SOAP DISH,C,Z,CZ,Вывести: продаж нет 6+ месяцев,да,2.1,868.79,0.0,1,1,1,1,3.317,2.1,3759,99.31,100.0,нет,нет,да,да,нет,B,2009-12-01,2011-02-01
90112,PINK DOLLY HAIR CLIPS,C,Z,CZ,Вывести: продаж нет 6+ месяцев,да,2.1,89.15,0.0,2,1,0,1,3.317,1.05,3760,99.34,100.0,нет,нет,да,нет,нет,C,2009-12-01,2010-12-01
20860,GOLD COSMETICS BAG WITH BUTTERFLY,C,Z,CZ,Вывести: продаж нет 6+ месяцев,да,2.1,39.9,0.0,1,1,0,1,3.317,2.1,3761,99.37,100.0,нет,нет,да,нет,нет,C,2010-04-01,2010-12-01
47579,TEA TIME BREAKFAST BASKET,C,Z,CZ,Вывести: продаж нет 6+ месяцев,да,2.1,418.77,0.0,1,1,1,1,3.317,2.1,3762,99.39,100.0,нет,нет,да,да,нет,C,2009-12-01,2010-12-01
81953B,ROUND BLUE CLOCK WITH SUCKER,C,Z,CZ,Кандидат на вывод: редкий хаотичный спрос,да,2.09,2.55,0.0,11,3,2,1,3.317,0.19,3763,99.42,100.0,нет,нет,нет,да,да,C,2010-05-01,2011-07-01
84731,3 BIRDS CANVAS SCREEN,C,Z,CZ,Кандидат на вывод: редкий хаотичный спрос,да,2.04,1.65,0.0,2,2,2,2,2.236,1.02,3764,99.45,100.0,нет,нет,нет,да,нет,C,2010-04-01,2011-07-01
22146,EASTER CRAFT IVY WREATH WITH CHICK,C,Z,CZ,Вывести: продаж нет 6+ месяцев,да,1.95,2565.18,0.0,1,1,1,1,3.317,1.95,3765,99.47,100.0,нет,нет,да,да,нет,A,2009-12-01,2011-01-01
22323,PINK POLKADOT KIDS BAG,C,Z,CZ,Вывести: продаж нет 6+ месяцев,да,1.95,1681.36,0.0,1,1,1,1,3.317,1.95,3766,99.5,100.0,нет,нет,да,да,нет,B,2009-12-01,2011-01-01
21491,SET OF THREE VINTAGE GIFT WRAPS,C,Z,CZ,Вывести: продаж нет 6+ месяцев,да,1.95,5271.46,0.0,1,1,0,1,3.317,1.95,3767,99.52,100.0,нет,нет,да,нет,нет,A,2009-12-01,2010-12-01
90092,BLUE CRYSTAL BOOT PHONE CHARM,C,Z,CZ,Вывести: продаж нет 6+ месяцев,да,1.66,62.9,0.0,1,1,0,1,3.317,1.66,3768,99.55,100.0,нет,нет,да,нет,нет,C,2009-12-01,2011-01-01
84550,CROCHET LILAC/RED BEAR KEYRING,C,Z,CZ,Кандидат на вывод: редкий хаотичный спрос,да,1.65,23.1,0.0,1,1,1,1,3.317,1.65,3769,99.58,100.0,нет,нет,нет,да,нет,C,2009-12-01,2011-11-01
23664,FLOWER SHOP DESIGN MUG,C,Z,CZ,Наблюдать: новый товар,нет,1.65,0.0,0.0,1,1,1,1,3.317,1.65,3770,99.6,100.0,да,нет,нет,да,нет,не продавался,2011-11-01,2011-11-01
84206C,CHAMPAGNE TRAY BLANK CARD,C,Z,CZ,Кандидат на вывод: редкий хаотичный спрос,да,1.52,0.38,0.0,8,2,2,2,2.318,0.19,3771,99.63,100.0,нет,нет,нет,да,да,C,2009-12-01,2011-11-01
85225,BLING KEY RING STAND,C,Z,CZ,Вывести: продаж нет 6+ месяцев,да,1.25,16.25,5.0,1,1,1,1,3.317,1.25,3772,99.66,100.0,нет,нет,да,да,нет,C,2009-12-01,2011-04-01
21009,ETCHED GLASS STAR TREE DECORATION,C,Z,CZ,Вывести: продаж нет 6+ месяцев,да,1.25,1478.74,0.0,1,1,0,1,3.317,1.25,3773,99.68,100.0,нет,нет,да,нет,нет,B,2009-12-01,2010-12-01
84569C,PACK 4 FLOWER/BUTTERFLY PATCHES,C,Z,CZ,Вывести: продаж нет 6+ месяцев,да,1.25,567.43,0.0,1,1,1,1,3.317,1.25,3774,99.71,100.0,нет,нет,да,да,да,C,2009-12-01,2011-03-01
37461,FUNKY MONKEY MUG,C,Z,CZ,Вывести: продаж нет 6+ месяцев,да,1.25,776.14,0.0,1,1,1,1,3.317,1.25,3775,99.74,100.0,нет,нет,да,да,нет,B,2009-12-01,2010-12-01
35597B,BLACKCHRISTMAS TREE 30CM,C,Z,CZ,Вывести: продаж нет 6+ месяцев,да,1.25,222.85,0.0,1,1,1,1,3.317,1.25,3776,99.76,100.0,нет,нет,да,да,да,C,2009-12-01,2010-12-01
35597A,DUSTY PINK CHRISTMAS TREE 30CM,C,Z,CZ,Вывести: продаж нет 6+ месяцев,да,1.25,11.25,0.0,1,1,1,1,3.317,1.25,3777,99.79,100.0,нет,нет,да,да,да,C,2010-09-01,2010-12-01
84977,WIRE FLOWER T-LIGHT HOLDER,C,Z,CZ,Вывести: продаж нет 6+ месяцев,да,1.25,280.08,0.0,1,1,0,1,3.317,1.25,3778,99.82,100.0,нет,нет,да,нет,нет,C,2009-12-01,2011-03-01
84743C,ORANGE FELT VASE + FLOWERS,C,Z,CZ,Вывести: продаж нет 6+ месяцев,да,1.25,10.0,0.0,1,1,1,1,3.317,1.25,3779,99.84,100.0,нет,нет,да,да,нет,C,2010-03-01,2011-03-01
84990,60 GOLD AND SILVER FAIRY CAKE CASES,C,Z,CZ,Вывести: продаж нет 6+ месяцев,да,1.1,2047.89,0.0,2,2,2,2,2.236,0.55,3780,99.87,100.0,нет,нет,да,да,нет,B,2009-12-01,2011-05-01
84201C,HAPPY BIRTHDAY CARD TEDDY/CAKE,C,Z,CZ,Кандидат на вывод: редкий хаотичный спрос,да,0.95,0.95,0.0,5,1,1,1,3.317,0.19,3781,99.89,100.0,нет,нет,нет,да,да,C,2010-08-01,2011-08-01
84206B,CAT W SUNGLASSES BLANK CARD,C,Z,CZ,Кандидат на вывод: редкий хаотичный спрос,да,0.95,0.76,0.0,5,1,1,1,3.317,0.19,3782,99.92,100.0,нет,нет,нет,да,да,C,2010-08-01,2011-11-01
90084,PINK CRYSTAL GUITAR PHONE CHARM,C,Z,CZ,Вывести: продаж нет 6+ месяцев,да,0.85,43.35,0.0,1,1,1,1,3.317,0.85,3783,99.95,100.0,нет,нет,да,да,нет,C,2009-12-01,2011-03-01
21268,VINTAGE BLUE TINSEL REEL,C,Z,CZ,Вывести: продаж нет 6+ месяцев,да,0.84,260.82,0.0,2,1,1,1,3.317,0.42,3784,99.97,100.0,нет,нет,да,да,нет,C,2009-12-01,2010-12-01
84227,HEN HOUSE W CHICK IN NEST,C,Z,CZ,Вывести: продаж нет 6+ месяцев,да,0.42,46.62,0.0,1,1,1,1,3.317,0.42,3785,100.0,100.0,нет,нет,да,да,нет,C,2010-02-01,2011-03-01
